Year,Data Type,Col_0,Col_1,Col_2,Col_3,Col_4,Col_5,Col_6,Col_7,Col_8,Col_9,Col_10,Col_11,Col_12,Col_13,Col_14,Col_15
1995,First Unit of Quantity,0106001000,China,1995,number,0,0,0,"1,695",0,0,580,0,0,0,950,0
1995,First Unit of Quantity,0106005010,China,1995,number,100,100,320,0,220,320,100,220,220,120,420,0
1995,First Unit of Quantity,0106005080,China,1995,no units collected,0,0,0,0,0,0,0,0,0,0,0,0
1995,First Unit of Quantity,0208100000,China,1995,kilograms,0,"18,500",0,"19,000","21,349",0,"41,000","19,000",0,"19,000","19,000","38,660"
1995,First Unit of Quantity,0208200000,China,1995,kilograms,"4,217",0,0,0,0,0,0,0,0,"38,102","56,350","18,507"
1995,First Unit of Quantity,0208902000,China,1995,kilograms,"3,479",0,0,0,0,0,"2,909",0,0,0,0,0
1995,First Unit of Quantity,0208903000,China,1995,kilograms,0,0,0,0,0,"5,010",0,0,0,0,0,0
1995,First Unit of Quantity,0301100000,China,1995,no units collected,0,0,0,0,0,0,0,0,0,0,0,0
1995,First Unit of Quantity,0301990000,China,1995,no units collected,0,0,0,0,0,0,0,0,0,0,0,0
1995,First Unit of Quantity,0302320000,China,1995,kilograms,0,"9,154",0,0,0,0,"2,148","5,114",0,"1,716",0,0
1995,First Unit of Quantity,0302692070,China,1995,kilograms,0,0,0,0,0,"5,000",0,0,0,0,0,0
1995,First Unit of Quantity,0302694096,China,1995,kilograms,"4,322",0,0,0,0,0,0,0,0,0,0,0
1995,First Unit of Quantity,0303310020,China,1995,kilograms,0,"18,040",0,0,0,0,0,0,0,0,0,0
1995,First Unit of Quantity,0303330000,China,1995,kilograms,0,0,0,0,0,0,998,0,0,0,0,0
1995,First Unit of Quantity,0303420060,China,1995,kilograms,"27,732","21,965","11,305","19,029","12,562",0,0,0,0,0,0,0
1995,First Unit of Quantity,0303490040,China,1995,kilograms,"27,414","25,636",0,"10,765","5,294",0,0,0,0,0,0,0
1995,First Unit of Quantity,0303600090,China,1995,kilograms,0,0,0,"36,284",0,0,"36,238",0,0,0,"118,750",0
1995,First Unit of Quantity,0303730000,China,1995,kilograms,0,0,0,0,0,0,"21,000",0,0,0,0,0
1995,First Unit of Quantity,0303740000,China,1995,kilograms,0,0,0,0,0,0,0,0,"4,992",0,0,0
1995,First Unit of Quantity,0303760000,China,1995,kilograms,"13,592",0,"1,335",0,"10,000",0,"14,609","10,297",0,"6,550","11,641","6,600"
1995,First Unit of Quantity,0303792024,China,1995,kilograms,"9,072","5,033","19,908","59,726",0,"39,817","43,819",0,0,0,0,0
1995,First Unit of Quantity,0303792026,China,1995,kilograms,0,0,0,0,0,"18,262","18,143","4,990","18,144","16,466",0,0
1995,First Unit of Quantity,0303792030,China,1995,kilograms,0,0,0,0,0,330,0,0,0,0,0,0
1995,First Unit of Quantity,0303792040,China,1995,kilograms,0,0,0,0,0,0,0,"45,922",0,0,0,0
1995,First Unit of Quantity,0303792080,China,1995,kilograms,0,"1,474",0,0,0,0,0,0,0,0,0,0
1995,First Unit of Quantity,0303792094,China,1995,kilograms,0,"18,656",0,0,0,"8,165",0,0,0,0,0,0
1995,First Unit of Quantity,0303792098,China,1995,kilograms,"39,084","32,004",0,"21,600","34,677","5,969","56,215","4,000","4,875",0,"26,965","2,732"
1995,First Unit of Quantity,0303794040,China,1995,kilograms,0,0,0,0,0,0,0,"4,439",0,0,0,0
1995,First Unit of Quantity,0303794075,China,1995,kilograms,0,0,0,0,0,"2,722",0,0,0,0,0,0
1995,First Unit of Quantity,0303794095,China,1995,kilograms,"205,146","77,787","121,934","71,639","71,560","72,052","117,634","69,813","115,054","60,533","112,692","96,188"
1995,First Unit of Quantity,0303804050,China,1995,kilograms,667,"1,579",0,0,0,0,"1,718",0,0,0,0,0
1995,First Unit of Quantity,0303804095,China,1995,kilograms,0,0,0,0,"2,200",0,0,0,0,0,0,"1,771"
1995,First Unit of Quantity,0304101048,China,1995,kilograms,0,"3,592","19,472",0,0,0,0,0,0,0,0,0
1995,First Unit of Quantity,0304104061,China,1995,kilograms,0,"2,020",0,0,0,0,0,0,0,0,0,0
1995,First Unit of Quantity,0304104065,China,1995,kilograms,0,0,"20,000",0,0,"40,872","40,824",0,0,0,0,0
1995,First Unit of Quantity,0304104095,China,1995,kilograms,0,0,0,0,0,0,0,0,0,0,0,"16,000"
1995,First Unit of Quantity,0304202011,China,1995,kilograms,0,"17,424",0,0,0,0,0,0,0,0,0,0
1995,First Unit of Quantity,0304202012,China,1995,kilograms,"59,874","72,149","201,570","109,181","135,736","192,825","41,643",0,"22,453","68,787","115,789","142,390"
1995,First Unit of Quantity,0304202023,China,1995,kilograms,"42,721","51,776","43,410","61,035","166,272","77,473","94,564","177,714","105,926","130,090","55,454","176,392"
1995,First Unit of Quantity,0304202025,China,1995,kilograms,"14,152",0,"25,233","53,744","20,056","2,204","19,561","56,846","43,841","40,729","27,665",0
1995,First Unit of Quantity,0304202033,China,1995,kilograms,0,0,0,0,0,0,0,0,0,0,"4,491",0
1995,First Unit of Quantity,0304202044,China,1995,kilograms,"1,008,888","1,325,600","1,004,518","1,747,387","1,403,112","1,540,820","1,901,464","1,381,368","2,374,120","1,938,430","2,232,816","2,279,498"
1995,First Unit of Quantity,0304202048,China,1995,kilograms,"363,937","482,475","253,065","217,710","531,773","562,349","644,757","648,704","711,434","822,596","812,354","1,337,013"
1995,First Unit of Quantity,0304202060,China,1995,kilograms,0,0,0,0,0,0,0,0,0,0,0,"6,586"
1995,First Unit of Quantity,0304202061,China,1995,kilograms,0,0,0,0,0,0,0,0,0,0,"18,160","55,520"
1995,First Unit of Quantity,0304202066,China,1995,kilograms,0,"11,975",0,"47,601",0,0,"18,861","18,861",0,0,0,0
1995,First Unit of Quantity,0304203020,China,1995,kilograms,"103,238","422,840","189,169","5,159",0,0,0,0,0,0,0,"54,367"
1995,First Unit of Quantity,0304203030,China,1995,kilograms,0,0,"3,502",0,0,0,0,0,0,0,0,"17,236"
1995,First Unit of Quantity,0304203035,China,1995,kilograms,"73,515","94,815","87,777","62,439","190,707","36,866","120,761","68,040","27,216","154,740","186,743","159,565"
1995,First Unit of Quantity,0304203062,China,1995,kilograms,0,0,0,0,0,0,"18,144",0,0,0,0,"20,412"
1995,First Unit of Quantity,0304203065,China,1995,kilograms,"365,279","740,821","283,524","438,819","867,333","881,126","1,174,820","733,525","405,693","639,244","428,736","435,292"
1995,First Unit of Quantity,0304203068,China,1995,kilograms,"355,621","215,831","789,184","657,030","782,754","828,572","1,316,229","576,832","755,702","576,944","431,112","425,656"
1995,First Unit of Quantity,0304206006,China,1995,kilograms,0,0,0,0,"24,054",0,0,0,0,0,0,0
1995,First Unit of Quantity,0304206008,China,1995,kilograms,0,0,0,"19,160",0,0,0,0,0,0,0,0
1995,First Unit of Quantity,0304206015,China,1995,kilograms,0,0,0,0,0,0,0,0,0,0,"37,014",0
1995,First Unit of Quantity,0304206042,China,1995,kilograms,0,"3,260","14,207",0,0,"23,732","1,297",0,"15,422","11,830",0,0
1995,First Unit of Quantity,0304206043,China,1995,kilograms,"28,144",0,"18,144",0,"21,247",0,"8,891",0,0,0,0,"9,072"
1995,First Unit of Quantity,0304206057,China,1995,kilograms,"558,445","273,716","591,294","388,127","508,343","289,219","475,038","361,750","446,116","498,223","309,131","109,612"
1995,First Unit of Quantity,0304206058,China,1995,kilograms,"36,288",0,"13,608","18,441",0,"17,963",0,0,0,"2,204",0,0
1995,First Unit of Quantity,0304206059,China,1995,kilograms,0,0,0,0,0,0,0,0,"18,144",0,"6,566",0
1995,First Unit of Quantity,0304206064,China,1995,kilograms,"17,962",0,0,"17,962","17,962","18,865","17,962",0,0,0,0,0
1995,First Unit of Quantity,0304206071,China,1995,kilograms,0,"47,900","24,015",0,0,0,0,0,0,"12,500",0,0
1995,First Unit of Quantity,0304206090,China,1995,kilograms,"172,835","118,758","279,214","175,857","275,784","281,665","130,160","112,306","34,472","18,144","9,570","164,778"
1995,First Unit of Quantity,0304901005,China,1995,kilograms,0,0,"4,101",0,0,0,0,0,0,0,0,0
1995,First Unit of Quantity,0304901009,China,1995,kilograms,0,"3,173",0,0,0,0,0,0,0,0,0,0
1995,First Unit of Quantity,0304901048,China,1995,kilograms,"73,444","18,300","58,079",0,"23,107",0,"68,200",0,0,0,0,0
1995,First Unit of Quantity,0304901089,China,1995,kilograms,"19,487",0,0,0,0,0,0,0,0,0,0,0
1995,First Unit of Quantity,0305102000,China,1995,kilograms,0,341,0,0,0,"1,386",0,0,0,0,0,0
1995,First Unit of Quantity,0305304000,China,1995,kilograms,0,0,0,"16,147",0,0,0,0,0,0,0,0
1995,First Unit of Quantity,0305306030,China,1995,kilograms,"1,960",272,"1,088",0,0,0,0,0,0,0,0,0
1995,First Unit of Quantity,0305306080,China,1995,kilograms,"1,708",170,0,"17,730",0,"2,070",400,"81,618","71,400","50,800","61,284",0
1995,First Unit of Quantity,0305410000,China,1995,kilograms,134,0,0,0,0,0,0,0,0,0,0,0
1995,First Unit of Quantity,0305494020,China,1995,kilograms,0,0,0,0,0,"1,162",0,0,0,0,0,0
1995,First Unit of Quantity,0305494040,China,1995,kilograms,0,0,0,0,0,"6,840",0,0,0,0,0,"6,160"
1995,First Unit of Quantity,0305510000,China,1995,kilograms,0,"2,549","2,721",0,0,0,0,0,0,0,0,0
1995,First Unit of Quantity,0305594000,China,1995,kilograms,917,"8,174","3,759","29,636","1,476",273,"4,085",0,206,0,"8,381","6,429"
1995,First Unit of Quantity,0305634000,China,1995,kilograms,0,0,0,0,0,0,0,"6,362",0,0,0,0
1995,First Unit of Quantity,0305691042,China,1995,kilograms,"2,040",0,0,0,0,0,0,0,0,0,0,0
1995,First Unit of Quantity,0305693000,China,1995,kilograms,0,0,0,0,0,0,0,0,0,0,0,"4,903"
1995,First Unit of Quantity,0305695000,China,1995,kilograms,"2,223",0,"7,290",0,0,"1,193",0,0,0,0,0,"1,226"
1995,First Unit of Quantity,0305696000,China,1995,kilograms,"91,467","6,714",680,680,"14,750","6,350","2,694","1,030","3,782","7,256","10,671","1,588"
1995,First Unit of Quantity,0306110000,China,1995,kilograms,"1,613","27,251",0,0,0,"140,746","462,895","666,388","530,881","288,479","147,062","57,856"
1995,First Unit of Quantity,0306130003,China,1995,kilograms,"39,887",0,"14,479","37,074","17,772","3,017","2,980","4,729",0,"26,981","37,247",0
1995,First Unit of Quantity,0306130006,China,1995,kilograms,"36,564",0,0,"12,392","18,048","4,366","3,784","19,298",0,0,0,0
1995,First Unit of Quantity,0306130009,China,1995,kilograms,"9,694",0,0,"34,636","14,640","15,041","1,611","2,243",0,0,0,0
1995,First Unit of Quantity,0306130012,China,1995,kilograms,"3,375","18,097",0,"14,576",0,"6,695",816,"1,383",0,0,0,0
1995,First Unit of Quantity,0306130015,China,1995,kilograms,0,"8,817",0,"9,386",0,"4,442",302,0,0,0,0,0
1995,First Unit of Quantity,0306130018,China,1995,kilograms,0,"6,024",0,"4,820","3,549","36,041","14,860",0,0,0,0,0
1995,First Unit of Quantity,0306130021,China,1995,kilograms,0,"6,303",0,"2,214",0,631,0,0,0,0,0,"63,840"
1995,First Unit of Quantity,0306130024,China,1995,kilograms,"3,984","8,108",0,"6,108",0,294,0,0,0,0,0,0
1995,First Unit of Quantity,0306130027,China,1995,kilograms,"13,217","47,295","4,992","18,384","33,240","30,283",0,"33,192",0,"9,660",0,"20,176"
1995,First Unit of Quantity,0306130040,China,1995,kilograms,"1,530,006","1,119,241","808,769","923,252","1,304,936","1,480,272","1,783,443","534,596","821,223","978,532","1,021,041","862,056"
1995,First Unit of Quantity,0306142000,China,1995,kilograms,0,0,"22,159","16,202","10,777","23,410","18,879","8,610","10,296","17,237","33,762","57,520"
1995,First Unit of Quantity,0306144090,China,1995,kilograms,"181,813","41,940","30,530","11,172","15,000","37,009",0,"1,797",0,"6,830","9,456","15,000"
1995,First Unit of Quantity,0306190010,China,1995,kilograms,"7,033","13,178",0,"11,191","36,861","102,790","404,474","228,695","259,376","108,744","44,645","55,324"
1995,First Unit of Quantity,0306190090,China,1995,kilograms,"33,236","15,513",0,0,"6,212","18,986","196,627","73,319","125,066","129,073","17,259","8,452"
1995,First Unit of Quantity,0306230020,China,1995,kilograms,227,0,544,0,"16,710",0,0,"24,422","36,006",0,455,340
1995,First Unit of Quantity,0306230040,China,1995,kilograms,0,"37,661","1,557","7,567",0,"7,206","1,756",0,0,"3,323",397,0
1995,First Unit of Quantity,0306244000,China,1995,kilograms,"6,886",0,0,0,0,0,0,0,800,970,"2,135",0
1995,First Unit of Quantity,0307100080,China,1995,kilograms,172,0,"2,752",0,0,0,0,"16,891",150,0,0,"11,065"
1995,First Unit of Quantity,0307210000,China,1995,kilograms,"19,064",0,0,0,0,0,"19,986",0,0,0,0,"20,412"
1995,First Unit of Quantity,0307290000,China,1995,kilograms,"1,570,107","1,595,684","899,950","1,221,300","764,889","1,326,420","695,002","214,598","116,541","155,177","267,240","1,235,281"
1995,First Unit of Quantity,0307310090,China,1995,kilograms,0,0,0,0,0,0,"1,885",0,0,0,0,0
1995,First Unit of Quantity,0307390000,China,1995,kilograms,"1,063",0,0,0,0,0,0,"1,256",0,0,"2,111",0
1995,First Unit of Quantity,0307410020,China,1995,kilograms,0,0,0,0,0,0,0,0,0,0,"133,358",0
1995,First Unit of Quantity,0307410040,China,1995,kilograms,0,0,0,0,0,0,0,0,0,0,0,"1,771"
1995,First Unit of Quantity,0307410060,China,1995,kilograms,0,0,0,721,0,0,0,0,0,0,0,0
1995,First Unit of Quantity,0307490010,China,1995,kilograms,0,0,0,0,0,0,"9,487",0,338,"19,958",0,"16,240"
1995,First Unit of Quantity,0307490022,China,1995,kilograms,0,0,0,0,0,0,0,0,0,0,0,"18,144"
1995,First Unit of Quantity,0307490029,China,1995,kilograms,"36,515","19,709","18,143","36,288","57,153",0,"214,074","94,443","224,750","107,267","98,170","74,776"
1995,First Unit of Quantity,0307490050,China,1995,kilograms,"98,662","20,715","7,226","18,344","72,576","290,528","361,481","155,787","259,339","97,862","151,523","50,114"
1995,First Unit of Quantity,0307490060,China,1995,kilograms,"67,415","22,727","30,480","22,330","1,260",0,"5,723","8,731","1,093","3,810",198,"4,987"
1995,First Unit of Quantity,0307510000,China,1995,kilograms,0,0,0,0,"7,430",0,"7,450",0,0,0,0,0
1995,First Unit of Quantity,0307590000,China,1995,kilograms,"84,759","24,273",298,"56,634","49,436","98,928","139,251","33,911","33,984",0,"49,523","6,532"
1995,First Unit of Quantity,0307600000,China,1995,kilograms,0,0,0,0,0,0,"3,756","16,919","3,995",0,74,"8,828"
1995,First Unit of Quantity,0307910070,China,1995,kilograms,0,0,0,0,0,0,0,0,0,198,0,0
1995,First Unit of Quantity,0307990020,China,1995,kilograms,181,870,91,91,23,0,668,620,500,224,454,"1,367"
1995,First Unit of Quantity,0307990055,China,1995,kilograms,"15,490","3,402","15,507","1,769","16,388",430,"10,058","1,900","12,500",0,0,"14,750"
1995,First Unit of Quantity,0307990060,China,1995,kilograms,"18,741","37,932","23,654","34,655","9,554","29,733","9,071","23,813","40,508","14,229","24,636","33,163"
1995,First Unit of Quantity,0407000040,China,1995,dozens,"130,512","55,587","181,013","132,851","324,003","300,023","161,127","291,835","41,249","34,262","42,385","24,684"
1995,First Unit of Quantity,0408190000,China,1995,kilograms,0,0,0,0,0,"4,475","10,977","7,830","1,336",0,0,0
1995,First Unit of Quantity,0408990000,China,1995,kilograms,0,"6,384",0,0,0,"6,686","3,500",0,0,0,0,0
1995,First Unit of Quantity,0409000020,China,1995,kilograms,"2,069",898,"2,130",803,489,"1,061","1,497","2,041",0,374,490,"3,987"
1995,First Unit of Quantity,0409000042,China,1995,kilograms,"726,740","349,740","272,020",0,0,0,0,0,0,0,"557,960","287,100"
1995,First Unit of Quantity,0409000044,China,1995,kilograms,"959,900","822,730","624,950",0,0,0,0,0,0,"149,350","907,016","629,590"
1995,First Unit of Quantity,0409000062,China,1995,kilograms,"1,409,980","1,197,740","238,958",0,0,0,0,0,0,"33,640","1,395,770","1,536,536"
1995,First Unit of Quantity,0409000064,China,1995,kilograms,"90,233","34,876","33,640","5,395","2,101",0,424,988,0,"1,881","83,230","113,711"
1995,First Unit of Quantity,0410000000,China,1995,kilograms,"9,000","8,330",635,"2,705","4,000","2,000","21,660",0,"19,426","18,200","4,000","1,450"
1995,First Unit of Quantity,0501000000,China,1995,kilograms,"1,905","2,021",549,"1,934",866,"2,420","4,663",361,"2,212","2,062",589,"2,170"
1995,First Unit of Quantity,0502100000,China,1995,kilograms,"72,450","42,800","101,143","40,900","103,800","71,250","111,975","47,230","138,265","91,575","40,322","52,220"
1995,First Unit of Quantity,0502900000,China,1995,kilograms,949,"1,948",152,292,"1,138","2,840",855,"2,096",16,114,18,212
1995,First Unit of Quantity,0503000000,China,1995,kilograms,"43,740","26,817","80,626","27,450","13,595","28,675","16,730","40,090","49,825","56,912","25,648","16,280"
1995,First Unit of Quantity,0504000020,China,1995,kilograms,"290,154","267,588","273,283","127,358","201,070","229,615","182,650","393,456","117,720","222,179","392,782","204,238"
1995,First Unit of Quantity,0504000040,China,1995,kilograms,"3,284",0,0,"11,625","17,500","27,459",451,"1,700",0,"60,151",0,"15,875"
1995,First Unit of Quantity,0504000060,China,1995,kilograms,0,0,0,0,0,0,0,0,0,0,"15,750",0
1995,First Unit of Quantity,0505100050,China,1995,kilograms,"199,348","145,774","120,941","206,215","149,549","185,499","174,465","373,919","157,867","121,686","118,898","165,422"
1995,First Unit of Quantity,0505100055,China,1995,kilograms,"56,479","31,521","59,338","1,646","32,504","7,200","43,356","94,337","16,000","37,093","79,742","48,966"
1995,First Unit of Quantity,0505100060,China,1995,kilograms,"754,301","646,807","827,393","838,076","777,238","615,166","979,456","638,616","338,464","578,254","533,641","404,720"
1995,First Unit of Quantity,0505100065,China,1995,kilograms,"150,257","80,331","176,893","149,676","202,265","169,336","127,362","196,283","108,878","33,990","118,797","26,530"
1995,First Unit of Quantity,0505906000,China,1995,kilograms,683,946,15,0,376,244,0,0,"1,163","1,149",233,"1,832"
1995,First Unit of Quantity,0506900020,China,1995,kilograms,0,0,0,0,0,0,0,0,0,0,"18,500",0
1995,First Unit of Quantity,0506900040,China,1995,kilograms,0,0,0,0,0,145,0,0,"1,008",0,"2,005","1,000"
1995,First Unit of Quantity,0507900000,China,1995,kilograms,0,0,500,0,0,0,0,25,0,0,0,0
1995,First Unit of Quantity,0508000000,China,1995,kilograms,0,0,25,0,0,0,0,0,"1,193",556,659,600
1995,First Unit of Quantity,0509000000,China,1995,kilograms,0,0,0,0,0,0,0,0,0,"2,401",0,0
1995,First Unit of Quantity,0510004040,China,1995,kilograms,"12,100",0,0,0,0,0,"8,000",0,0,0,0,0
1995,First Unit of Quantity,0511910000,China,1995,kilograms,"8,009",0,0,0,769,61,"10,000",368,"2,100","11,363",820,"6,404"
1995,First Unit of Quantity,0511992000,China,1995,kilograms,"1,686","2,370","8,353","5,484","18,436",0,"26,498","41,760","72,231","45,699","16,119","101,446"
1995,First Unit of Quantity,0511993000,China,1995,kilograms,"16,198",0,"68,250","93,807","153,592","17,000","35,024","51,345","72,724",0,"15,600","17,318"
1995,First Unit of Quantity,0511994050,China,1995,kilograms,"2,790",0,"69,523",643,300,"34,714","2,241","2,538",255,"1,982","4,891","1,000"
1995,First Unit of Quantity,0601106000,China,1995,number,"10,000",0,0,0,0,0,0,0,0,0,6,"53,518"
1995,First Unit of Quantity,0601108500,China,1995,number,0,0,0,0,0,0,0,0,0,0,"9,300",0
1995,First Unit of Quantity,0601109080,China,1995,number,0,0,0,0,0,0,0,0,0,0,235,0
1995,First Unit of Quantity,0602100000,China,1995,number,0,546,0,0,0,5,0,0,0,15,11,0
1995,First Unit of Quantity,0602910000,China,1995,kilograms,0,0,0,0,0,0,0,"3,674",0,0,0,0
1995,First Unit of Quantity,0602992000,China,1995,kilograms,"1,150","1,549",0,71,245,0,0,0,0,0,0,0
1995,First Unit of Quantity,0602994000,China,1995,kilograms,0,0,263,409,0,0,0,0,41,0,252,302
1995,First Unit of Quantity,0602996010,China,1995,number,0,"2,410","7,077","2,190",0,0,0,0,"1,350",0,0,0
1995,First Unit of Quantity,0602996020,China,1995,number,0,0,0,"2,435",0,0,0,0,0,0,0,0
1995,First Unit of Quantity,0602996090,China,1995,number,0,0,0,331,"6,363",0,0,"2,300",0,0,0,576
1995,First Unit of Quantity,0602999010,China,1995,number,0,0,"6,417","2,174",0,"3,150","8,505",11,"10,558",518,"1,645",0
1995,First Unit of Quantity,0602999090,China,1995,number,"46,550","65,675",940,"144,035","70,000",0,0,0,0,"3,702",0,456
1995,First Unit of Quantity,0603108000,China,1995,no units collected,0,0,0,0,0,0,0,0,0,0,0,0
1995,First Unit of Quantity,0603900000,China,1995,no units collected,0,0,0,0,0,0,0,0,0,0,0,0
1995,First Unit of Quantity,0604100000,China,1995,no units collected,0,0,0,0,0,0,0,0,0,0,0,0
1995,First Unit of Quantity,0604910080,China,1995,no units collected,0,0,0,0,0,0,0,0,0,0,0,0
1995,First Unit of Quantity,0604993000,China,1995,no units collected,0,0,0,0,0,0,0,0,0,0,0,0
1995,First Unit of Quantity,0604996000,China,1995,no units collected,0,0,0,0,0,0,0,0,0,0,0,0
1995,First Unit of Quantity,0701100020,China,1995,kilograms,0,0,0,0,0,0,0,0,0,0,0,"25,500"
1995,First Unit of Quantity,0703104000,China,1995,kilograms,0,0,0,0,0,0,0,0,"2,658","5,740","6,250","1,940"
1995,First Unit of Quantity,0703200000,China,1995,kilograms,"4,959","35,461",0,0,0,0,0,0,0,0,0,0
1995,First Unit of Quantity,0703200010,China,1995,kilograms,0,0,0,0,0,0,"50,000",0,0,"165,624","18,590",0
1995,First Unit of Quantity,0703200020,China,1995,kilograms,0,0,0,0,0,0,0,"38,000","57,000",0,"52,995","45,800"
1995,First Unit of Quantity,0703200090,China,1995,kilograms,0,0,0,0,0,0,0,0,"30,005","14,000",0,0
1995,First Unit of Quantity,0704200000,China,1995,kilograms,0,0,0,0,"1,106",0,0,0,0,0,0,0
1995,First Unit of Quantity,0704902000,China,1995,kilograms,0,0,0,0,0,0,450,0,0,0,0,0
1995,First Unit of Quantity,0706903000,China,1995,kilograms,0,"21,000",0,"7,660",0,0,0,0,0,0,0,0
1995,First Unit of Quantity,0706904000,China,1995,kilograms,"172,608","49,614","49,729","54,631","23,637","26,298","53,135","64,519","86,061","51,370","64,415","116,065"
1995,First Unit of Quantity,0708104000,China,1995,kilograms,0,0,0,0,"18,371",0,0,0,0,0,0,0
1995,First Unit of Quantity,0708209000,China,1995,kilograms,"16,560",0,0,"35,700",0,0,"60,000",0,0,0,0,0
1995,First Unit of Quantity,0708904000,China,1995,kilograms,0,0,0,0,0,0,0,0,0,0,0,"3,620"
1995,First Unit of Quantity,0709209000,China,1995,kilograms,0,0,0,0,0,0,0,0,"17,706",0,0,0
1995,First Unit of Quantity,0709510000,China,1995,kilograms,"19,850","16,580","19,050","37,050","26,070","30,308","29,374","35,255","27,579","29,870","43,401","45,030"
1995,First Unit of Quantity,0709520000,China,1995,kilograms,20,52,0,0,0,0,0,0,0,0,0,44
1995,First Unit of Quantity,0709602000,China,1995,kilograms,0,"22,140","9,108",0,0,0,"1,064",0,0,0,0,0
1995,First Unit of Quantity,0709909000,China,1995,kilograms,"45,675","6,000","31,605","16,527","57,940","27,218","128,559","34,903","30,550","32,316","57,085","51,960"
1995,First Unit of Quantity,0710212000,China,1995,kilograms,0,0,0,0,0,0,"612,741","300,418","194,299",0,0,0
1995,First Unit of Quantity,0710214000,China,1995,kilograms,"372,432","109,982","108,245","18,000","363,591","860,824",0,0,0,"543,227","193,717","162,177"
1995,First Unit of Quantity,0710221500,China,1995,kilograms,0,0,0,0,0,450,0,0,0,0,0,0
1995,First Unit of Quantity,0710223700,China,1995,kilograms,0,"30,273",0,0,0,"21,500","24,970","69,069","19,660","5,117","58,352","19,068"
1995,First Unit of Quantity,0710291500,China,1995,kilograms,0,0,0,0,0,0,0,0,"12,000","12,013","48,595","59,238"
1995,First Unit of Quantity,0710294000,China,1995,kilograms,0,0,0,0,0,0,"18,014",0,0,0,0,0
1995,First Unit of Quantity,0710400000,China,1995,kilograms,"4,560",0,0,0,0,0,0,0,0,0,"13,300",0
1995,First Unit of Quantity,0710801000,China,1995,kilograms,"1,299,574","1,469,025","957,039","805,275","709,876","531,384","376,529","499,848","377,641","452,095","223,015","240,201"
1995,First Unit of Quantity,0710802000,China,1995,kilograms,"76,290","125,004","74,195","112,576","107,314","11,722","1,620","61,143","4,536","23,072","18,144","15,712"
1995,First Unit of Quantity,0710807060,China,1995,kilograms,0,0,0,0,"11,060",0,0,0,"18,438","4,391",0,0
1995,First Unit of Quantity,0710809710,China,1995,kilograms,0,0,0,0,"9,540","18,931","29,453",0,"34,037",0,0,0
1995,First Unit of Quantity,0710809722,China,1995,kilograms,0,0,0,0,0,0,"1,032",0,0,"1,021",0,0
1995,First Unit of Quantity,0710809750,China,1995,kilograms,"138,500","18,000",0,"2,990","7,533","4,487","1,000","10,156","38,790","23,137",0,"31,694"
1995,First Unit of Quantity,0710901000,China,1995,kilograms,"9,466",0,0,0,0,"2,668",0,"7,655",0,0,0,0
1995,First Unit of Quantity,0710909000,China,1995,kilograms,0,0,0,"9,681",0,0,"8,647",0,0,"3,874","24,840","4,995"
1995,First Unit of Quantity,0711202800,China,1995,kilograms,0,0,0,0,0,764,0,0,0,0,0,0
1995,First Unit of Quantity,0711902000,China,1995,kilograms,0,0,"17,115",0,897,0,0,0,0,0,0,0
1995,First Unit of Quantity,0711904000,China,1995,kilograms,0,0,"48,000","22,022","78,261",0,0,0,0,0,0,0
1995,First Unit of Quantity,0711906000,China,1995,kilograms,0,0,0,0,0,"3,380",0,0,0,0,0,0
1995,First Unit of Quantity,0712100000,China,1995,kilograms,0,816,0,"8,571","2,975","13,939",0,"11,015","3,378",0,"5,987","4,042"
1995,First Unit of Quantity,0712202000,China,1995,kilograms,0,0,"9,500","4,800",0,0,0,0,0,0,0,0
1995,First Unit of Quantity,0712204000,China,1995,kilograms,0,"28,332","25,959","17,010","31,808","18,885","40,466","25,968",748,0,0,"3,134"
1995,First Unit of Quantity,0712301000,China,1995,kilograms,"58,187","78,076","33,954","106,286","69,536","85,304","36,741","53,546","22,377","16,652","8,347","27,183"
1995,First Unit of Quantity,0712302000,China,1995,kilograms,"43,294","25,097","38,887","38,300","46,561","57,248","47,345","43,708","37,773","10,292","14,551","11,578"
1995,First Unit of Quantity,0712901000,China,1995,kilograms,"3,266","1,814","12,068",0,0,0,767,0,"3,418","1,225","9,816","17,962"
1995,First Unit of Quantity,0712902000,China,1995,kilograms,0,260,0,0,0,0,0,"1,701","1,323",0,311,0
1995,First Unit of Quantity,0712904020,China,1995,kilograms,"195,144","72,291","121,091","210,688","256,230","335,166","229,511","306,298","139,958","138,659","153,781","177,943"
1995,First Unit of Quantity,0712904040,China,1995,kilograms,"522,538","481,248","581,011","239,924","382,443","643,788","570,780","545,764","291,629","153,770","337,054","533,873"
1995,First Unit of Quantity,0712907500,China,1995,kilograms,0,0,0,"7,593",0,0,0,0,0,0,0,0
1995,First Unit of Quantity,0712908020,China,1995,kilograms,0,0,"18,288",0,"15,472","5,307",0,0,0,"5,230","1,361",0
1995,First Unit of Quantity,0712908030,China,1995,kilograms,0,0,"2,075",0,0,"2,407",0,0,0,0,0,"2,600"
1995,First Unit of Quantity,0712908040,China,1995,kilograms,0,0,"12,000",0,0,"11,794",0,0,0,0,0,"12,000"
1995,First Unit of Quantity,0712908080,China,1995,kilograms,"159,084","46,092","60,491","70,850","125,250","141,265","121,901","156,189","55,583","72,931","114,388","109,810"
1995,First Unit of Quantity,0713101000,China,1995,kilograms,"18,072","72,000","72,000","72,000","108,000",0,0,0,0,0,0,0
1995,First Unit of Quantity,0713202000,China,1995,kilograms,0,0,"1,986",0,0,0,0,0,0,0,0,0
1995,First Unit of Quantity,0713311000,China,1995,kilograms,"144,416","279,630","420,574","183,180","323,620","485,931","454,465","130,754","162,408","256,242","98,287","271,100"
1995,First Unit of Quantity,0713312000,China,1995,kilograms,0,0,0,0,"184,555","296,610","303,928","238,676","59,600",0,0,0
1995,First Unit of Quantity,0713314000,China,1995,kilograms,"334,715","485,560","449,380","139,800",0,0,0,0,"19,984","112,421","125,201","20,240"
1995,First Unit of Quantity,0713321000,China,1995,kilograms,"5,993","1,945","4,939","39,600","26,224","5,756","33,180",0,0,0,"10,440",0
1995,First Unit of Quantity,0713322000,China,1995,kilograms,"11,422","164,343","50,523","159,820","124,092","34,826","104,445","61,452","3,850","18,789","38,748","17,269"
1995,First Unit of Quantity,0713332050,China,1995,kilograms,0,0,0,0,"5,500","19,958",0,"5,550",0,0,0,0
1995,First Unit of Quantity,0713332090,China,1995,kilograms,0,0,0,0,"1,030,150","32,358","5,500","10,200",0,0,0,0
1995,First Unit of Quantity,0713334030,China,1995,kilograms,0,"15,750",0,"7,000",0,0,0,0,0,0,0,0
1995,First Unit of Quantity,0713334050,China,1995,kilograms,"1,135","35,721",0,"7,000",0,0,0,0,0,0,0,0
1995,First Unit of Quantity,0713334090,China,1995,kilograms,0,0,"240,000","3,960",0,0,0,0,"7,112",0,0,0
1995,First Unit of Quantity,0713391000,China,1995,kilograms,"17,110","18,000","56,000",0,"16,958",998,0,"6,709","11,839","1,701",0,"18,000"
1995,First Unit of Quantity,0713392010,China,1995,kilograms,0,0,0,0,"5,480","9,550","10,028","15,476","3,402",0,0,0
1995,First Unit of Quantity,0713392020,China,1995,kilograms,0,0,0,0,0,0,"20,000",0,0,0,0,0
1995,First Unit of Quantity,0713392060,China,1995,kilograms,0,0,0,0,0,0,0,"4,441",0,0,0,0
1995,First Unit of Quantity,0713392070,China,1995,kilograms,0,0,0,0,"23,239","39,980",0,"17,963",0,0,0,0
1995,First Unit of Quantity,0713394010,China,1995,kilograms,"24,112","11,514","22,613","44,773","10,959","2,910",0,0,"27,366","17,726","27,581","26,367"
1995,First Unit of Quantity,0713394070,China,1995,kilograms,0,0,"52,419","18,184","19,257",0,0,0,"14,694",863,"29,833","4,601"
1995,First Unit of Quantity,0713502000,China,1995,kilograms,"2,299",0,0,0,0,0,0,0,0,0,0,0
1995,First Unit of Quantity,0713906000,China,1995,kilograms,0,0,0,0,0,"2,041",0,0,0,0,0,0
1995,First Unit of Quantity,0713908000,China,1995,kilograms,0,0,"7,955",0,0,0,0,0,0,0,0,0
1995,First Unit of Quantity,0714200000,China,1995,kilograms,"46,207","3,624","10,995",754,"9,184",0,0,0,0,0,173,611
1995,First Unit of Quantity,0714901000,China,1995,kilograms,"284,655","42,180","12,497","12,405","32,954","28,410",0,"16,292","30,736","57,151","100,834","42,956"
1995,First Unit of Quantity,0714902000,China,1995,kilograms,"25,324","8,345",0,"2,352","19,521",0,"24,490","12,231",0,"4,515",0,"23,536"
1995,First Unit of Quantity,0714904000,China,1995,kilograms,"48,383",0,"9,907","3,424","10,447","21,798","22,512","7,919","16,899","14,000","14,715","27,949"
1995,First Unit of Quantity,0714905000,China,1995,kilograms,0,0,0,0,0,0,0,"16,800",0,0,0,0
1995,First Unit of Quantity,0714906000,China,1995,kilograms,"52,542","4,748","33,948",296,"19,569","1,753","2,282","3,019","15,975",417,"9,853","10,567"
1995,First Unit of Quantity,0801100040,China,1995,kilograms,0,0,0,0,0,"4,000",0,0,0,0,0,0
1995,First Unit of Quantity,0801300000,China,1995,kilograms,0,0,0,0,"22,793",0,"23,942","22,859","16,330","25,942","6,803",227
1995,First Unit of Quantity,0802110000,China,1995,kilograms,0,0,0,0,0,0,0,765,0,0,0,0
1995,First Unit of Quantity,0802120000,China,1995,kilograms,"2,775",0,160,"1,859","1,514","1,532",0,"18,666",840,"2,665",0,"3,662"
1995,First Unit of Quantity,0802320000,China,1995,kilograms,0,"20,052","20,695","52,667","30,000","20,941","29,241",355,0,0,0,"58,607"
1995,First Unit of Quantity,0802400000,China,1995,kilograms,0,"3,000","1,755","13,996",0,"1,973",340,340,0,0,"20,340","2,722"
1995,First Unit of Quantity,0802502000,China,1995,kilograms,"67,826",0,0,0,0,0,0,0,0,0,0,0
1995,First Unit of Quantity,0802504000,China,1995,kilograms,"3,314",0,0,0,0,0,0,0,0,0,0,0
1995,First Unit of Quantity,0802902000,China,1995,kilograms,0,0,0,"15,500",0,0,"22,000",0,0,0,0,"13,800"
1995,First Unit of Quantity,0802902500,China,1995,kilograms,"352,914","210,500","168,928","113,000","151,178","63,402","99,574","44,800","111,009","45,000","202,098","48,742"
1995,First Unit of Quantity,0802908010,China,1995,kilograms,0,0,0,0,"2,977",0,0,0,0,0,0,"14,089"
1995,First Unit of Quantity,0802908090,China,1995,kilograms,"14,137",553,"2,500",0,"1,086",882,"2,993","5,563","19,129",0,250,"6,056"
1995,First Unit of Quantity,0802909010,China,1995,kilograms,0,"10,825",0,0,0,"3,150",0,0,0,0,"5,825",0
1995,First Unit of Quantity,0802909090,China,1995,kilograms,"5,342",522,"13,496","3,725","11,468","4,500",0,"1,990",850,"3,189",853,528
1995,First Unit of Quantity,0803002040,China,1995,kilograms,0,0,0,"1,020",0,0,0,0,0,0,0,0
1995,First Unit of Quantity,0804102000,China,1995,kilograms,"5,289","24,281","14,890","10,000","13,332","11,525","16,000",0,0,"1,984",0,"1,474"
1995,First Unit of Quantity,0804104000,China,1995,kilograms,"109,827","82,368","26,347","41,776","69,915","23,028","8,100","6,000",0,"4,122","30,921","37,711"
1995,First Unit of Quantity,0804108000,China,1995,kilograms,0,0,0,0,0,0,0,0,0,0,"2,495",0
1995,First Unit of Quantity,0804206000,China,1995,kilograms,0,0,0,0,0,0,0,"2,368","1,823",0,0,"1,843"
1995,First Unit of Quantity,0805200040,China,1995,kilograms,0,0,0,0,0,"13,209","16,200",0,0,0,0,0
1995,First Unit of Quantity,0805900090,China,1995,kilograms,0,0,0,0,0,0,0,0,570,0,0,0
1995,First Unit of Quantity,0806201020,China,1995,kilograms,0,0,0,0,"20,400",0,0,0,0,0,0,0
1995,First Unit of Quantity,0807108000,China,1995,kilograms,0,0,0,0,0,0,0,0,0,0,0,"21,082"
1995,First Unit of Quantity,0808100000,China,1995,kilograms,0,0,0,0,"14,820",0,0,0,0,0,0,0
1995,First Unit of Quantity,0809404000,China,1995,kilograms,0,0,0,0,0,"14,000",0,0,0,0,0,0
1995,First Unit of Quantity,0810904000,China,1995,kilograms,0,0,0,0,0,"7,500",0,0,0,0,0,0
1995,First Unit of Quantity,0811204000,China,1995,kilograms,0,0,0,152,0,0,0,0,0,0,0,0
1995,First Unit of Quantity,0811903000,China,1995,kilograms,0,0,0,0,0,"3,402",0,0,0,0,0,0
1995,First Unit of Quantity,0811908080,China,1995,kilograms,"19,100","13,850",0,"4,004",0,0,0,0,0,0,0,0
1995,First Unit of Quantity,0812909000,China,1995,kilograms,0,"2,249",0,0,0,0,0,0,0,"11,500",0,"13,893"
1995,First Unit of Quantity,0813100000,China,1995,kilograms,0,0,181,579,794,0,0,"1,209",0,239,"15,650",0
1995,First Unit of Quantity,0813201000,China,1995,kilograms,0,"7,588",0,0,0,0,0,0,0,0,256,0
1995,First Unit of Quantity,0813202000,China,1995,kilograms,0,0,0,0,0,0,0,0,"11,015",0,"3,970",0
1995,First Unit of Quantity,0813300000,China,1995,kilograms,"25,500","25,600","33,020","25,500","17,000","25,400","8,500",0,0,0,"104,700","121,200"
1995,First Unit of Quantity,0813402080,China,1995,kilograms,0,0,0,0,0,0,0,170,0,0,"1,000","1,080"
1995,First Unit of Quantity,0813404000,China,1995,kilograms,0,0,0,0,0,0,0,0,0,0,0,"1,890"
1995,First Unit of Quantity,0813409000,China,1995,kilograms,"25,895","20,174","5,139","3,731","9,505","12,276","2,289",617,0,"1,179","4,125","58,950"
1995,First Unit of Quantity,0814001000,China,1995,kilograms,"2,522","4,113",0,0,"2,078",0,"1,721",0,477,0,0,0
1995,First Unit of Quantity,0901110010,China,1995,kilograms,0,0,0,0,0,"32,760","32,900",0,"208,800",0,0,0
1995,First Unit of Quantity,0901110090,China,1995,kilograms,0,0,240,"16,450",0,0,0,0,0,0,0,0
1995,First Unit of Quantity,0901210060,China,1995,kilograms,0,0,"49,350","16,450","65,800","32,900",0,0,0,0,0,0
1995,First Unit of Quantity,0902101000,China,1995,kilograms,"1,878",0,640,283,"10,414","5,746",98,"5,810",999,"4,300","7,533","3,279"
1995,First Unit of Quantity,0902109000,China,1995,kilograms,"1,361","11,670","16,002","3,843","23,913","21,112","2,550","12,835","51,311",905,"6,685","27,479"
1995,First Unit of Quantity,0902201000,China,1995,kilograms,0,0,0,"5,070",0,0,0,0,70,0,0,"4,534"
1995,First Unit of Quantity,0902209000,China,1995,kilograms,"566,071","801,371","537,159","319,425","181,675","254,565","321,175","573,684","103,992","243,044","297,859","219,700"
1995,First Unit of Quantity,0902300010,China,1995,kilograms,"49,191",0,"10,035","6,725","11,812","17,033","3,042","8,897","8,889","3,828","8,121","22,531"
1995,First Unit of Quantity,0902300090,China,1995,kilograms,"91,932","48,927","1,180","36,308","25,055","13,177","20,617","23,730","10,505","3,564","73,172","13,145"
1995,First Unit of Quantity,0902400000,China,1995,kilograms,"1,450,163","1,072,348","1,259,018","878,296","1,839,905","1,176,707","1,127,858","1,476,128","2,149,972","1,349,846","893,319","798,933"
1995,First Unit of Quantity,0904110020,China,1995,kilograms,0,0,0,0,0,0,256,0,0,0,0,0
1995,First Unit of Quantity,0904110040,China,1995,kilograms,"118,213","57,940","82,360",0,"15,000",384,768,0,"1,840","1,500",0,"1,618"
1995,First Unit of Quantity,0904120000,China,1995,kilograms,"6,984","11,196",0,"1,000",857,"2,992",567,"5,874",0,"1,885",0,"16,780"
1995,First Unit of Quantity,0904202000,China,1995,kilograms,0,0,"9,000",0,0,0,0,0,0,0,0,0
1995,First Unit of Quantity,0904206010,China,1995,kilograms,"21,450","50,079","38,574","44,316","52,506","18,400","10,622","35,759",0,"16,049","6,800","50,580"
1995,First Unit of Quantity,0904206090,China,1995,kilograms,"515,362","441,517","245,784","195,655","150,138","40,787","50,086","62,365","36,813","55,241","110,927","138,130"
1995,First Unit of Quantity,0904207300,China,1995,kilograms,0,0,0,0,451,0,0,0,0,0,0,0
1995,First Unit of Quantity,0904207600,China,1995,kilograms,"45,449","10,100","47,039",0,"41,095","9,599","3,718","7,256",0,"16,000","3,304","40,499"
1995,First Unit of Quantity,0906100000,China,1995,kilograms,"5,542","23,500","30,454",912,"46,230","14,890","44,717","43,695","40,500",0,"18,906","2,767"
1995,First Unit of Quantity,0906200000,China,1995,kilograms,0,0,0,"12,000",0,0,"6,093",454,379,"18,763","8,165",0
1995,First Unit of Quantity,0907000000,China,1995,kilograms,0,0,0,398,0,0,0,0,0,0,0,0
1995,First Unit of Quantity,0909100000,China,1995,kilograms,"26,772","9,240","10,790","24,720","12,692","20,292","18,684","38,164","8,748","25,837","51,254","23,956"
1995,First Unit of Quantity,0909300000,China,1995,kilograms,0,0,"71,930","75,000",465,0,0,0,0,0,"24,112","24,000"
1995,First Unit of Quantity,0909500000,China,1995,kilograms,0,0,0,0,0,0,"3,000",0,0,0,0,0
1995,First Unit of Quantity,0910102000,China,1995,kilograms,"461,599","542,476","283,147","369,429","618,790","801,930","683,245","560,786","522,731","379,683","548,167","573,070"
1995,First Unit of Quantity,0910104000,China,1995,kilograms,"1,315",0,0,"15,006","1,944",0,"2,823",500,"20,202","1,678",0,"4,284"
1995,First Unit of Quantity,0910300000,China,1995,kilograms,0,0,0,"3,000",0,0,0,598,0,0,0,0
1995,First Unit of Quantity,0910500000,China,1995,kilograms,0,0,0,0,0,0,0,697,455,0,0,0
1995,First Unit of Quantity,0910910000,China,1995,kilograms,"1,579",0,"5,855",0,907,256,43,0,614,504,"13,642",0
1995,First Unit of Quantity,0910995000,China,1995,kilograms,0,0,0,0,0,0,0,0,0,0,950,0
1995,First Unit of Quantity,0910996000,China,1995,kilograms,"102,995","66,245","38,949","42,704","5,713","24,318","19,811","19,774","7,378","17,165","31,010","46,953"
1995,First Unit of Quantity,1003004090,China,1995,kilograms,"9,345","1,988",0,0,805,0,0,"1,585",913,"1,947","1,654",0
1995,First Unit of Quantity,1005904060,China,1995,kilograms,0,0,0,0,0,0,0,0,"246,515",0,0,0
1995,First Unit of Quantity,1006204080,China,1995,kilograms,0,0,0,0,0,"10,500",0,0,0,0,0,0
1995,First Unit of Quantity,1006309010,China,1995,kilograms,0,0,0,"18,160",0,0,0,0,0,0,0,"172,368"
1995,First Unit of Quantity,1006309040,China,1995,kilograms,0,0,0,0,0,0,0,"17,690",0,"17,690","12,620",0
1995,First Unit of Quantity,1006400000,China,1995,kilograms,0,0,0,0,0,"2,580",0,"454,062",0,0,0,"227,742"
1995,First Unit of Quantity,1008200000,China,1995,kilograms,"6,975",0,0,0,"2,800",0,0,"4,800",0,0,0,0
1995,First Unit of Quantity,1101000090,China,1995,kilograms,"26,640","22,036",0,0,"1,701","17,500","9,072","17,500",0,"4,536",0,0
1995,First Unit of Quantity,1102300000,China,1995,kilograms,"21,777","4,800",0,0,"2,270","24,536",0,"20,000",0,"20,000",0,"25,134"
1995,First Unit of Quantity,1103110040,China,1995,kilograms,0,"54,480",0,0,0,0,0,0,0,0,0,0
1995,First Unit of Quantity,1104110000,China,1995,kilograms,898,0,"1,766",567,898,0,0,0,0,"1,018",0,0
1995,First Unit of Quantity,1104210000,China,1995,kilograms,0,"1,041",0,0,0,"2,896","7,716","2,103","6,785","2,261","1,109",0
1995,First Unit of Quantity,1105100000,China,1995,kilograms,0,0,0,0,0,0,0,0,0,"1,364",0,0
1995,First Unit of Quantity,1106100000,China,1995,kilograms,0,0,0,0,0,0,0,0,0,0,"1,961",0
1995,First Unit of Quantity,1106200000,China,1995,kilograms,"2,000","5,220",967,0,680,"1,733",0,0,"1,844","16,573",0,0
1995,First Unit of Quantity,1108110010,China,1995,kilograms,"27,528","31,347","31,240","15,175","35,979","34,382","33,043","67,242","8,170",0,"42,815","19,510"
1995,First Unit of Quantity,1108110090,China,1995,kilograms,"4,037",0,0,0,0,0,"3,402",0,0,"18,000",0,0
1995,First Unit of Quantity,1108120010,China,1995,kilograms,0,0,0,"1,588","4,649",0,"3,130",0,0,0,0,0
1995,First Unit of Quantity,1108130010,China,1995,kilograms,0,0,0,0,0,0,"20,000","18,750","5,670",0,"20,000",0
1995,First Unit of Quantity,1108130090,China,1995,kilograms,0,"20,000",0,0,0,0,0,0,0,0,0,0
1995,First Unit of Quantity,1108140000,China,1995,kilograms,"3,810",0,0,0,0,0,0,0,0,0,0,0
1995,First Unit of Quantity,1108190090,China,1995,kilograms,"16,512","20,528","27,949","46,931","17,356","33,899","25,314","20,138","31,081","27,577","17,329","136,488"
1995,First Unit of Quantity,1109001000,China,1995,kilograms,"108,000","72,000","30,722","144,000","36,000","72,000","108,000","70,000","106,100","108,000","36,000","122,172"
1995,First Unit of Quantity,1109009000,China,1995,kilograms,"66,445",0,"52,500","17,010",0,155,0,0,0,0,0,0
1995,First Unit of Quantity,1201000020,China,1995,kilograms,0,"19,200",0,0,0,0,0,0,0,0,"18,688",0
1995,First Unit of Quantity,1201000090,China,1995,kilograms,0,0,0,0,"8,078",0,"16,427","17,284","20,996",0,0,0
1995,First Unit of Quantity,1207100000,China,1995,kilograms,0,0,0,0,0,0,"2,556",0,0,0,0,0
1995,First Unit of Quantity,1207200010,China,1995,kilograms,0,295,0,0,0,0,0,0,0,0,0,0
1995,First Unit of Quantity,1207200090,China,1995,kilograms,279,0,0,0,0,0,0,0,0,0,0,0
1995,First Unit of Quantity,1207400000,China,1995,kilograms,0,"2,950","1,225","18,248","4,851","4,160","50,864","36,682","3,470","55,638",680,"20,500"
1995,First Unit of Quantity,1207600000,China,1995,kilograms,0,0,0,0,0,459,0,0,0,0,0,589
1995,First Unit of Quantity,1207990000,China,1995,kilograms,894,"16,564",100,"29,004",0,"130,976","47,079","16,540","16,540","60,500","69,882",0
1995,First Unit of Quantity,1208100000,China,1995,kilograms,0,0,0,0,0,216,0,0,0,0,0,"1,900"
1995,First Unit of Quantity,1208900000,China,1995,kilograms,0,0,0,0,0,"8,529",0,0,0,0,0,0
1995,First Unit of Quantity,1209210040,China,1995,kilograms,0,"20,000",0,0,"13,000",0,0,0,0,0,0,0
1995,First Unit of Quantity,1209290075,China,1995,kilograms,0,0,0,0,"4,500",0,0,0,0,0,0,0
1995,First Unit of Quantity,1209290096,China,1995,kilograms,0,"2,002",0,"2,080","6,000",0,0,0,0,0,0,0
1995,First Unit of Quantity,1209300000,China,1995,kilograms,0,0,0,0,0,0,0,0,0,163,0,278
1995,First Unit of Quantity,1209911000,China,1995,kilograms,0,0,0,0,0,0,0,0,0,0,741,0
1995,First Unit of Quantity,1209912000,China,1995,kilograms,0,"20,522","43,909","14,969","14,968","14,969","14,968",0,"13,970","15,000","30,000",0
1995,First Unit of Quantity,1209916000,China,1995,kilograms,"2,382",221,"1,102",47,0,"1,761",0,0,64,493,"2,941","1,711"
1995,First Unit of Quantity,1209918005,China,1995,kilograms,0,0,0,0,0,0,0,0,0,0,400,0
1995,First Unit of Quantity,1209918007,China,1995,kilograms,"1,420",0,"1,361",172,0,0,0,103,0,0,0,0
1995,First Unit of Quantity,1209918010,China,1995,kilograms,0,0,0,0,18,0,0,0,0,0,0,0
1995,First Unit of Quantity,1209918030,China,1995,kilograms,0,0,0,0,118,0,0,0,0,0,0,0
1995,First Unit of Quantity,1209918045,China,1995,kilograms,0,0,227,0,0,0,0,0,0,0,0,0
1995,First Unit of Quantity,1209918055,China,1995,kilograms,"130,350","177,300","349,388","142,500","224,462","186,359","139,435","172,274","28,888","79,750","12,310","27,375"
1995,First Unit of Quantity,1209918060,China,1995,kilograms,"1,529",0,0,0,0,0,0,0,0,"1,429","1,700",329
1995,First Unit of Quantity,1209918070,China,1995,kilograms,"6,495","4,706","8,747",372,609,0,53,"4,063","12,206","16,537","28,693","7,164"
1995,First Unit of Quantity,1209918090,China,1995,kilograms,0,0,"36,000",395,"7,613","16,000",0,85,0,"2,778",0,245
1995,First Unit of Quantity,1209992000,China,1995,kilograms,813,311,283,150,71,"9,125",0,0,0,896,233,"2,107"
1995,First Unit of Quantity,1209994020,China,1995,kilograms,"1,143",436,"1,233",433,68,128,159,107,"3,860","7,119","5,592",434
1995,First Unit of Quantity,1209994040,China,1995,kilograms,"11,547",783,60,290,0,0,576,0,0,655,"1,601",911
1995,First Unit of Quantity,1209994075,China,1995,kilograms,0,0,"10,000",0,0,0,0,0,"1,514",244,182,"10,000"
1995,First Unit of Quantity,1209994090,China,1995,kilograms,"12,000","32,700","14,501",995,"8,855","2,425",69,0,0,783,341,"6,927"
1995,First Unit of Quantity,1210200020,China,1995,kilograms,0,0,0,0,0,"19,000",0,0,0,0,0,0
1995,First Unit of Quantity,1211100000,China,1995,kilograms,"1,862,710","1,504,178","836,195","1,186,064","124,562","21,797","1,020","7,746","1,258","101,784","7,349","4,454"
1995,First Unit of Quantity,1211200020,China,1995,kilograms,"35,076","14,012","35,748","56,294","21,382","12,563","19,496","25,571","4,527","24,870","8,753","25,193"
1995,First Unit of Quantity,1211200040,China,1995,kilograms,"7,000",0,0,"20,000",0,0,"11,000",0,209,"23,035",67,"15,000"
1995,First Unit of Quantity,1211902000,China,1995,kilograms,0,0,0,0,0,0,0,0,0,"7,050",0,"1,179"
1995,First Unit of Quantity,1211904020,China,1995,kilograms,716,0,0,0,0,0,0,0,0,0,0,0
1995,First Unit of Quantity,1211908030,China,1995,kilograms,"34,006","25,693","42,617","61,124","44,988","34,022","28,747","14,746","9,106","28,871","4,097","14,324"
1995,First Unit of Quantity,1211908080,China,1995,kilograms,"139,826","133,076","144,025","113,308","53,502","44,507","308,066","99,388","116,724","40,089","83,837","64,754"
1995,First Unit of Quantity,1211908090,China,1995,kilograms,"354,876","524,950","259,656","400,953","515,248","382,733","267,087","403,903","215,698","234,725","336,900","378,557"
1995,First Unit of Quantity,1212100000,China,1995,kilograms,0,0,0,0,0,0,0,0,0,843,0,0
1995,First Unit of Quantity,1212200000,China,1995,kilograms,"12,115","8,288","25,820","38,158","136,104","6,197","112,157","27,524","34,991","158,713","44,106","51,838"
1995,First Unit of Quantity,1212300000,China,1995,kilograms,680,"1,397","1,474","2,459","33,327","1,789","11,340","32,878",397,"2,108","68,000","36,382"
1995,First Unit of Quantity,1212990000,China,1995,kilograms,"19,028","18,000","44,050","34,069","2,522","29,229","66,337","26,422","3,283","24,469","22,400","136,502"
1995,First Unit of Quantity,1301909090,China,1995,kilograms,"2,512,240","2,991,396","3,063,242","2,117,000","1,172,500","2,201,160","180,150","307,500","2,008","1,137","496,800","4,320"
1995,First Unit of Quantity,1302120000,China,1995,kilograms,"80,000","50,000","222,000","122,000","24,000","39,950","66,800","203,975","98,658","282,285","344,500","394,837"
1995,First Unit of Quantity,1302140000,China,1995,kilograms,0,"1,119",0,0,0,0,0,0,0,0,0,0
1995,First Unit of Quantity,1302194020,China,1995,kilograms,"29,965","35,130","3,786","26,814","82,182","35,261","44,676","27,468","25,805","46,487","32,378","73,749"
1995,First Unit of Quantity,1302194040,China,1995,kilograms,"4,000","7,100",350,795,"1,000","2,436",250,"11,718",125,"12,075",222,"16,175"
1995,First Unit of Quantity,1302199040,China,1995,kilograms,"8,456","19,175","22,480","18,134","31,180","31,599","3,230","29,542","37,099","5,646","22,437","8,579"
1995,First Unit of Quantity,1302200000,China,1995,kilograms,"6,600",0,0,0,0,"1,031",0,0,0,0,0,0
1995,First Unit of Quantity,1302310000,China,1995,kilograms,860,0,255,0,"1,859","2,120",0,867,"1,000",730,639,0
1995,First Unit of Quantity,1302390090,China,1995,kilograms,0,0,0,0,0,0,0,"1,800",0,0,0,0
1995,First Unit of Quantity,1401100000,China,1995,no units collected,0,0,0,0,0,0,0,0,0,0,0,0
1995,First Unit of Quantity,1401202090,China,1995,no units collected,0,0,0,0,0,0,0,0,0,0,0,0
1995,First Unit of Quantity,1401204000,China,1995,no units collected,0,0,0,0,0,0,0,0,0,0,0,0
1995,First Unit of Quantity,1401904000,China,1995,kilograms,"114,840","131,486","58,002","62,640","62,640","73,268","20,880","2,533",0,"4,347",0,"3,518"
1995,First Unit of Quantity,1404100040,China,1995,kilograms,0,0,"13,000",0,"2,000",27,0,"19,500",35,290,0,0
1995,First Unit of Quantity,1404900000,China,1995,kilograms,"65,739","99,389","174,252","69,258","111,820","23,902","23,356","106,460","41,548","34,071","22,513","39,222"
1995,First Unit of Quantity,1502000040,China,1995,kilograms,0,0,0,0,0,0,0,0,0,0,293,0
1995,First Unit of Quantity,1504104000,China,1995,kilograms,0,0,0,0,0,0,0,0,0,920,0,0
1995,First Unit of Quantity,1515400000,China,1995,kilograms,0,"4,750","45,600",0,"101,280","45,600","15,205","15,200","30,400","60,016","30,400","30,400"
1995,First Unit of Quantity,1515500000,China,1995,kilograms,0,"21,688",0,"45,860","7,091","16,229","8,658","25,796","4,354",0,"15,800",600
1995,First Unit of Quantity,1515904000,China,1995,kilograms,0,0,"12,060","6,152",0,"9,000","29,260",414,"7,560","14,400",150,"1,900"
1995,First Unit of Quantity,1516209000,China,1995,kilograms,"3,240","5,040",0,"5,040",0,0,"14,400",0,0,0,"2,880",0
1995,First Unit of Quantity,1517902020,China,1995,kilograms,0,"3,332",0,"3,459","3,285",0,0,0,0,0,0,"4,491"
1995,First Unit of Quantity,1517902080,China,1995,kilograms,0,0,0,0,0,0,0,540,0,0,0,0
1995,First Unit of Quantity,1518004000,China,1995,kilograms,0,0,0,0,0,0,"29,860","29,720",0,"14,400","37,000","47,300"
1995,First Unit of Quantity,1519194000,China,1995,kilograms,0,0,0,"14,400",0,0,0,"14,980",0,0,0,0
1995,First Unit of Quantity,1520100000,China,1995,kilograms,0,0,0,0,0,0,"36,000","18,000","35,000","17,500",0,0
1995,First Unit of Quantity,1520900000,China,1995,kilograms,0,"54,000",0,0,"90,250","72,000","54,000","18,000","18,000","36,000",0,0
1995,First Unit of Quantity,1521100040,China,1995,kilograms,"13,500","11,232",0,"35,000",0,0,0,0,0,0,0,0
1995,First Unit of Quantity,1521904000,China,1995,kilograms,"31,000","44,408","20,992","52,640","35,000","17,500","17,000",0,"35,000","33,298","16,000","35,000"
1995,First Unit of Quantity,1602509040,China,1995,kilograms,0,"16,000",0,0,0,0,0,0,0,0,0,0
1995,First Unit of Quantity,1604114050,China,1995,kilograms,0,0,0,0,0,0,0,0,0,0,150,150
1995,First Unit of Quantity,1604132000,China,1995,kilograms,"9,951",0,0,0,0,0,0,0,0,0,0,0
1995,First Unit of Quantity,1604161000,China,1995,kilograms,265,0,0,0,"2,443",0,0,0,0,0,0,0
1995,First Unit of Quantity,1604164000,China,1995,kilograms,0,0,"9,948",0,0,0,"18,144",0,0,"1,148","2,177",0
1995,First Unit of Quantity,1604166000,China,1995,kilograms,"7,112",0,0,0,0,0,0,0,0,"3,155",0,0
1995,First Unit of Quantity,1604192000,China,1995,kilograms,"17,642","34,322","7,000","42,000",0,"5,448","34,275","26,707","30,150","45,816","46,502","17,070"
1995,First Unit of Quantity,1604193000,China,1995,kilograms,"126,811",0,"11,985",0,"32,657","15,201","48,151","1,647","11,975","13,860","14,176","9,806"
1995,First Unit of Quantity,1604198000,China,1995,kilograms,"3,082","11,311","6,180","2,179","29,049","20,400","11,600","2,187","23,116","9,588",444,442
1995,First Unit of Quantity,1604200590,China,1995,kilograms,0,0,0,"1,196",0,0,0,0,0,0,0,0
1995,First Unit of Quantity,1604202500,China,1995,kilograms,0,0,"11,441",0,0,0,0,0,0,0,0,0
1995,First Unit of Quantity,1604204000,China,1995,kilograms,0,0,0,0,0,0,0,0,0,408,0,0
1995,First Unit of Quantity,1604205010,China,1995,kilograms,0,0,0,0,0,0,0,"31,340",0,0,0,0
1995,First Unit of Quantity,1604206010,China,1995,kilograms,"7,644","5,614","12,391",0,"12,197","6,136","5,153","3,969","1,768","9,580","10,179","21,681"
1995,First Unit of Quantity,1604206090,China,1995,kilograms,"5,274","5,549",0,0,0,0,0,"4,000",0,0,0,0
1995,First Unit of Quantity,1604302000,China,1995,kilograms,232,112,129,74,100,70,"1,525",0,143,102,218,675
1995,First Unit of Quantity,1604304000,China,1995,kilograms,0,0,0,0,0,0,"2,695",0,0,0,0,0
1995,First Unit of Quantity,1605104020,China,1995,kilograms,"9,515","10,777",0,"17,200",0,0,0,0,"26,314",0,0,"6,800"
1995,First Unit of Quantity,1605106090,China,1995,kilograms,0,"6,842",0,0,0,0,0,0,0,0,0,0
1995,First Unit of Quantity,1605200510,China,1995,kilograms,0,0,0,"2,900",0,0,"4,189",0,"4,420",0,688,0
1995,First Unit of Quantity,1605200590,China,1995,kilograms,0,0,0,0,0,0,0,0,0,0,0,"1,346"
1995,First Unit of Quantity,1605201020,China,1995,kilograms,"13,540","41,510",0,"137,820","82,800","42,279","52,627","33,763",0,0,0,0
1995,First Unit of Quantity,1605201030,China,1995,kilograms,0,0,0,"17,256",0,0,"18,899",0,0,0,0,0
1995,First Unit of Quantity,1605201040,China,1995,kilograms,0,0,0,0,0,"3,377",0,0,0,0,0,"2,177"
1995,First Unit of Quantity,1605201050,China,1995,kilograms,"3,899","13,000",0,0,"16,080",0,"1,996","18,932",0,"17,986","18,020","10,854"
1995,First Unit of Quantity,1605301090,China,1995,kilograms,0,0,0,"5,699",0,0,0,0,0,0,0,0
1995,First Unit of Quantity,1605400500,China,1995,kilograms,0,0,0,"1,888",0,0,673,0,0,0,0,0
1995,First Unit of Quantity,1605401000,China,1995,kilograms,0,"10,905",0,0,"16,638","166,853","505,772","662,076","250,569","125,510","72,112","57,753"
1995,First Unit of Quantity,1605900500,China,1995,kilograms,0,0,0,0,"12,133",0,"18,931",0,0,0,0,0
1995,First Unit of Quantity,1605900600,China,1995,kilograms,0,0,0,0,0,0,0,"5,051",0,0,0,0
1995,First Unit of Quantity,1605901000,China,1995,kilograms,"63,479","14,736",0,0,0,"19,051","11,088",0,"27,216",0,"40,824","17,936"
1995,First Unit of Quantity,1605902000,China,1995,kilograms,"38,791","14,629","41,870","28,107","42,628","1,531",0,0,0,0,"14,288",0
1995,First Unit of Quantity,1605903000,China,1995,kilograms,"14,969",0,0,0,0,"15,613",0,0,0,"18,507","5,729",0
1995,First Unit of Quantity,1605904000,China,1995,kilograms,"33,169",0,0,0,0,"22,452","67,357","52,007","49,773","19,788","37,976",0
1995,First Unit of Quantity,1605905000,China,1995,kilograms,0,0,0,0,0,"10,201","50,077","64,928",0,"34,004",0,0
1995,First Unit of Quantity,1605905500,China,1995,kilograms,0,0,0,0,0,0,0,0,0,80,0,0
1995,First Unit of Quantity,1605906020,China,1995,kilograms,147,0,0,0,260,0,0,0,0,418,0,0
1995,First Unit of Quantity,1605906040,China,1995,kilograms,0,0,0,0,0,0,"2,780",0,458,0,0,0
1995,First Unit of Quantity,1605906055,China,1995,kilograms,0,0,0,0,0,0,0,0,0,244,0,0
1995,First Unit of Quantity,1605906060,China,1995,kilograms,"2,466","7,485","1,135","2,566","11,272","11,455","10,504","4,295","21,548","44,539","33,270",748
1995,First Unit of Quantity,1701111000,China,1995,kilograms,0,0,0,0,0,0,0,0,"31,752","151,666",0,0
1995,First Unit of Quantity,1701115000,China,1995,kilograms,"17,009",0,"8,074",0,"17,025","26,550","54,020","15,855",0,"7,258","28,349","22,842"
1995,First Unit of Quantity,1701910500,China,1995,kilograms,0,0,0,0,0,0,0,"2,268",0,"8,480",0,0
1995,First Unit of Quantity,1701913000,China,1995,kilograms,"38,521",0,"13,585","16,987","49,894","100,335","32,130","83,620","49,669","5,610",0,"38,000"
1995,First Unit of Quantity,1701914200,China,1995,kilograms,0,0,0,0,0,"7,810",0,0,0,0,0,0
1995,First Unit of Quantity,1701918000,China,1995,kilograms,0,0,"2,520","10,730",0,"6,594","14,567","4,501","4,438",0,0,"8,314"
1995,First Unit of Quantity,1701990500,China,1995,kilograms,0,0,0,0,0,0,0,0,0,"5,275",0,0
1995,First Unit of Quantity,1701991000,China,1995,kilograms,0,0,0,0,0,0,0,0,0,"13,154",0,0
1995,First Unit of Quantity,1701995000,China,1995,kilograms,"9,689","3,406","4,423",0,"24,970","6,804","24,788","9,255",0,"24,951","20,414","10,211"
1995,First Unit of Quantity,1702304040,China,1995,kilograms,0,0,0,0,0,"7,500",0,0,0,0,0,0
1995,First Unit of Quantity,1702304080,China,1995,kilograms,0,0,0,0,0,0,0,0,0,"13,607",0,0
1995,First Unit of Quantity,1702402200,China,1995,kilograms,0,0,0,0,"17,500",0,0,"17,500","52,000","17,000","34,000",0
1995,First Unit of Quantity,1702404000,China,1995,kilograms,0,"13,215","5,171",0,"15,966",0,"25,426","15,100",0,0,0,0
1995,First Unit of Quantity,1702903500,China,1995,liters,"6,962",0,0,0,0,0,0,0,0,0,0,0
1995,First Unit of Quantity,1702904000,China,1995,liters,0,0,0,0,0,0,0,0,0,0,"4,653",0
1995,First Unit of Quantity,1702905200,China,1995,kilograms,0,0,0,0,0,911,0,0,0,0,0,0
1995,First Unit of Quantity,1702909000,China,1995,kilograms,"5,298","3,150","16,072","4,607",0,"2,375","5,000","3,795","2,500","26,810","11,330","14,538"
1995,First Unit of Quantity,1704100000,China,1995,kilograms,0,"9,000","42,091","69,822","23,200",0,0,0,"9,652",0,0,"4,000"
1995,First Unit of Quantity,1704901000,China,1995,kilograms,"4,500",0,0,"2,603",0,"1,903",0,"4,195",0,0,0,"10,340"
1995,First Unit of Quantity,1704902000,China,1995,kilograms,"267,860","51,359","1,000",0,0,0,0,0,0,0,0,0
1995,First Unit of Quantity,1704902005,China,1995,kilograms,0,"6,000","62,265","63,305","268,146","269,095","308,958","229,271","124,041","184,083","252,888","192,270"
1995,First Unit of Quantity,1704902010,China,1995,kilograms,0,0,"1,157","14,914","20,407","21,362","61,632","59,302","19,930","11,786","1,944","31,517"
1995,First Unit of Quantity,1704909000,China,1995,kilograms,0,0,0,0,0,"1,000",0,0,0,0,0,0
1995,First Unit of Quantity,1801000000,China,1995,kilograms,0,0,0,0,0,"54,000",0,0,0,0,0,0
1995,First Unit of Quantity,1803200000,China,1995,kilograms,0,0,0,0,0,"40,166",0,"33,249",0,0,0,0
1995,First Unit of Quantity,1804000000,China,1995,kilograms,"627,786","157,000","512,000","447,000","1,070,500","875,500","764,000","306,000","180,000","216,000","214,500","1,458,500"
1995,First Unit of Quantity,1805000000,China,1995,kilograms,"52,128",0,0,0,0,0,0,"6,010",0,0,"27,261","84,301"
1995,First Unit of Quantity,1806909000,China,1995,kilograms,"1,552",0,0,0,0,0,0,0,0,0,"4,176",0
1995,First Unit of Quantity,1901208000,China,1995,kilograms,"1,701",0,0,0,"1,701",0,"1,701",0,0,0,0,0
1995,First Unit of Quantity,1901901000,China,1995,liters,0,0,"14,414",0,0,0,0,0,0,0,0,0
1995,First Unit of Quantity,1901902500,China,1995,kilograms,"3,409",0,0,"1,745",0,"20,221",0,"17,760","17,760",0,0,0
1995,First Unit of Quantity,1901909085,China,1995,kilograms,0,0,0,"16,891",0,0,0,0,0,0,0,0
1995,First Unit of Quantity,1901909095,China,1995,kilograms,"43,331","98,608","48,505","55,849","138,368","126,847","115,777","196,025","38,955","43,274","18,913","33,983"
1995,First Unit of Quantity,1902112000,China,1995,kilograms,"31,295","13,517","8,778","10,340","27,942","55,988","91,431","17,313","21,211","35,450","33,638","42,181"
1995,First Unit of Quantity,1902114000,China,1995,kilograms,0,0,0,0,0,0,"31,951","23,827","118,606","95,382","35,749","24,301"
1995,First Unit of Quantity,1902192000,China,1995,kilograms,"1,053,097","723,210","662,617","776,279","894,338","1,510,426","1,153,464","1,426,672","1,207,004","1,229,825","1,416,765","1,313,402"
1995,First Unit of Quantity,1902194000,China,1995,kilograms,"152,142","119,784","5,795","130,892","178,696","232,089","146,927","3,434","1,230","48,960","96,511",0
1995,First Unit of Quantity,1902300040,China,1995,kilograms,"16,670",0,0,0,0,0,0,0,"16,020",0,0,0
1995,First Unit of Quantity,1902300060,China,1995,kilograms,"2,455",960,"16,320","82,385","92,807","39,266","96,510","103,193","65,685","47,673","54,227","89,101"
1995,First Unit of Quantity,1903002000,China,1995,kilograms,0,0,0,0,"18,144",0,0,0,0,"1,362",0,0
1995,First Unit of Quantity,1903004000,China,1995,kilograms,0,0,0,0,0,0,0,"5,738",0,0,0,0
1995,First Unit of Quantity,1904100040,China,1995,kilograms,0,0,0,0,0,"14,320",0,0,0,0,0,0
1995,First Unit of Quantity,1904100080,China,1995,kilograms,0,"15,293",0,0,"2,858",0,0,"14,164",0,"5,275",0,0
1995,First Unit of Quantity,1905300020,China,1995,kilograms,0,0,0,"24,300",0,0,0,0,0,0,0,0
1995,First Unit of Quantity,1905300040,China,1995,kilograms,"5,889","11,552",645,"3,468","2,643","5,346","9,903","2,268","7,046",528,"19,958","13,877"
1995,First Unit of Quantity,1905400000,China,1995,kilograms,0,"3,473",0,"5,030",0,0,"5,698","15,541","13,970","20,033","21,866","14,000"
1995,First Unit of Quantity,1905901041,China,1995,kilograms,"4,059",0,"6,804",198,"3,220",0,0,"8,123",0,0,"1,101",518
1995,First Unit of Quantity,1905901049,China,1995,kilograms,"8,692",0,"2,818",658,"8,042","11,941","7,200",0,0,0,0,0
1995,First Unit of Quantity,1905901050,China,1995,kilograms,"25,619","28,511",704,"9,952","15,169","17,698","30,873","58,624","21,248","7,523","15,873","15,807"
1995,First Unit of Quantity,1905901070,China,1995,kilograms,0,0,0,0,0,0,0,0,0,0,"13,970","19,624"
1995,First Unit of Quantity,1905901090,China,1995,kilograms,"47,261","57,742","38,217","30,975","70,825","36,020","110,425","101,137","89,528","19,760","37,579","80,101"
1995,First Unit of Quantity,1905909030,China,1995,kilograms,"9,071",0,0,0,"8,848",0,"7,893",118,0,0,0,"4,654"
1995,First Unit of Quantity,1905909090,China,1995,kilograms,"40,002","11,121","89,037","12,152","2,102","2,540",0,0,"11,937","5,943",0,"20,596"
1995,First Unit of Quantity,2001200000,China,1995,kilograms,0,0,0,0,0,0,0,"1,200","1,267",0,0,0
1995,First Unit of Quantity,2001903000,China,1995,kilograms,0,0,0,0,"4,790",0,0,0,0,"16,000",0,0
1995,First Unit of Quantity,2001903900,China,1995,kilograms,"1,023","19,949","17,885","16,120","22,772","7,597","39,577",0,"12,703","26,746","45,017","35,839"
1995,First Unit of Quantity,2001904200,China,1995,kilograms,0,0,"11,335",0,0,0,0,0,0,0,0,0
1995,First Unit of Quantity,2001906000,China,1995,kilograms,0,0,816,"2,495","2,215",0,0,0,0,0,"1,421",0
1995,First Unit of Quantity,2003100009,China,1995,kilograms,"27,215","11,552","10,988","35,504","10,350","10,350","16,674","14,670",0,"10,350","10,350",0
1995,First Unit of Quantity,2003100027,China,1995,kilograms,0,0,"8,709","12,291","25,145","56,335","71,017","31,625","59,181","10,549","17,430",0
1995,First Unit of Quantity,2003100031,China,1995,kilograms,"117,654",0,"19,177","55,696","268,139","266,337","212,334","168,643","157,721","114,622","108,887","91,508"
1995,First Unit of Quantity,2003100037,China,1995,kilograms,"374,574","476,684","883,422","724,231","1,005,897","524,407","1,114,967","1,540,489","693,009","163,305","143,261","570,946"
1995,First Unit of Quantity,2003100043,China,1995,kilograms,0,"36,366","28,800","78,068","49,182","41,225","98,839","101,725","75,719","23,816","33,097","11,833"
1995,First Unit of Quantity,2003100047,China,1995,kilograms,"96,742","40,496","129,462","160,552","204,960","138,878","139,077","141,895","124,987","40,765","331,641","56,791"
1995,First Unit of Quantity,2003100053,China,1995,kilograms,"965,491","2,149,418","2,548,917","3,146,281","2,275,876","1,694,064","2,181,465","892,636","1,016,921","557,829","207,627","298,128"
1995,First Unit of Quantity,2004908000,China,1995,kilograms,"19,051",0,0,0,0,0,0,136,0,0,0,"19,068"
1995,First Unit of Quantity,2004909080,China,1995,kilograms,"1,088",0,0,0,"1,500",0,0,0,0,0,0,0
1995,First Unit of Quantity,2005100000,China,1995,kilograms,0,0,"7,632",0,0,0,0,0,"9,677",0,0,0
1995,First Unit of Quantity,2005200060,China,1995,kilograms,0,0,0,0,"1,000",0,0,0,0,0,0,0
1995,First Unit of Quantity,2005400000,China,1995,kilograms,0,0,0,0,"5,000",0,0,0,0,0,0,0
1995,First Unit of Quantity,2005512040,China,1995,kilograms,0,0,0,818,0,0,0,0,0,0,0,0
1995,First Unit of Quantity,2005514040,China,1995,kilograms,"9,072","1,999","28,584","21,500",890,"27,767","13,844","7,983","35,560","34,168","12,324",454
1995,First Unit of Quantity,2005590000,China,1995,kilograms,"5,987","2,376",0,0,"10,818","8,568",0,"21,954",0,"1,782","45,499","9,350"
1995,First Unit of Quantity,2005600000,China,1995,kilograms,"61,422","8,455","18,731","23,746","25,658","30,251",0,"33,741","31,283","16,300","65,390","31,633"
1995,First Unit of Quantity,2005702540,China,1995,kilograms,0,0,"1,123",0,0,0,0,0,0,0,0,0
1995,First Unit of Quantity,2005702550,China,1995,kilograms,0,0,"29,801",0,0,0,0,0,0,0,0,0
1995,First Unit of Quantity,2005702560,China,1995,kilograms,0,0,"7,776",0,0,0,0,0,0,0,0,0
1995,First Unit of Quantity,2005706050,China,1995,kilograms,0,0,"9,430",0,0,0,0,0,0,0,0,0
1995,First Unit of Quantity,2005707500,China,1995,kilograms,0,0,0,0,0,0,0,"2,551",0,160,0,0
1995,First Unit of Quantity,2005709700,China,1995,kilograms,0,0,0,0,0,0,279,0,0,0,0,"2,781"
1995,First Unit of Quantity,2005800000,China,1995,kilograms,0,0,"14,535",0,0,0,0,0,0,0,0,0
1995,First Unit of Quantity,2005902000,China,1995,kilograms,0,"1,973",0,"3,905",0,0,"3,409",0,0,0,755,"1,256"
1995,First Unit of Quantity,2005904010,China,1995,kilograms,"774,640","1,412,084","1,582,208","2,754,171","3,508,378","4,085,460","3,470,909","2,519,624","1,190,544","938,531","939,586","644,224"
1995,First Unit of Quantity,2005904020,China,1995,kilograms,"63,604","155,126","32,898","299,485","309,577","307,157","276,289","215,981","27,537","75,041","64,215","33,630"
1995,First Unit of Quantity,2005906000,China,1995,kilograms,"16,116","55,490","28,161","57,924","183,409","384,431","213,574","440,169","714,191","532,014","290,727","462,237"
1995,First Unit of Quantity,2005909700,China,1995,kilograms,"162,644","90,064","140,336","197,556","64,779","158,591","98,047","178,714","66,327","38,813","123,755","40,905"
1995,First Unit of Quantity,2006003000,China,1995,kilograms,"1,525","5,500",0,"16,970",0,"6,532",0,"18,119",0,"16,000",0,0
1995,First Unit of Quantity,2006005000,China,1995,kilograms,614,0,0,"1,088",0,0,0,0,0,0,0,0
1995,First Unit of Quantity,2006006000,China,1995,kilograms,"2,142",0,0,0,0,0,0,0,0,300,0,0
1995,First Unit of Quantity,2006007000,China,1995,kilograms,"6,202","6,000","2,178",0,"1,496",0,"2,521",0,0,0,0,"7,125"
1995,First Unit of Quantity,2006009000,China,1995,kilograms,"18,215",0,"1,050",0,"3,894","2,187","4,500",0,0,0,0,715
1995,First Unit of Quantity,2007994500,China,1995,kilograms,0,"1,291",0,0,0,0,0,0,0,0,0,0
1995,First Unit of Quantity,2007997500,China,1995,kilograms,0,"10,100",0,0,0,"7,901",0,0,0,0,0,0
1995,First Unit of Quantity,2008110200,China,1995,kilograms,0,0,0,0,0,0,0,0,"14,933",0,0,0
1995,First Unit of Quantity,2008110500,China,1995,kilograms,0,0,0,0,"29,871","74,670","29,882","14,933",0,0,0,0
1995,First Unit of Quantity,2008112500,China,1995,kilograms,0,0,"305,524","250,915","310,150","342,907","87,748","48,466",0,0,0,"136,166"
1995,First Unit of Quantity,2008113500,China,1995,kilograms,"64,864",0,0,0,0,0,0,0,0,0,0,0
1995,First Unit of Quantity,2008114500,China,1995,kilograms,0,0,"30,472",0,"45,450","41,812","22,527","5,687",0,0,0,"14,203"
1995,First Unit of Quantity,2008191040,China,1995,kilograms,0,0,0,0,"2,268",0,0,0,0,0,0,0
1995,First Unit of Quantity,2008191500,China,1995,kilograms,"3,255",0,0,0,0,0,0,0,0,0,0,0
1995,First Unit of Quantity,2008193010,China,1995,kilograms,"15,000",0,0,0,0,0,0,0,0,0,0,0
1995,First Unit of Quantity,2008194000,China,1995,kilograms,0,"1,072",0,544,0,0,0,0,0,0,0,0
1995,First Unit of Quantity,2008195000,China,1995,kilograms,"21,196","4,254",0,0,"2,000","2,594","10,388",0,0,0,0,"12,391"
1995,First Unit of Quantity,2008199090,China,1995,kilograms,"22,062","1,572","1,361","5,756","1,684","5,361","1,197","7,552","1,337","3,163","7,683","3,356"
1995,First Unit of Quantity,2008200010,China,1995,kilograms,0,0,0,0,0,0,0,"34,929",0,0,"51,029",0
1995,First Unit of Quantity,2008200090,China,1995,kilograms,0,0,0,0,0,0,0,0,"69,859","107,868","116,920","96,161"
1995,First Unit of Quantity,2008301000,China,1995,kilograms,"44,906","4,785",0,"3,387","3,060",750,"4,092",300,910,"2,547",0,0
1995,First Unit of Quantity,2008304200,China,1995,kilograms,"881,832","1,071,238","1,381,811","1,780,494","2,383,147","1,200,722",0,0,0,0,0,0
1995,First Unit of Quantity,2008304210,China,1995,kilograms,0,0,0,0,0,0,"361,339","203,667","62,196","105,995","87,977","208,282"
1995,First Unit of Quantity,2008304290,China,1995,kilograms,0,0,0,0,0,0,"439,836","58,732","58,924","14,768","59,874","120,771"
1995,First Unit of Quantity,2008304600,China,1995,kilograms,"25,651",0,0,0,"59,875",0,"14,976",0,0,0,0,0
1995,First Unit of Quantity,2008304800,China,1995,kilograms,"85,753","130,932","112,027","227,323","419,170","239,636","465,427","45,427","106,387","22,279","29,937","126,716"
1995,First Unit of Quantity,2008306000,China,1995,kilograms,"16,465","1,300",0,0,0,0,"1,063",0,0,0,0,"1,530"
1995,First Unit of Quantity,2008308000,China,1995,kilograms,0,0,0,0,"14,347",0,0,"4,082",0,160,0,0
1995,First Unit of Quantity,2008309500,China,1995,kilograms,0,0,0,0,0,0,0,"4,031",0,0,0,0
1995,First Unit of Quantity,2008400020,China,1995,kilograms,0,0,0,0,0,0,0,"58,752",0,0,0,0
1995,First Unit of Quantity,2008504000,China,1995,kilograms,0,"1,400",0,0,0,0,0,0,0,0,0,0
1995,First Unit of Quantity,2008700020,China,1995,kilograms,0,"15,300",0,0,0,0,0,0,0,"15,300","70,380","71,604"
1995,First Unit of Quantity,2008700040,China,1995,kilograms,0,0,0,0,"61,740","13,792",0,0,0,0,0,0
1995,First Unit of Quantity,2008921040,China,1995,kilograms,0,0,0,0,0,0,0,0,0,0,"2,257",0
1995,First Unit of Quantity,2008990500,China,1995,kilograms,"68,892","101,504","113,530","62,925","16,344","16,344",0,0,0,0,0,0
1995,First Unit of Quantity,2008992000,China,1995,kilograms,0,0,0,"14,100",0,0,"14,250","14,250",0,160,0,0
1995,First Unit of Quantity,2008992500,China,1995,kilograms,"2,722",0,0,0,0,0,"1,000",0,0,"2,853",0,0
1995,First Unit of Quantity,2008993500,China,1995,kilograms,"16,875","17,618",0,0,"4,566",0,0,0,0,0,0,0
1995,First Unit of Quantity,2008995000,China,1995,kilograms,"15,400",0,0,0,0,0,"15,400",0,0,0,"30,200","38,400"
1995,First Unit of Quantity,2008996000,China,1995,kilograms,"20,631","8,440","6,146","15,143","16,235","3,230","14,815","10,247",147,"17,474","22,808","5,869"
1995,First Unit of Quantity,2008996100,China,1995,kilograms,"30,984","19,341",0,"44,442",0,"9,072","1,986","66,066","10,280","9,072","50,034","18,144"
1995,First Unit of Quantity,2008996300,China,1995,kilograms,"36,450","2,625","1,251","43,740",0,0,0,0,0,0,"1,135","6,660"
1995,First Unit of Quantity,2008998000,China,1995,kilograms,0,"4,152",0,0,0,0,0,0,0,0,0,599
1995,First Unit of Quantity,2008999010,China,1995,kilograms,"69,941","33,341","21,579","27,578","27,815","39,234","123,542","33,463","53,227","48,795","56,206","47,100"
1995,First Unit of Quantity,2008999090,China,1995,kilograms,"6,115","52,690","145,029","134,146","80,379","50,005","166,714","126,331","65,355","84,941","106,607","253,451"
1995,First Unit of Quantity,2009404040,China,1995,liters,0,0,"18,661",0,0,"17,400",0,0,"161,768",0,0,0
1995,First Unit of Quantity,2009700020,China,1995,liters,"581,996",0,"36,398","145,663",0,0,"178,387","100,380",0,"456,564","1,072,099","5,597,316"
1995,First Unit of Quantity,2009802000,China,1995,liters,0,0,760,0,0,0,0,0,0,0,0,0
1995,First Unit of Quantity,2009806090,China,1995,liters,"23,520","56,352",0,0,0,"4,725",0,0,0,"54,290",0,"76,076"
1995,First Unit of Quantity,2009808031,China,1995,liters,0,0,0,0,0,"17,400",0,0,0,0,0,0
1995,First Unit of Quantity,2009904000,China,1995,liters,0,0,0,0,"12,060","11,808",0,0,0,0,0,0
1995,First Unit of Quantity,2101202000,China,1995,kilograms,423,"4,750",0,100,"1,896",0,"1,267","2,159","4,075","6,376","6,310","7,273"
1995,First Unit of Quantity,2101300000,China,1995,kilograms,0,0,0,0,0,0,454,0,0,0,"5,652",0
1995,First Unit of Quantity,2102100000,China,1995,kilograms,0,0,0,0,0,0,0,0,0,"3,167",0,0
1995,First Unit of Quantity,2102204000,China,1995,kilograms,0,368,0,"1,429",0,0,0,"1,020",0,595,0,0
1995,First Unit of Quantity,2102206000,China,1995,kilograms,0,0,0,0,227,340,0,0,0,0,0,0
1995,First Unit of Quantity,2102300000,China,1995,kilograms,0,"1,378",0,0,0,"1,179",0,0,0,"16,300",568,0
1995,First Unit of Quantity,2103100000,China,1995,kilograms,"340,969","700,529","299,250","682,576","880,996","745,464","666,325","1,264,214","510,141","615,285","867,039","511,960"
1995,First Unit of Quantity,2103304000,China,1995,kilograms,0,893,0,0,0,0,0,0,0,0,0,0
1995,First Unit of Quantity,2103902000,China,1995,kilograms,"12,978","15,382","15,660",0,"11,505","16,446","62,260",0,"17,488","16,761","26,356","75,000"
1995,First Unit of Quantity,2103907200,China,1995,kilograms,0,0,"12,463","9,900","11,948","27,348","17,500",0,0,0,0,"25,058"
1995,First Unit of Quantity,2103907800,China,1995,kilograms,"8,816",0,0,0,0,0,0,0,0,0,0,0
1995,First Unit of Quantity,2103908000,China,1995,kilograms,"79,828","78,283","65,021","91,724","104,643","123,869","48,298","118,459","156,833","162,281","181,446","157,913"
1995,First Unit of Quantity,2103909040,China,1995,kilograms,0,"15,390",0,"16,330","13,186",0,0,0,0,0,0,0
1995,First Unit of Quantity,2103909060,China,1995,kilograms,"37,350","110,393","38,333","132,650","181,540","121,122","166,741","164,549","110,178","148,981","214,577","228,543"
1995,First Unit of Quantity,2104100020,China,1995,kilograms,"1,420",908,0,"4,525","1,634","12,996","22,250","29,299","12,762","10,860","21,173","4,855"
1995,First Unit of Quantity,2104100040,China,1995,kilograms,0,0,0,0,0,"9,554",0,0,0,"1,022",0,0
1995,First Unit of Quantity,2104100060,China,1995,kilograms,"4,800",0,0,"4,141",0,0,"3,019",0,0,747,0,0
1995,First Unit of Quantity,2106100000,China,1995,kilograms,200,0,0,0,0,0,873,59,760,0,0,0
1995,First Unit of Quantity,2106905830,China,1995,kilograms,0,0,"19,760","38,981",0,0,"39,202",0,"19,760",0,0,0
1995,First Unit of Quantity,2106905850,China,1995,kilograms,0,0,0,0,0,600,0,0,0,0,0,0
1995,First Unit of Quantity,2106905870,China,1995,kilograms,0,0,0,0,0,"9,411",0,0,0,0,0,0
1995,First Unit of Quantity,2106905890,China,1995,kilograms,312,0,"24,000","14,000","15,000",0,"17,616",0,0,0,"17,125",0
1995,First Unit of Quantity,2106906200,China,1995,kilograms,"9,038","4,866",0,0,0,0,0,0,0,0,0,0
1995,First Unit of Quantity,2106907200,China,1995,kilograms,"1,733",0,0,0,0,0,0,0,0,0,0,0
1995,First Unit of Quantity,2106907800,China,1995,kilograms,0,0,0,0,0,0,"2,620",0,0,0,0,0
1995,First Unit of Quantity,2106908000,China,1995,kilograms,0,"1,869",0,0,0,0,0,0,"5,610",0,0,0
1995,First Unit of Quantity,2106909500,China,1995,kilograms,560,0,"3,402","3,318","9,010","6,041",0,"1,256",0,"3,838","1,080",0
1995,First Unit of Quantity,2106909973,China,1995,kilograms,"2,667","22,606",0,268,0,0,"14,385","19,200",0,"9,617","13,120","19,120"
1995,First Unit of Quantity,2106909987,China,1995,kilograms,"34,911","31,122","36,969","46,351","43,706","68,574","45,244","114,895","36,324","66,291","38,769","33,534"
1995,First Unit of Quantity,2106909990,China,1995,kilograms,0,"15,554",0,"16,521","60,300","23,100","6,466",0,"24,412",0,"15,552",0
1995,First Unit of Quantity,2106909995,China,1995,kilograms,0,252,0,0,0,"7,551",0,0,0,0,0,0
1995,First Unit of Quantity,2106909997,China,1995,kilograms,0,"18,132",0,0,0,0,0,0,0,"23,328",0,"2,400"
1995,First Unit of Quantity,2106909999,China,1995,kilograms,"128,294","84,276","144,217","115,333","134,453","112,434","109,640","196,341","178,105","98,391","86,606","100,652"
1995,First Unit of Quantity,2202100020,China,1995,liters,0,0,0,0,776,0,0,0,0,0,0,0
1995,First Unit of Quantity,2202100040,China,1995,liters,"3,354",0,180,0,"1,593","3,259",0,"7,738",0,0,0,0
1995,First Unit of Quantity,2202100060,China,1995,liters,"47,196",0,"4,614","48,123","31,500","110,250","205,620","286,978","206,819","82,246","54,917",0
1995,First Unit of Quantity,2202909090,China,1995,liters,"64,320",0,"6,600","13,110","10,600","11,220","12,960","1,775","1,217","2,544","25,598","29,096"
1995,First Unit of Quantity,2203000030,China,1995,liters,"390,755","209,235","814,422","710,691","797,843","632,259","719,795","996,600","356,095","1,266,563","550,802","461,325"
1995,First Unit of Quantity,2203000060,China,1995,liters,"15,949",0,0,0,0,0,0,0,0,0,0,0
1995,First Unit of Quantity,2203000090,China,1995,liters,0,0,0,0,0,0,0,"15,876",0,0,0,0
1995,First Unit of Quantity,2204215015,China,1995,liters,"7,200",0,0,0,0,0,0,0,0,0,0,0
1995,First Unit of Quantity,2204215030,China,1995,liters,"4,500","3,600",0,0,0,0,0,"6,174","3,051",0,0,0
1995,First Unit of Quantity,2204215045,China,1995,liters,"5,850",0,0,0,0,0,"2,700",0,"3,600",0,0,"1,800"
1995,First Unit of Quantity,2204292060,China,1995,liters,0,0,0,0,0,0,0,0,0,0,0,848
1995,First Unit of Quantity,2205103000,China,1995,liters,0,0,0,0,0,0,900,0,0,0,0,0
1995,First Unit of Quantity,2206004500,China,1995,liters,"59,445","15,534","50,238","36,000","41,076","31,344","37,430","37,419","15,570","38,825","25,061","32,036"
1995,First Unit of Quantity,2206009000,China,1995,liters,0,0,0,0,0,0,0,"2,070",0,0,0,0
1995,First Unit of Quantity,2208902500,China,1995,proof liters,0,0,0,0,0,0,"2,988",0,0,0,0,0
1995,First Unit of Quantity,2208904530,China,1995,proof liters,"5,265",0,"5,462",654,0,"8,540","6,624",0,"5,678",0,"2,228","2,205"
1995,First Unit of Quantity,2208904560,China,1995,proof liters,0,0,0,0,0,0,0,"9,234",0,"2,700","6,278","1,282"
1995,First Unit of Quantity,2208906500,China,1995,proof liters,0,0,0,0,0,0,0,0,0,0,0,0
1995,First Unit of Quantity,2208907000,China,1995,proof liters,0,0,0,0,0,0,"5,083",0,0,"29,390","34,910","42,324"
1995,First Unit of Quantity,2208907500,China,1995,proof liters,"11,548","10,809","15,329",0,"6,775","13,175","11,591","10,337","19,741","10,827","12,137","18,933"
1995,First Unit of Quantity,2209000000,China,1995,proof liters,"54,498","40,556","17,994","40,387","70,696","58,842","37,565","71,334","38,156","50,253","46,648","19,196"
1995,First Unit of Quantity,2302500000,China,1995,metric tons,0,0,0,0,0,7,7,0,0,0,0,0
1995,First Unit of Quantity,2304000000,China,1995,kilograms,0,0,0,0,0,"1,415",0,0,0,0,0,0
1995,First Unit of Quantity,2309901015,China,1995,kilograms,0,0,0,0,0,"7,891",0,0,0,0,"7,413",0
1995,First Unit of Quantity,2309901035,China,1995,metric tons,0,0,0,0,0,0,0,15,0,0,0,0
1995,First Unit of Quantity,2309901050,China,1995,metric tons,106,177,177,211,70,71,124,159,71,230,263,105
1995,First Unit of Quantity,2401106030,China,1995,kilograms,0,0,0,0,0,0,0,"19,200",0,0,0,0
1995,First Unit of Quantity,2401106330,China,1995,kilograms,0,0,0,0,0,0,0,0,"6,600",0,"20,400",0
1995,First Unit of Quantity,2401202040,China,1995,kilograms,0,0,421,0,6,0,0,0,0,0,0,0
1995,First Unit of Quantity,2401204585,China,1995,kilograms,"28,600",0,0,0,0,0,0,0,0,0,0,0
1995,First Unit of Quantity,2401208010,China,1995,kilograms,"26,200",0,0,"153,600","237,944",0,0,"395,280","5,000",0,0,0
1995,First Unit of Quantity,2401208020,China,1995,kilograms,0,0,0,0,"49,000",0,0,"21,760",0,0,0,0
1995,First Unit of Quantity,2401208510,China,1995,kilograms,0,0,0,0,0,0,0,0,"13,000",0,0,0
1995,First Unit of Quantity,2401303310,China,1995,kilograms,0,0,0,0,0,0,0,0,0,"170,000",0,0
1995,First Unit of Quantity,2402208000,China,1995,thousand units,0,400,0,0,"2,000",0,0,"2,000",0,100,357,"2,400"
1995,First Unit of Quantity,2402209000,China,1995,thousand units,0,0,0,0,0,52,0,0,0,0,0,0
1995,First Unit of Quantity,2402900000,China,1995,thousand units,0,0,0,0,0,0,0,0,0,14,0,0
1995,First Unit of Quantity,2501000000,China,1995,metric tons,1,0,0,0,0,0,0,38,0,0,"22,567",0
1995,First Unit of Quantity,2504101000,China,1995,kilograms,"102,000","16,000","55,225","453,554","389,300","351,875","453,658","557,360","298,185","561,300","83,672","125,900"
1995,First Unit of Quantity,2504105000,China,1995,kilograms,"1,141,563","581,210","478,000","633,680","515,040","1,066,776","505,500","959,800","1,269,503","893,326","1,053,167","832,886"
1995,First Unit of Quantity,2504900000,China,1995,kilograms,"2,225","18,000","216,100","765,915","121,175","573,500","331,786","332,838","208,500","4,917","253,559","87,000"
1995,First Unit of Quantity,2505900000,China,1995,metric tons,1,0,3,0,2,0,125,156,280,448,148,152
1995,First Unit of Quantity,2506100050,China,1995,metric tons,4,0,0,1,1,0,1,0,0,0,0,1
1995,First Unit of Quantity,2507000000,China,1995,metric tons,0,0,40,41,0,0,0,40,0,100,0,0
1995,First Unit of Quantity,2508400050,China,1995,metric tons,0,0,0,0,3,0,0,0,0,0,0,0
1995,First Unit of Quantity,2509002000,China,1995,metric tons,0,0,0,1,1,0,8,0,0,0,0,0
1995,First Unit of Quantity,2511105000,China,1995,metric tons,"71,178","37,035","140,411",68,"48,006",51,"117,441","70,761","18,228","2,721","154,999","38,271"
1995,First Unit of Quantity,2511200000,China,1995,kilograms,0,0,0,"68,136",0,0,0,0,"51,000",0,"51,000",0
1995,First Unit of Quantity,2513210000,China,1995,kilograms,0,"85,000","90,000",0,0,370,0,0,0,0,0,0
1995,First Unit of Quantity,2513290000,China,1995,kilograms,245,77,161,"90,473","100,019",272,"4,982",545,0,0,483,"2,000"
1995,First Unit of Quantity,2514000000,China,1995,metric tons,0,16,20,0,158,0,70,0,123,0,0,0
1995,First Unit of Quantity,2515110000,China,1995,cubic meters,0,0,0,0,0,7,0,0,0,0,0,0
1995,First Unit of Quantity,2515121000,China,1995,metric tons,0,0,102,0,34,81,19,18,13,71,19,1
1995,First Unit of Quantity,2516110000,China,1995,cubic meters,0,31,0,40,0,0,0,0,0,0,0,0
1995,First Unit of Quantity,2516120000,China,1995,metric tons,42,22,43,0,73,95,0,41,4,0,0,56
1995,First Unit of Quantity,2516210000,China,1995,cubic meters,0,0,0,0,0,21,0,0,0,0,0,0
1995,First Unit of Quantity,2517100015,China,1995,metric tons,0,0,20,0,0,0,0,0,0,0,0,0
1995,First Unit of Quantity,2517100055,China,1995,metric tons,1,0,0,0,0,0,16,0,0,0,0,0
1995,First Unit of Quantity,2519100000,China,1995,metric tons,24,91,0,0,1,0,48,3,526,0,0,0
1995,First Unit of Quantity,2519901000,China,1995,kilograms,"8,146,780","21,880,833","57,488,815","8,249,897","60,646,966","32,679,384","23,424,582","47,448,393","14,661,696","16,962,773","17,355,000","11,848,020"
1995,First Unit of Quantity,2519902000,China,1995,metric tons,0,"12,361","4,714",0,"13,383","16,470","3,181","14,001","8,472","24,080",0,0
1995,First Unit of Quantity,2519905000,China,1995,kilograms,"43,697","35,302","12,000",0,0,"22,145",0,0,0,0,0,"18,500"
1995,First Unit of Quantity,2520100000,China,1995,metric tons,0,0,0,0,1,0,0,0,0,0,0,1
1995,First Unit of Quantity,2521000000,China,1995,metric tons,0,0,0,0,34,0,36,36,0,0,54,72
1995,First Unit of Quantity,2523290000,China,1995,metric tons,"20,454",0,"63,143","20,631",0,"57,994","36,945","37,534","42,559","37,017","20,496",0
1995,First Unit of Quantity,2523300000,China,1995,metric tons,0,0,0,0,0,0,0,0,0,20,0,0
1995,First Unit of Quantity,2523900000,China,1995,metric tons,0,0,0,0,17,0,0,0,0,0,0,0
1995,First Unit of Quantity,2525100050,China,1995,kilograms,"10,378","2,685",0,"9,560",0,"12,120",0,"23,510","11,698","2,040","12,118",0
1995,First Unit of Quantity,2525200000,China,1995,kilograms,0,0,0,0,0,0,0,"2,000",0,0,0,0
1995,First Unit of Quantity,2526100000,China,1995,kilograms,"118,693","14,700","1,012,427",0,"13,900,800",0,"7,739,312","560,180","17,023,000",0,"8,339,136",0
1995,First Unit of Quantity,2526200000,China,1995,metric tons,310,17,174,239,278,210,105,177,33,358,55,171
1995,First Unit of Quantity,2527000000,China,1995,metric tons,0,0,1,0,0,0,0,0,0,0,0,0
1995,First Unit of Quantity,2528100000,China,1995,kilograms,0,0,0,0,0,"2,942",0,0,0,0,0,0
1995,First Unit of Quantity,2529210000,China,1995,metric tons,0,0,"6,686",0,0,0,0,0,0,"3,125",0,"5,249"
1995,First Unit of Quantity,2529220000,China,1995,metric tons,"30,954",0,"18,278","25,052",0,"19,162",0,"24,165","20,117","16,250","9,106","34,399"
1995,First Unit of Quantity,2530100000,China,1995,kilograms,0,0,"40,000","2,661,150","18,000",0,0,0,0,"3,484,200",0,0
1995,First Unit of Quantity,2530900050,China,1995,kilograms,"17,000",0,"17,000",0,50,0,60,"4,710",160,"3,619",0,"17,750"
1995,First Unit of Quantity,2602000040,China,1995,kilograms,"7,095,000",0,"2,159,855",0,"243,520",0,0,0,0,0,0,0
1995,First Unit of Quantity,2602000060,China,1995,kilograms,0,"20,398",0,0,0,0,0,0,"8,500,000",0,0,0
1995,First Unit of Quantity,2606000030,China,1995,metric tons,"2,500",0,"20,403",0,"9,865",0,"10,232",0,"10,652","2,703",100,"3,077"
1995,First Unit of Quantity,2606000060,China,1995,metric tons,0,0,"11,512","16,054","15,392",0,"26,286","20,201","4,131","51,157","8,851",0
1995,First Unit of Quantity,2606000090,China,1995,metric tons,0,0,0,"27,776",0,"13,449",124,0,0,0,"42,355",0
1995,First Unit of Quantity,2607000020,China,1995,kilograms,0,0,0,0,0,0,0,0,"54,000",0,0,0
1995,First Unit of Quantity,2608000010,China,1995,kilograms,0,0,0,0,0,0,0,0,0,0,0,"1,054"
1995,First Unit of Quantity,2611006000,China,1995,kilograms,"1,000",0,0,0,0,0,0,0,0,0,0,0
1995,First Unit of Quantity,2613100000,China,1995,kilograms,0,0,0,0,"16,838",0,0,0,0,"17,092",854,0
1995,First Unit of Quantity,2613900000,China,1995,kilograms,0,0,0,0,"68,154",0,0,0,0,0,0,0
1995,First Unit of Quantity,2614006040,China,1995,kilograms,0,0,0,0,0,0,0,0,0,0,383,0
1995,First Unit of Quantity,2615903000,China,1995,kilograms,0,0,0,0,0,0,0,0,0,"3,607","3,600","4,800"
1995,First Unit of Quantity,2615906060,China,1995,kilograms,0,0,"16,636",0,450,"16,781","1,201","16,830",0,0,0,"16,876"
1995,First Unit of Quantity,2617100000,China,1995,kilograms,"40,000","60,000","126,200","279,912","253,462","127,000","136,000","176,000","60,000",0,0,0
1995,First Unit of Quantity,2620902000,China,1995,kilograms,"3,000",0,0,0,0,0,0,0,0,0,0,0
1995,First Unit of Quantity,2621000000,China,1995,metric tons,34,0,0,0,0,0,0,0,0,0,0,0
1995,First Unit of Quantity,2701110000,China,1995,metric tons,0,0,0,0,0,0,0,48,0,0,0,0
1995,First Unit of Quantity,2701200000,China,1995,metric tons,0,377,0,0,1,0,0,0,0,0,42,0
1995,First Unit of Quantity,2704000015,China,1995,metric tons,"38,814","36,843","41,597","42,834","88,236","22,331",0,0,"71,204","43,236","80,418","74,648"
1995,First Unit of Quantity,2704000020,China,1995,metric tons,0,"81,605","84,475","43,117","41,686","83,475","41,230","124,899","125,525","87,626","82,542","41,832"
1995,First Unit of Quantity,2704000050,China,1995,metric tons,0,0,0,0,0,0,0,0,"37,991",0,0,0
1995,First Unit of Quantity,2708100000,China,1995,kilograms,0,0,0,0,"7,109,400",0,0,0,0,0,0,"7,207,800"
1995,First Unit of Quantity,2709002000,China,1995,barrels,"1,401,327","706,689","1,120,562","2,396,846","1,231,596","650,830","2,473,498","1,254,735","2,191,628","1,229,295","2,000,212","1,971,096"
1995,First Unit of Quantity,2710001050,China,1995,barrels,0,0,"6,973",0,0,0,0,0,0,0,0,0
1995,First Unit of Quantity,2710001530,China,1995,barrels,0,0,0,101,0,0,0,0,0,0,0,0
1995,First Unit of Quantity,2710003080,China,1995,barrels,2,0,0,0,0,0,2,5,0,0,0,0
1995,First Unit of Quantity,2710006000,China,1995,kilograms,0,0,0,0,0,0,0,"1,000",0,0,0,0
1995,First Unit of Quantity,2711130010,China,1995,barrels,0,0,0,0,"2,260",0,0,0,0,0,0,0
1995,First Unit of Quantity,2711130020,China,1995,barrels,0,0,0,0,0,0,0,0,0,0,64,0
1995,First Unit of Quantity,2711190020,China,1995,kilograms,0,0,"32,000",0,"32,000",0,"64,000",0,0,0,0,0
1995,First Unit of Quantity,2712100000,China,1995,kilograms,0,0,0,0,0,288,0,0,0,0,0,0
1995,First Unit of Quantity,2712200000,China,1995,kilograms,"17,621",420,193,"2,489","1,868","2,301","3,280,528","15,750",0,154,105,0
1995,First Unit of Quantity,2712902000,China,1995,kilograms,0,0,235,0,0,0,0,0,0,0,0,0
1995,First Unit of Quantity,2713110000,China,1995,metric tons,"16,141",0,0,0,0,"16,500",0,0,"21,149",0,0,"15,442"
1995,First Unit of Quantity,2802000000,China,1995,metric tons,0,0,0,0,0,16,0,0,0,0,0,0
1995,First Unit of Quantity,2803000010,China,1995,kilograms,0,122,0,0,0,"20,000",0,0,0,0,0,0
1995,First Unit of Quantity,2804500010,China,1995,kilograms,0,0,0,"1,500",0,0,0,0,0,0,0,0
1995,First Unit of Quantity,2804500020,China,1995,kilograms,0,0,0,0,0,0,9,0,30,345,0,220
1995,First Unit of Quantity,2804610000,China,1995,kilograms,"1,505",734,"1,239",957,"1,765","1,971","2,382","2,779","2,066","1,879","2,269","2,587"
1995,First Unit of Quantity,2804691000,China,1995,kilograms,"59,838",0,0,0,0,0,0,0,0,"60,000",0,0
1995,First Unit of Quantity,2804695000,China,1995,kilograms,0,"122,178","71,000","318,886","238,751","131,000","448,540","214,934","212,835",0,"70,000","331,000"
1995,First Unit of Quantity,2804700000,China,1995,kilograms,"290,276","32,000","225,300","65,800","62,900","196,000","49,200","169,580","15,600","66,700","16,038","14,400"
1995,First Unit of Quantity,2804800000,China,1995,kilograms,"140,000","119,800","60,000","75,022",0,0,"20,000","20,000","38,000",0,"18,000",0
1995,First Unit of Quantity,2804900000,China,1995,kilograms,0,0,0,0,0,0,10,0,0,518,0,0
1995,First Unit of Quantity,2805190000,China,1995,kilograms,0,0,0,"3,781",0,"7,000","5,667",0,"2,495",0,0,0
1995,First Unit of Quantity,2805210000,China,1995,kilograms,"18,909","26,800","33,032","4,200","63,556","32,070","49,600","64,820","30,984","4,256","41,782","62,776"
1995,First Unit of Quantity,2805221000,China,1995,kilograms,0,"3,000",0,0,0,0,"3,480",0,0,"4,241",0,"3,000"
1995,First Unit of Quantity,2805222000,China,1995,kilograms,0,0,0,0,0,0,0,0,0,449,0,0
1995,First Unit of Quantity,2805300000,China,1995,kilograms,"1,285","3,150","16,800","9,432","24,516","19,500","10,000","55,910","69,098","131,217","128,700","123,586"
1995,First Unit of Quantity,2809100000,China,1995,kilograms,0,0,"16,250",0,0,0,0,0,0,"33,000",0,0
1995,First Unit of Quantity,2809200030,China,1995,metric tons,0,0,0,172,0,0,0,0,0,0,0,0
1995,First Unit of Quantity,2811110000,China,1995,kilograms,0,0,0,"3,060,339","2,217,554","2,160,501","5,081,711","1,816,555","7,433,748","2,363,409","7,996,590","3,477,145"
1995,First Unit of Quantity,2811196010,China,1995,kilograms,0,0,0,"19,500",0,0,0,"16,400","39,952","39,952","19,976","19,976"
1995,First Unit of Quantity,2811196050,China,1995,kilograms,0,0,0,"18,000",0,0,0,"18,000",0,0,0,"18,000"
1995,First Unit of Quantity,2811221000,China,1995,kilograms,"17,250","33,150",0,"8,322",0,"17,000","18,800",0,0,"19,000","38,128","15,000"
1995,First Unit of Quantity,2811225000,China,1995,kilograms,0,0,0,0,0,0,999,0,0,0,0,70
1995,First Unit of Quantity,2811291000,China,1995,kilograms,"1,935,400","1,669,600","1,175,000","1,071,250","1,717,000","697,400","1,863,200","1,258,536","1,293,000","1,165,520","791,200","1,231,000"
1995,First Unit of Quantity,2812105050,China,1995,kilograms,0,0,"2,000",0,0,"2,160","2,000",0,0,0,0,0
1995,First Unit of Quantity,2813902000,China,1995,kilograms,0,0,0,0,"300,150",0,0,0,0,0,0,0
1995,First Unit of Quantity,2815110000,China,1995,kilograms,0,0,0,0,0,0,0,"18,000",0,0,0,0
1995,First Unit of Quantity,2815300000,China,1995,kilograms,"1,500",0,0,0,0,0,0,0,0,0,0,"2,500"
1995,First Unit of Quantity,2816300000,China,1995,kilograms,0,"70,000",0,"17,000",0,"105,500","36,000","35,000","198,288","36,000","17,000",0
1995,First Unit of Quantity,2817000000,China,1995,kilograms,"372,068","273,000","495,667","190,000","63,180","188,000","122,500","1,184,275",0,"92,000","58,000",0
1995,First Unit of Quantity,2818101000,China,1995,metric tons,0,0,"5,291",0,0,0,18,0,432,"1,019",90,"3,143"
1995,First Unit of Quantity,2818102000,China,1995,kilograms,"270,240","170,400","250,000","186,000","370,050","634,000","31,338","484,770","258,600","120,000","255,900","5,945,800"
1995,First Unit of Quantity,2818200000,China,1995,kilograms,"854,678","96,320","3,533,355","3,184,343","1,780,900","119,056","415,193","4,268,860","376,000","207,517","1,882,534","2,453,967"
1995,First Unit of Quantity,2818300000,China,1995,kilograms,"1,863","1,325,280",0,0,0,"2,620,000",0,0,0,0,0,0
1995,First Unit of Quantity,2819100000,China,1995,kilograms,"32,000","155,630","191,000","93,600","127,600","189,600",0,"93,600",0,0,0,0
1995,First Unit of Quantity,2819900000,China,1995,kilograms,"69,580","34,000","103,000","30,845","87,000","53,000","51,000","72,000","36,000","18,000","108,000","55,000"
1995,First Unit of Quantity,2820100000,China,1995,kilograms,0,0,0,0,0,0,0,"17,000",0,0,0,"17,000"
1995,First Unit of Quantity,2820900000,China,1995,kilograms,0,0,0,0,0,0,0,0,0,9,0,0
1995,First Unit of Quantity,2821100010,China,1995,kilograms,"1,320","180,000",0,"6,000",0,0,0,"73,037",0,0,0,0
1995,First Unit of Quantity,2821100020,China,1995,kilograms,"327,966","513,439","697,396","473,424","1,093,488","1,095,807","839,400","919,871","737,292","619,781","679,601","629,172"
1995,First Unit of Quantity,2821100030,China,1995,kilograms,"215,014",0,"465,917","390,878","413,149","311,764","456,034","205,408","377,234","393,000","244,791","362,225"
1995,First Unit of Quantity,2821100040,China,1995,kilograms,0,0,"52,569",0,"17,963",0,0,"19,958","39,917",0,0,0
1995,First Unit of Quantity,2821100050,China,1995,kilograms,"39,000",0,"44,000","13,500","70,636","17,136","82,925","48,707","18,072","13,500","17,000","13,500"
1995,First Unit of Quantity,2822000000,China,1995,kilograms,0,0,0,0,0,0,0,0,0,0,"11,524",0
1995,First Unit of Quantity,2823000000,China,1995,kilograms,0,"29,565","69,057","51,000","37,816","85,000","95,337","51,000","50,000","34,671","49,470","64,388"
1995,First Unit of Quantity,2825100000,China,1995,kilograms,"12,000",0,0,0,"3,000",0,0,0,"10,000",0,0,0
1995,First Unit of Quantity,2825200000,China,1995,kilograms,"6,800",0,0,0,0,"19,725",0,"2,750","26,622",0,"17,600","9,100"
1995,First Unit of Quantity,2825300010,China,1995,kilograms,0,0,"34,000",0,"85,000","49,200",0,0,0,0,0,0
1995,First Unit of Quantity,2825400000,China,1995,kilograms,0,0,0,0,94,0,0,0,0,0,0,0
1995,First Unit of Quantity,2825600000,China,1995,kilograms,"3,155",100,"9,000",0,"7,000","6,000","8,000","5,000","17,752","32,000",10,"32,658"
1995,First Unit of Quantity,2825700000,China,1995,kilograms,0,"41,000",0,0,0,"17,000",0,0,0,0,0,0
1995,First Unit of Quantity,2825800000,China,1995,kilograms,"534,800","241,998","80,000","600,000","496,000","700,000","453,000","914,610","751,000","548,200","944,401","517,000"
1995,First Unit of Quantity,2825901000,China,1995,kilograms,0,"4,255","3,403",0,0,0,0,0,0,0,0,0
1995,First Unit of Quantity,2825901500,China,1995,kilograms,0,0,300,331,300,0,50,0,0,50,550,600
1995,First Unit of Quantity,2825903000,China,1995,kilograms,"176,021","125,000","104,700","179,000","173,816","242,000","62,000","210,701","54,000","120,000","18,000","76,000"
1995,First Unit of Quantity,2825909000,China,1995,kilograms,0,774,0,500,0,"12,522","2,100",513,511,653,11,512
1995,First Unit of Quantity,2826111000,China,1995,kilograms,"35,144","17,386",0,0,"18,144",0,0,"18,144",0,0,0,0
1995,First Unit of Quantity,2826115000,China,1995,kilograms,"17,900","17,500",0,0,"88,216","34,000","84,000","86,000",0,"67,000",0,0
1995,First Unit of Quantity,2826190000,China,1995,kilograms,"97,000","36,000","54,000","18,228","50,000","54,000","18,000","125,000",0,"94,000","72,312","21,405"
1995,First Unit of Quantity,2826200000,China,1995,kilograms,0,0,0,0,"8,000",0,0,0,0,0,0,0
1995,First Unit of Quantity,2826300000,China,1995,metric tons,0,0,20,40,200,0,0,0,0,0,0,0
1995,First Unit of Quantity,2826900000,China,1995,kilograms,0,0,0,"18,000","18,000","53,020",0,0,"1,500",0,"17,500","69,000"
1995,First Unit of Quantity,2827100000,China,1995,kilograms,"103,376","15,550","18,631","35,000","17,500","2,633",0,"17,500","34,500","73,400","17,500","17,588"
1995,First Unit of Quantity,2827200000,China,1995,kilograms,"17,000",0,0,0,0,0,0,0,0,0,0,"20,000"
1995,First Unit of Quantity,2827310000,China,1995,kilograms,0,0,0,0,"16,335",0,0,0,0,0,0,0
1995,First Unit of Quantity,2827380000,China,1995,kilograms,0,0,0,0,0,"40,000",0,0,"72,000","34,500",0,0
1995,First Unit of Quantity,2827395000,China,1995,kilograms,"12,960","5,000","18,000",0,"12,000",25,0,40,0,0,"34,000",0
1995,First Unit of Quantity,2827495000,China,1995,kilograms,"156,000","104,000","173,000","239,000","154,000","137,000","102,000","173,000","119,000","68,000","120,000","272,000"
1995,First Unit of Quantity,2827510000,China,1995,kilograms,0,0,0,0,"12,000",0,0,0,0,"12,000","17,000",0
1995,First Unit of Quantity,2827595000,China,1995,kilograms,0,"25,000",0,"20,080",0,0,"29,287",0,"17,225",0,0,0
1995,First Unit of Quantity,2829900500,China,1995,kilograms,0,0,0,0,0,0,0,0,0,0,0,"10,000"
1995,First Unit of Quantity,2829902500,China,1995,kilograms,0,0,0,"34,000","17,000","34,190","33,993","51,000","34,340","17,000","68,540","17,340"
1995,First Unit of Quantity,2829904000,China,1995,kilograms,"16,000",0,"48,000","33,500","15,000","82,000","16,000","69,000","32,000","64,000","34,325","48,184"
1995,First Unit of Quantity,2829906000,China,1995,kilograms,50,0,0,0,0,0,"1,000",0,0,0,0,0
1995,First Unit of Quantity,2830100000,China,1995,kilograms,0,0,0,0,"3,210",0,0,"18,000","70,400",0,0,0
1995,First Unit of Quantity,2830202000,China,1995,kilograms,14,16,0,0,0,0,10,0,0,20,0,10
1995,First Unit of Quantity,2830900000,China,1995,kilograms,0,0,0,0,0,"19,750",0,0,0,"20,000",0,0
1995,First Unit of Quantity,2831101000,China,1995,kilograms,0,0,"62,800","61,650","141,300","107,998","63,400","141,300","139,849","170,810","144,277","92,792"
1995,First Unit of Quantity,2831105000,China,1995,kilograms,"47,100","47,100",0,0,0,0,0,0,0,0,"18,000","288,000"
1995,First Unit of Quantity,2832100000,China,1995,kilograms,0,0,0,0,0,0,"17,000","34,000",0,0,0,0
1995,First Unit of Quantity,2832301000,China,1995,kilograms,0,0,"37,125","20,000",0,0,0,"40,000",0,"20,000","17,500",0
1995,First Unit of Quantity,2833190000,China,1995,kilograms,0,0,0,0,0,0,0,0,"17,500",0,"18,000","18,000"
1995,First Unit of Quantity,2833210000,China,1995,kilograms,"58,000","120,000",0,"123,500",0,"62,800","120,000",0,"160,000","120,000","10,000",0
1995,First Unit of Quantity,2833250000,China,1995,kilograms,0,0,0,0,0,0,"38,452","9,998",0,0,0,"20,000"
1995,First Unit of Quantity,2833260000,China,1995,kilograms,"3,350","3,000","111,500",0,"71,500","67,000","4,900","3,000",0,0,0,0
1995,First Unit of Quantity,2833270000,China,1995,kilograms,0,0,0,0,"17,000",0,0,0,0,0,0,0
1995,First Unit of Quantity,2833292000,China,1995,kilograms,"140,000",0,"60,000",0,0,0,0,0,0,0,0,"60,000"
1995,First Unit of Quantity,2833295000,China,1995,kilograms,"191,200","14,000","502,000","80,000",0,"17,000",0,"26,000","1,560,000","46,000","1,613,200","86,000"
1995,First Unit of Quantity,2833300000,China,1995,kilograms,0,0,0,0,"1,134",0,0,0,0,0,0,0
1995,First Unit of Quantity,2833402000,China,1995,kilograms,0,"100,000","20,000",0,"146,000","60,000","120,000","60,000","140,160","200,000","280,000","200,680"
1995,First Unit of Quantity,2833406000,China,1995,kilograms,"77,500","38,000","100,000","60,000","54,000","40,000",0,"60,000","40,000","226,272","140,160","40,000"
1995,First Unit of Quantity,2834101000,China,1995,kilograms,"17,500",0,0,0,0,0,0,0,0,0,0,0
1995,First Unit of Quantity,2834105000,China,1995,kilograms,0,0,0,0,0,0,0,"20,000",0,0,0,0
1995,First Unit of Quantity,2834210000,China,1995,metric tons,0,0,0,0,1,0,0,0,0,0,0,0
1995,First Unit of Quantity,2834295000,China,1995,kilograms,"101,500","199,000","192,000","331,000","258,000","292,325","72,000","234,325","389,872","296,025","112,227","166,000"
1995,First Unit of Quantity,2835220000,China,1995,kilograms,"109,806","97,920","188,878","139,829",0,"211,028","16,000","105,798","138,578","19,960","110,660","53,960"
1995,First Unit of Quantity,2835230000,China,1995,kilograms,"113,057","59,057","18,106","122,866","60,000","60,000","61,106","155,106","41,106","80,000","71,000","91,000"
1995,First Unit of Quantity,2835240000,China,1995,kilograms,0,0,0,0,0,0,0,"17,000","18,000","17,000",0,0
1995,First Unit of Quantity,2835260000,China,1995,kilograms,"68,000",0,"34,000","187,000","51,000","170,000","85,000","119,000",0,"136,000","68,000","102,000"
1995,First Unit of Quantity,2835310000,China,1995,kilograms,"34,027","40,000","40,000","52,475",0,"119,700",0,"44,625",0,"45,050",0,0
1995,First Unit of Quantity,2835391000,China,1995,kilograms,0,"20,000",0,"20,000","20,000",0,"40,000",0,"20,000",0,0,"17,500"
1995,First Unit of Quantity,2835395000,China,1995,kilograms,"229,570","134,210","63,800","188,144","265,410","171,640","176,381","170,325","123,500","160,700","224,200","57,000"
1995,First Unit of Quantity,2836100000,China,1995,kilograms,"20,000","70,000","69,774","69,770","72,500","20,000","7,677","47,690","20,000","20,004","7,715","92,500"
1995,First Unit of Quantity,2836300000,China,1995,kilograms,0,"17,000","50,000","34,000","32,000","32,000",0,"80,000","32,000",0,"16,000","16,000"
1995,First Unit of Quantity,2836401000,China,1995,kilograms,0,0,0,0,"2,951",0,0,0,"2,951","5,400",0,"2,951"
1995,First Unit of Quantity,2836402000,China,1995,kilograms,0,0,0,0,0,0,0,0,0,789,0,0
1995,First Unit of Quantity,2836500000,China,1995,kilograms,"51,000",0,0,"34,000",0,0,0,"15,000",0,0,"4,030","34,386"
1995,First Unit of Quantity,2836600000,China,1995,kilograms,"374,085","343,000","331,240","446,500","312,000","342,272","510,600","361,800","639,000","182,000","580,000","197,000"
1995,First Unit of Quantity,2836910050,China,1995,kilograms,0,0,0,0,0,"17,500",0,"17,000",0,"18,000","18,000",0
1995,First Unit of Quantity,2836920000,China,1995,kilograms,0,0,"18,000",0,"25,000",0,"17,000","17,600",0,"51,000",0,"18,000"
1995,First Unit of Quantity,2836995000,China,1995,kilograms,"71,500",0,"40,000","20,160",0,0,350,0,"3,850","10,000","25,000","18,000"
1995,First Unit of Quantity,2837110000,China,1995,kilograms,"40,000","113,600","60,000","60,000","40,000","20,000","40,000","20,000",0,0,0,"17,000"
1995,First Unit of Quantity,2837201000,China,1995,kilograms,"8,000","17,000","10,000","17,000","17,000","17,000","8,000","37,000",0,"17,000",0,0
1995,First Unit of Quantity,2837205000,China,1995,kilograms,0,"142,000","114,000","284,000","302,500","167,500","19,000","119,575","92,500","76,500","57,136","92,500"
1995,First Unit of Quantity,2838000000,China,1995,kilograms,0,0,0,0,25,0,0,"2,000",0,0,0,0
1995,First Unit of Quantity,2839110000,China,1995,kilograms,"17,200",0,0,0,0,"17,000","17,000",0,0,0,"17,000",0
1995,First Unit of Quantity,2839190000,China,1995,kilograms,0,0,0,0,0,0,"9,500",0,0,0,"9,500",0
1995,First Unit of Quantity,2840110000,China,1995,kilograms,0,0,0,0,"2,268",0,0,0,0,0,0,0
1995,First Unit of Quantity,2840200000,China,1995,kilograms,0,"51,000","86,908","122,500","158,000","83,200","140,133",0,"122,500","89,000",0,"210,000"
1995,First Unit of Quantity,2841100000,China,1995,kilograms,0,"18,000",0,0,0,"35,962",0,0,0,0,0,0
1995,First Unit of Quantity,2841400000,China,1995,kilograms,0,0,0,0,0,0,0,"18,000",0,0,0,0
1995,First Unit of Quantity,2841600010,China,1995,kilograms,"87,100",0,"185,533",0,0,"1,000",0,0,"10,000",0,0,0
1995,First Unit of Quantity,2841705000,China,1995,kilograms,"34,000",0,0,0,0,0,0,"19,000",0,0,0,0
1995,First Unit of Quantity,2841800010,China,1995,kilograms,"69,000","141,000","144,200","149,980","96,200","156,600","88,174","34,000","251,534","68,200","34,000",0
1995,First Unit of Quantity,2841800020,China,1995,kilograms,0,0,0,0,0,"24,458","51,000",0,0,0,0,0
1995,First Unit of Quantity,2841800050,China,1995,kilograms,"51,000","51,000","227,000","179,000","17,000","106,000","153,200",0,"226,000","34,000","186,812","92,400"
1995,First Unit of Quantity,2841905000,China,1995,kilograms,0,0,0,"21,590",0,"16,590","5,500","18,500",0,0,0,0
1995,First Unit of Quantity,2842900000,China,1995,kilograms,0,"17,000",0,0,"32,000",0,0,0,0,0,0,"32,000"
1995,First Unit of Quantity,2844400020,China,1995,Megabecquerels,0,0,0,0,0,0,0,0,0,0,0,100
1995,First Unit of Quantity,2844400050,China,1995,no units collected,0,0,0,0,0,0,0,0,0,0,0,0
1995,First Unit of Quantity,2845100000,China,1995,kilograms,0,0,0,0,0,0,0,0,998,553,0,549
1995,First Unit of Quantity,2845900000,China,1995,kilograms,0,0,0,0,0,0,0,0,0,0,7,0
1995,First Unit of Quantity,2846100000,China,1995,kilograms,"148,700","85,448","68,239","83,700","201,389","186,086","199,060","263,820","361,157","358,114","292,494","228,600"
1995,First Unit of Quantity,2846902010,China,1995,kilograms,"7,100","8,500","30,150","45,000","24,750","39,150","85,500","89,505","75,490","33,450","61,760","24,050"
1995,First Unit of Quantity,2846902050,China,1995,kilograms,"36,000","4,100","49,700","8,400","41,600","6,780","21,255","25,085","10,650","82,351","24,000","15,000"
1995,First Unit of Quantity,2846904000,China,1995,kilograms,250,"3,500",50,0,0,0,0,"2,000",0,0,"3,000","1,010"
1995,First Unit of Quantity,2846908000,China,1995,kilograms,"132,530","21,275","244,750","401,250","761,708","866,922","454,717","1,004,600","93,300","538,642","288,146","569,630"
1995,First Unit of Quantity,2849201000,China,1995,kilograms,0,"2,834,620","22,749,650","11,915,530","5,353,394","6,826,358","407,950","17,486,814","25,819,259","3,810,974",0,"16,711,403"
1995,First Unit of Quantity,2849202000,China,1995,kilograms,0,"20,000",0,"8,657","64,286","1,496,467","19,000","58,000","82,000","50,150","6,000","42,810"
1995,First Unit of Quantity,2849901000,China,1995,kilograms,"2,550","1,000",500,"1,602","4,100",0,800,"5,600","3,000","2,900","1,000","1,000"
1995,First Unit of Quantity,2849903000,China,1995,kilograms,"18,484","11,675","9,750","7,000","18,000","10,400","1,800","17,000","33,000","2,615","10,500","32,793"
1995,First Unit of Quantity,2849905000,China,1995,kilograms,0,100,0,0,0,0,0,0,0,0,0,700
1995,First Unit of Quantity,2850005000,China,1995,kilograms,"18,000","240,000","1,512","18,000",0,"18,500","17,440","208,000","125,500","57,360","35,001","123,400"
1995,First Unit of Quantity,2851000090,China,1995,kilograms,"238,000","119,000",0,0,0,0,0,0,0,"119,000","51,000","68,000"
1995,First Unit of Quantity,2901101000,China,1995,kilograms,0,0,0,"13,991",0,0,0,0,0,0,0,0
1995,First Unit of Quantity,2902190050,China,1995,kilograms,"5,760",0,"66,530",0,"46,320","44,992","78,496","140,096","76,480","93,820","2,160",0
1995,First Unit of Quantity,2902902000,China,1995,kilograms,0,0,0,0,0,0,0,0,0,0,"2,000",0
1995,First Unit of Quantity,2902903050,China,1995,kilograms,0,0,0,0,0,"1,260",0,0,0,0,"59,170",0
1995,First Unit of Quantity,2902909000,China,1995,kilograms,0,0,0,0,"56,000",0,0,0,0,0,0,0
1995,First Unit of Quantity,2903301550,China,1995,kilograms,0,0,0,0,0,0,300,0,0,0,0,0
1995,First Unit of Quantity,2903404020,China,1995,kilograms,0,0,"10,000",0,0,0,"18,000",0,0,0,0,0
1995,First Unit of Quantity,2903404025,China,1995,kilograms,"11,431","11,974",0,0,"12,383",0,0,0,0,0,0,0
1995,First Unit of Quantity,2903404035,China,1995,kilograms,0,0,0,0,"81,000",0,"81,000",0,"55,176","34,200",0,"51,300"
1995,First Unit of Quantity,2903510000,China,1995,kilograms,0,0,0,"8,000",0,0,0,"36,000",0,0,0,0
1995,First Unit of Quantity,2903691000,China,1995,kilograms,0,0,0,0,74,0,0,10,0,0,0,0
1995,First Unit of Quantity,2903697000,China,1995,kilograms,0,0,"6,000",0,"8,000",0,0,0,"14,000","16,000","65,435","16,000"
1995,First Unit of Quantity,2904101000,China,1995,kilograms,0,"28,000","4,500",0,"48,000","17,000",0,"18,584","1,500","17,000",0,"18,000"
1995,First Unit of Quantity,2904103700,China,1995,kilograms,0,0,"3,000",0,0,"17,000",0,0,0,0,0,"17,035"
1995,First Unit of Quantity,2904203000,China,1995,kilograms,"33,000","10,000","10,000","20,000","16,000","31,000",0,"17,000","23,000","8,000","30,000",0
1995,First Unit of Quantity,2904205000,China,1995,kilograms,0,"32,000","32,000","128,000","114,000","48,000","128,660","128,000","48,000","32,000","143,200","16,000"
1995,First Unit of Quantity,2904904000,China,1995,kilograms,0,0,0,0,0,0,250,226,0,0,0,0
1995,First Unit of Quantity,2904904700,China,1995,kilograms,65,0,0,0,0,"2,907",0,0,0,0,0,0
1995,First Unit of Quantity,2905120050,China,1995,kilograms,918,0,"1,641",0,916,362,918,0,"2,111",364,918,"1,646"
1995,First Unit of Quantity,2905145010,China,1995,kilograms,0,0,0,0,0,0,"4,800",0,0,0,"5,760",0
1995,First Unit of Quantity,2905150000,China,1995,kilograms,"9,900",0,0,0,"13,200",0,"13,200",0,640,0,0,0
1995,First Unit of Quantity,2905160010,China,1995,kilograms,0,0,"15,565",0,0,0,0,0,0,0,0,0
1995,First Unit of Quantity,2905190010,China,1995,kilograms,0,0,0,0,"1,057",0,0,0,0,0,0,0
1995,First Unit of Quantity,2905190050,China,1995,kilograms,160,0,"1,760",0,0,0,"13,200",0,0,0,0,"13,200"
1995,First Unit of Quantity,2905221000,China,1995,kilograms,0,875,"28,800","28,800",0,0,0,0,0,0,0,0
1995,First Unit of Quantity,2905225010,China,1995,kilograms,0,0,"2,173",0,717,0,0,0,0,0,0,0
1995,First Unit of Quantity,2905225050,China,1995,kilograms,0,0,0,0,0,0,0,"3,060",0,0,0,0
1995,First Unit of Quantity,2905290000,China,1995,kilograms,0,0,0,0,0,0,0,0,55,20,0,0
1995,First Unit of Quantity,2905399000,China,1995,kilograms,0,150,0,0,0,0,50,0,0,0,200,0
1995,First Unit of Quantity,2905430000,China,1995,kilograms,"2,000","2,052","17,000","3,000","2,000",0,0,"2,000",0,0,0,0
1995,First Unit of Quantity,2905506000,China,1995,kilograms,0,0,0,0,0,"3,000",40,0,0,0,0,0
1995,First Unit of Quantity,2906110000,China,1995,kilograms,"115,665","31,479","13,300","31,699","11,495","1,497","15,246","80,417","15,400","34,294","23,500","17,709"
1995,First Unit of Quantity,2906131000,China,1995,kilograms,"21,000","24,000","20,500","13,130","36,000","45,617","40,780","13,900","11,000","18,500","7,180","22,364"
1995,First Unit of Quantity,2906140000,China,1995,kilograms,"31,200",0,0,0,"14,800",0,0,"14,800",0,0,"7,200",0
1995,First Unit of Quantity,2906195000,China,1995,kilograms,0,0,0,300,"5,625",0,900,0,0,0,0,0
1995,First Unit of Quantity,2906210000,China,1995,kilograms,0,0,0,0,"16,000",0,0,"16,000","65,000","81,600","154,000","31,200"
1995,First Unit of Quantity,2906291000,China,1995,kilograms,"30,000","46,000","37,000","4,000","22,000","80,650","27,000","32,400","20,000","48,000","80,000","74,800"
1995,First Unit of Quantity,2906296000,China,1995,kilograms,0,0,"3,600",0,"3,060",0,0,"2,700",0,"2,700",0,0
1995,First Unit of Quantity,2907110000,China,1995,kilograms,0,0,0,0,0,0,0,0,0,"3,000",0,0
1995,First Unit of Quantity,2907120000,China,1995,kilograms,0,0,0,0,0,0,0,0,0,0,0,48
1995,First Unit of Quantity,2907153000,China,1995,kilograms,"90,450","97,800","114,200","168,000","379,450","301,150","301,228","448,547","225,075","142,225","126,850","33,000"
1995,First Unit of Quantity,2907210000,China,1995,kilograms,0,0,0,0,0,0,0,0,0,"5,530",0,0
1995,First Unit of Quantity,2907291000,China,1995,kilograms,0,0,0,0,0,0,500,0,0,0,0,0
1995,First Unit of Quantity,2908103500,China,1995,kilograms,0,100,0,0,0,0,0,0,0,0,0,0
1995,First Unit of Quantity,2908200400,China,1995,kilograms,"53,000","48,000","38,000","16,000","47,000","51,625","32,128","32,000","1,000","1,000",0,"6,000"
1995,First Unit of Quantity,2908200800,China,1995,kilograms,"13,850",0,0,"22,400",0,0,"12,800",0,"16,000",0,0,0
1995,First Unit of Quantity,2908206000,China,1995,kilograms,"13,950","17,405","22,000","26,986","2,996","18,582","6,346",0,"9,990",0,"2,996","5,998"
1995,First Unit of Quantity,2909200000,China,1995,kilograms,"8,000","6,500",200,"2,000",0,"10,080","1,000","10,080",0,0,"1,200",0
1995,First Unit of Quantity,2909301000,China,1995,kilograms,700,0,0,"3,000","1,000",0,0,0,0,"1,000",500,0
1995,First Unit of Quantity,2909302000,China,1995,kilograms,"7,000","6,000",0,"4,000",0,"2,500",176,"2,000",0,0,0,"6,000"
1995,First Unit of Quantity,2909490500,China,1995,kilograms,0,"3,000",0,0,0,0,0,0,0,0,0,0
1995,First Unit of Quantity,2909496000,China,1995,kilograms,0,0,0,0,193,0,0,0,0,0,0,0
1995,First Unit of Quantity,2909605000,China,1995,kilograms,0,0,"11,200",0,"11,200",0,0,0,0,0,0,0
1995,First Unit of Quantity,2912191000,China,1995,kilograms,"1,980",0,0,0,0,0,0,0,0,0,0,0
1995,First Unit of Quantity,2912192000,China,1995,kilograms,0,0,50,"7,000",0,"14,760",0,0,0,0,0,0
1995,First Unit of Quantity,2912210000,China,1995,kilograms,"2,600",0,0,808,0,0,"2,000",0,0,0,357,0
1995,First Unit of Quantity,2912296000,China,1995,kilograms,0,0,0,0,0,0,0,0,0,0,"4,320",0
1995,First Unit of Quantity,2912301000,China,1995,kilograms,0,0,"16,000","16,000",0,0,0,0,"32,000",0,"16,000",0
1995,First Unit of Quantity,2912302000,China,1995,kilograms,"2,700","2,160","2,160","3,420",0,0,"3,240",0,0,0,0,0
1995,First Unit of Quantity,2912305000,China,1995,kilograms,0,0,0,0,0,0,0,0,4,0,0,0
1995,First Unit of Quantity,2912410000,China,1995,kilograms,"102,500","36,500","65,000","69,000","33,950","49,800","82,000","112,309","4,000","18,000","30,700","16,000"
1995,First Unit of Quantity,2912491000,China,1995,kilograms,0,0,0,0,184,0,0,0,0,0,0,0
1995,First Unit of Quantity,2912491500,China,1995,kilograms,0,0,0,0,200,0,0,0,0,0,0,0
1995,First Unit of Quantity,2912492500,China,1995,kilograms,0,0,0,0,0,0,900,100,0,0,0,0
1995,First Unit of Quantity,2914190000,China,1995,kilograms,0,"3,000",0,0,0,0,0,0,0,0,0,0
1995,First Unit of Quantity,2914211000,China,1995,kilograms,0,0,"1,361",0,"1,317","1,636",500,0,"1,964",0,0,0
1995,First Unit of Quantity,2914212000,China,1995,kilograms,"38,370","18,717","47,012","37,611","13,350","13,500","48,545","13,625","61,900","50,500","12,500","10,093"
1995,First Unit of Quantity,2914295000,China,1995,kilograms,"5,000",0,0,0,0,0,700,0,0,200,0,"20,000"
1995,First Unit of Quantity,2914301000,China,1995,kilograms,0,0,"12,000",0,0,0,0,0,0,0,0,0
1995,First Unit of Quantity,2914305000,China,1995,kilograms,"52,000","4,500","23,850","52,000","26,000","16,000","39,000","69,200","17,196","25,000","13,000","13,200"
1995,First Unit of Quantity,2914410000,China,1995,kilograms,0,0,0,"10,000",0,0,0,0,0,0,0,0
1995,First Unit of Quantity,2914494000,China,1995,kilograms,0,0,"1,000",0,0,0,0,0,0,0,0,0
1995,First Unit of Quantity,2914499000,China,1995,kilograms,800,"1,150",500,500,700,150,0,"1,200",0,"1,300","1,850","2,050"
1995,First Unit of Quantity,2914503000,China,1995,kilograms,"2,860","1,500",600,"3,000","2,680","1,353","3,500","2,960","2,000",0,"1,010","1,500"
1995,First Unit of Quantity,2914505000,China,1995,kilograms,0,0,17,0,0,0,0,0,0,0,0,500
1995,First Unit of Quantity,2914610000,China,1995,kilograms,"862,483","717,098","1,063,038","1,020,079","921,739","1,019,067","571,155","684,067","301,967","278,983","981,267","938,892"
1995,First Unit of Quantity,2914696000,China,1995,kilograms,"37,301","14,000","7,000","29,605","10,680","3,000","11,000","8,000","10,000","24,732","41,200","7,000"
1995,First Unit of Quantity,2914699000,China,1995,kilograms,"2,500",0,0,"3,000",0,0,0,0,"3,600",0,"3,280","1,360"
1995,First Unit of Quantity,2914701000,China,1995,kilograms,"5,000","5,000",0,0,"16,000","8,700","2,128","6,598","4,500","9,000","2,000","9,352"
1995,First Unit of Quantity,2914703000,China,1995,kilograms,0,0,0,"15,000",0,0,0,"11,000",0,0,"1,000","18,412"
1995,First Unit of Quantity,2914704000,China,1995,kilograms,100,0,"3,552",0,0,0,"10,615","2,100",362,0,406,"2,714"
1995,First Unit of Quantity,2914706000,China,1995,kilograms,0,0,0,"5,000",0,0,0,"18,000","4,750",0,"1,000","18,000"
1995,First Unit of Quantity,2915210000,China,1995,kilograms,0,"8,000",0,0,0,0,0,0,0,0,0,0
1995,First Unit of Quantity,2915220000,China,1995,kilograms,"52,500",0,"17,500","34,500",0,0,"17,500",0,"17,500",0,0,0
1995,First Unit of Quantity,2915310000,China,1995,kilograms,0,0,0,"11,900",0,696,"1,563",0,0,0,0,0
1995,First Unit of Quantity,2915330000,China,1995,kilograms,0,0,0,0,0,"2,483",0,0,0,0,0,0
1995,First Unit of Quantity,2915391000,China,1995,kilograms,0,0,0,0,0,0,"6,000","16,000",0,0,0,0
1995,First Unit of Quantity,2915392000,China,1995,kilograms,"22,500","19,864","25,200","17,000","9,000","33,200","13,500","7,400",850,0,"5,850","2,500"
1995,First Unit of Quantity,2915394000,China,1995,kilograms,0,0,0,0,0,0,0,0,0,0,350,0
1995,First Unit of Quantity,2915394510,China,1995,kilograms,0,0,0,0,0,"14,800",0,0,0,0,0,0
1995,First Unit of Quantity,2915394550,China,1995,kilograms,"86,000","96,100","57,200",0,"28,400",0,"4,800","14,800",125,100,240,"14,400"
1995,First Unit of Quantity,2915399000,China,1995,kilograms,0,"1,000",0,0,0,0,0,0,0,0,0,0
1995,First Unit of Quantity,2915605000,China,1995,kilograms,"7,200","11,940",0,"26,000",0,120,"3,200",0,"2,210","3,245","26,340",0
1995,First Unit of Quantity,2915901800,China,1995,kilograms,0,0,0,0,0,50,0,0,0,0,0,100
1995,First Unit of Quantity,2916130000,China,1995,kilograms,0,0,0,0,0,0,0,"77,420",0,0,0,0
1995,First Unit of Quantity,2916151000,China,1995,kilograms,"2,496",0,0,0,0,0,0,0,0,0,0,"1,080"
1995,First Unit of Quantity,2916155000,China,1995,kilograms,0,"15,260",0,0,0,0,0,0,0,0,0,0
1995,First Unit of Quantity,2916191010,China,1995,kilograms,0,0,0,0,0,0,0,0,"5,350","20,200","10,000",0
1995,First Unit of Quantity,2916192010,China,1995,kilograms,0,0,0,0,0,0,0,0,0,"1,000",0,0
1995,First Unit of Quantity,2916193000,China,1995,kilograms,0,0,0,0,0,0,0,0,25,0,0,0
1995,First Unit of Quantity,2916195000,China,1995,kilograms,0,0,"1,000",0,0,0,0,0,0,0,0,0
1995,First Unit of Quantity,2916311570,China,1995,kilograms,"29,999","31,500","44,000",0,"10,000","52,850","31,500","33,500","16,250","17,500",0,"29,000"
1995,First Unit of Quantity,2916311590,China,1995,kilograms,0,0,0,0,0,0,0,0,0,700,0,0
1995,First Unit of Quantity,2916312000,China,1995,kilograms,0,0,0,0,0,0,"7,600",0,0,0,0,0
1995,First Unit of Quantity,2916331000,China,1995,kilograms,0,0,0,0,0,0,"1,000",0,0,0,0,0
1995,First Unit of Quantity,2916391700,China,1995,kilograms,0,0,0,0,0,0,0,0,0,0,0,"17,000"
1995,First Unit of Quantity,2916397500,China,1995,kilograms,"16,200",0,0,"2,268","18,500","13,667","17,062","9,200","16,250","50,250","16,250",0
1995,First Unit of Quantity,2917110000,China,1995,kilograms,"533,050","291,641","108,450","481,920","699,660","334,500","447,000","532,518","278,000","77,000","185,600","154,220"
1995,First Unit of Quantity,2917125000,China,1995,kilograms,0,30,0,0,0,0,0,0,0,24,0,0
1995,First Unit of Quantity,2917130000,China,1995,kilograms,"47,625",0,"80,000","17,500",0,"1,000",0,0,"35,150","17,500","105,000","1,000"
1995,First Unit of Quantity,2917193000,China,1995,kilograms,"1,500",0,0,0,0,0,0,0,0,0,0,0
1995,First Unit of Quantity,2917193500,China,1995,kilograms,0,0,0,0,0,0,0,500,0,0,500,0
1995,First Unit of Quantity,2917197050,China,1995,kilograms,"17,000",0,0,0,"3,060","16,880",0,"32,880","39,119","16,880","32,000","16,880"
1995,First Unit of Quantity,2917390800,China,1995,kilograms,"3,000","30,400","30,800","15,015","28,480","14,500","15,400","16,000","76,620","14,820","17,120","80,000"
1995,First Unit of Quantity,2917393000,China,1995,kilograms,0,0,0,0,0,"2,800",500,"3,000",0,0,0,200
1995,First Unit of Quantity,2918111000,China,1995,kilograms,0,0,0,"2,300",0,0,0,0,0,0,0,0
1995,First Unit of Quantity,2918120000,China,1995,kilograms,0,0,0,0,0,0,"18,000",0,0,0,0,200
1995,First Unit of Quantity,2918133000,China,1995,kilograms,0,0,0,0,0,0,"5,000",0,0,"10,000",0,0
1995,First Unit of Quantity,2918140000,China,1995,kilograms,"1,656,660","1,573,542","998,709","703,133","1,156,391","1,110,236","1,281,752","2,278,588","1,663,901","1,535,162","1,129,607","724,876"
1995,First Unit of Quantity,2918151000,China,1995,kilograms,"37,500",0,"17,210","71,000","154,595","93,150","140,800","277,425","57,350","20,000","22,000","12,000"
1995,First Unit of Quantity,2918155000,China,1995,kilograms,0,"15,453",0,"19,000",0,"25,000","40,000","3,000","40,000",0,0,"7,000"
1995,First Unit of Quantity,2918165050,China,1995,kilograms,"10,000","9,000",0,"7,675","10,000",0,"7,840",0,"20,000","1,250","13,000",0
1995,First Unit of Quantity,2918171000,China,1995,kilograms,100,0,0,0,110,100,0,0,319,0,0,0
1995,First Unit of Quantity,2918196000,China,1995,kilograms,0,0,0,0,0,0,0,0,0,500,0,0
1995,First Unit of Quantity,2918199000,China,1995,kilograms,100,0,"1,000",0,"2,000",0,0,0,0,0,"12,000","24,000"
1995,First Unit of Quantity,2918211000,China,1995,kilograms,"53,330",0,"50,988","75,613","16,329",0,"17,600",0,"49,988","70,318","48,988","32,659"
1995,First Unit of Quantity,2918221000,China,1995,kilograms,"64,000","36,000","42,000","38,975","27,000",0,"34,000","97,000","74,850",0,"82,035","65,025"
1995,First Unit of Quantity,2918231000,China,1995,kilograms,0,0,0,0,0,0,"17,600",0,0,0,0,0
1995,First Unit of Quantity,2918232000,China,1995,kilograms,"119,780","52,000","65,600","67,200","82,000","18,600","96,200","80,000","17,600","46,660",0,"62,940"
1995,First Unit of Quantity,2918233000,China,1995,kilograms,"2,000","10,975","1,275","6,500","6,000","4,000","4,000","2,000","2,000","8,500","8,500","5,000"
1995,First Unit of Quantity,2918290400,China,1995,kilograms,"2,000",0,500,0,0,"17,476","2,000","7,000",0,0,"2,000",0
1995,First Unit of Quantity,2918292500,China,1995,kilograms,"114,500","188,775","433,611","225,506","209,232","286,982","146,480","95,900","146,000","227,000","112,900","48,000"
1995,First Unit of Quantity,2918293000,China,1995,kilograms,"1,000","4,100",0,"4,000",0,0,"14,700",550,0,"5,675","10,000","15,000"
1995,First Unit of Quantity,2918293900,China,1995,kilograms,0,0,"1,000","2,000",0,"3,000","5,000",0,0,0,0,"1,200"
1995,First Unit of Quantity,2918296500,China,1995,kilograms,0,0,0,0,0,0,150,0,0,0,0,0
1995,First Unit of Quantity,2918297500,China,1995,kilograms,0,"16,500","5,000",0,0,0,0,0,0,0,0,0
1995,First Unit of Quantity,2918302500,China,1995,kilograms,61,0,0,0,0,200,0,0,160,0,0,0
1995,First Unit of Quantity,2918303000,China,1995,kilograms,0,"2,240",0,0,0,0,0,0,0,0,0,0
1995,First Unit of Quantity,2918309000,China,1995,kilograms,0,0,0,0,0,0,"1,000",0,0,"16,100",0,0
1995,First Unit of Quantity,2918904300,China,1995,kilograms,0,0,0,0,0,300,0,0,0,0,100,0
1995,First Unit of Quantity,2918904700,China,1995,kilograms,"1,200",0,0,500,"1,500","2,500",0,0,0,"3,000",0,0
1995,First Unit of Quantity,2919005050,China,1995,kilograms,0,0,0,0,0,0,0,0,0,"1,000",0,0
1995,First Unit of Quantity,2920905000,China,1995,kilograms,0,0,0,0,0,0,0,0,0,"2,300",0,0
1995,First Unit of Quantity,2921191000,China,1995,kilograms,0,"28,500","41,000",0,"42,750","28,000","27,000","40,000","55,000",0,0,"27,456"
1995,First Unit of Quantity,2921193000,China,1995,kilograms,0,0,0,"13,000",0,0,0,"26,000",0,0,0,0
1995,First Unit of Quantity,2921196000,China,1995,kilograms,"97,000","13,000","26,000","28,000","20,000","40,840","86,560","52,500","56,000","85,800","12,000","71,250"
1995,First Unit of Quantity,2921305000,China,1995,kilograms,0,0,0,0,0,0,0,0,0,0,0,120
1995,First Unit of Quantity,2921421500,China,1995,kilograms,"4,320","1,440",0,0,0,0,0,0,0,"5,000",0,0
1995,First Unit of Quantity,2921421800,China,1995,kilograms,"3,500","10,500","3,000","12,000","3,000",0,0,"27,000",0,0,0,0
1995,First Unit of Quantity,2921422200,China,1995,kilograms,"156,000","52,500","152,000","249,000","82,500","132,000","69,500","244,500","107,500","69,850","102,640","70,140"
1995,First Unit of Quantity,2921422300,China,1995,kilograms,0,0,0,0,0,0,0,0,0,0,500,0
1995,First Unit of Quantity,2921423600,China,1995,kilograms,"15,000",0,"29,112","45,000","16,720","15,000",0,"9,750","16,050","13,800",0,0
1995,First Unit of Quantity,2921425500,China,1995,kilograms,"5,000","1,500",0,0,0,"1,082",0,0,0,0,0,0
1995,First Unit of Quantity,2921426500,China,1995,kilograms,"13,600",0,"24,000",484,"37,500","1,500","1,550","46,000","29,000",0,"5,760",0
1995,First Unit of Quantity,2921429000,China,1995,kilograms,"46,800","9,600","33,840",0,"54,940","51,690","67,702","33,840","3,000","14,400","96,340","17,000"
1995,First Unit of Quantity,2921432400,China,1995,kilograms,0,"44,000","29,000","21,500","40,100","12,000","20,866","24,000",0,0,"22,000",0
1995,First Unit of Quantity,2921438000,China,1995,kilograms,0,0,0,0,0,0,"9,979",0,"15,450",0,"12,000",0
1995,First Unit of Quantity,2921440500,China,1995,kilograms,0,0,0,0,0,907,150,0,0,0,"1,000",0
1995,First Unit of Quantity,2921451000,China,1995,kilograms,"13,000","3,000",0,"3,000","7,364","8,000",0,"3,000","9,000",0,0,"3,000"
1995,First Unit of Quantity,2921452000,China,1995,kilograms,"14,770","3,000","17,000","48,950","57,000","17,000",0,"17,000","37,373","5,564","34,676","5,000"
1995,First Unit of Quantity,2921452500,China,1995,kilograms,0,0,0,0,0,"2,000","17,000","2,000",0,0,0,0
1995,First Unit of Quantity,2921459010,China,1995,kilograms,"35,000",0,0,"17,500","17,500","17,500","32,500","35,000",0,"17,000","72,500",0
1995,First Unit of Quantity,2921459090,China,1995,kilograms,0,0,0,"3,150",0,0,0,0,0,"1,500","10,000",0
1995,First Unit of Quantity,2921491500,China,1995,kilograms,0,0,"26,869","11,000",0,"16,056","22,000","12,375","12,399",0,0,"9,000"
1995,First Unit of Quantity,2921511000,China,1995,kilograms,0,0,"24,000","12,800","16,000",0,"12,800",0,"12,800","14,400",0,0
1995,First Unit of Quantity,2921515000,China,1995,kilograms,0,0,0,0,0,"19,500",0,0,"19,500","1,000",0,0
1995,First Unit of Quantity,2921590400,China,1995,kilograms,0,0,0,0,0,0,0,0,0,"1,000","1,000","1,000"
1995,First Unit of Quantity,2921590800,China,1995,kilograms,0,"11,000",0,0,0,0,"11,000",0,0,0,0,"12,000"
1995,First Unit of Quantity,2921592000,China,1995,kilograms,"11,500","43,600","26,200","9,600","29,350","36,653","21,000","46,275","23,653","45,000","116,321","23,000"
1995,First Unit of Quantity,2921598090,China,1995,kilograms,"2,500",0,0,0,0,0,0,0,0,0,0,0
1995,First Unit of Quantity,2922191800,China,1995,kilograms,"2,000",200,0,0,0,"3,000","4,000","1,000",0,"1,000","2,000",0
1995,First Unit of Quantity,2922211000,China,1995,kilograms,"29,340","29,200","80,950","36,100","89,975","49,920","46,000","99,167","36,000","58,748","22,500",0
1995,First Unit of Quantity,2922215000,China,1995,kilograms,"29,000","35,000","39,000","28,000","33,000","16,000",0,0,"36,000","17,000","19,000","30,400"
1995,First Unit of Quantity,2922221000,China,1995,kilograms,"136,400","304,000","222,240","96,000","227,500","145,700","16,000","109,200","47,800","203,200","178,000","368,000"
1995,First Unit of Quantity,2922290600,China,1995,kilograms,0,"15,750","8,500",0,0,"2,000",0,"1,400",0,0,0,0
1995,First Unit of Quantity,2922291000,China,1995,kilograms,0,"6,840",884,"1,403","1,200","2,000",0,0,0,0,0,0
1995,First Unit of Quantity,2922291500,China,1995,kilograms,0,0,0,0,"1,000",0,0,"2,450","11,000",0,0,0
1995,First Unit of Quantity,2922292600,China,1995,kilograms,"8,500",0,0,0,"2,000",0,0,0,0,0,0,0
1995,First Unit of Quantity,2922292700,China,1995,kilograms,0,0,45,49,24,0,45,38,47,0,0,0
1995,First Unit of Quantity,2922296000,China,1995,kilograms,0,0,"2,125",0,0,0,0,0,0,0,0,0
1995,First Unit of Quantity,2922298090,China,1995,kilograms,"33,000","11,000","27,594","47,300","30,516","50,238","1,000","27,000","16,475","26,751","15,000",0
1995,First Unit of Quantity,2922300500,China,1995,kilograms,"11,396",0,0,0,0,0,0,0,0,0,5,"6,000"
1995,First Unit of Quantity,2922301000,China,1995,kilograms,0,0,0,18,0,0,0,14,0,0,0,101
1995,First Unit of Quantity,2922304500,China,1995,kilograms,"66,946",0,"92,189","50,058","24,700","47,500","25,000","45,325","35,479","10,000","17,000","38,227"
1995,First Unit of Quantity,2922421000,China,1995,kilograms,0,"15,369",0,"13,267","17,025","60,664","12,247","68,325","102,135","21,504","76,065","46,858"
1995,First Unit of Quantity,2922425000,China,1995,kilograms,0,"13,734",0,0,0,400,"1,000",0,0,0,0,"2,000"
1995,First Unit of Quantity,2922490500,China,1995,kilograms,0,"16,632",0,0,0,0,0,0,0,0,0,0
1995,First Unit of Quantity,2922491000,China,1995,kilograms,"2,000","3,500","3,000","5,000","8,000","10,045","3,000","15,000","2,740","22,000","4,000","7,056"
1995,First Unit of Quantity,2922492700,China,1995,kilograms,"3,100","2,000",0,"5,500",0,0,"5,000",0,0,"7,000","9,500",0
1995,First Unit of Quantity,2922493000,China,1995,kilograms,0,0,0,0,0,0,0,"1,000",0,0,0,0
1995,First Unit of Quantity,2922493700,China,1995,kilograms,0,0,0,0,"9,000",0,0,0,0,0,0,0
1995,First Unit of Quantity,2922494010,China,1995,kilograms,0,0,"2,000",0,"1,000",0,0,"1,000","1,000",0,0,0
1995,First Unit of Quantity,2922494015,China,1995,kilograms,0,"19,000",0,0,"5,000",0,"5,000",0,"5,000",0,0,0
1995,First Unit of Quantity,2922494050,China,1995,kilograms,960,0,"5,500","1,020",0,"4,500","3,414","5,873","10,000","1,000","2,310",500
1995,First Unit of Quantity,2922496000,China,1995,kilograms,0,0,250,0,0,0,0,0,0,0,0,0
1995,First Unit of Quantity,2922498000,China,1995,kilograms,"3,006",0,0,0,0,"2,000",0,"2,100","2,000",0,0,0
1995,First Unit of Quantity,2922504000,China,1995,kilograms,250,0,"3,000",0,"1,000",0,"5,000",0,0,0,0,"31,200"
1995,First Unit of Quantity,2922505000,China,1995,kilograms,0,"2,000",0,0,0,0,60,0,0,0,0,0
1995,First Unit of Quantity,2924101010,China,1995,kilograms,0,0,0,0,0,"9,747",0,0,0,0,0,0
1995,First Unit of Quantity,2924108000,China,1995,kilograms,0,0,"1,800",0,0,0,0,0,0,0,0,0
1995,First Unit of Quantity,2924214500,China,1995,kilograms,0,0,"2,030",0,"3,864","20,000",0,0,"14,500","5,012",0,0
1995,First Unit of Quantity,2924290100,China,1995,kilograms,"15,000","11,308","15,000",0,0,"11,264","16,000",0,"15,000",0,0,"15,000"
1995,First Unit of Quantity,2924290500,China,1995,kilograms,"1,000",0,"4,032",0,0,0,0,0,0,0,0,0
1995,First Unit of Quantity,2924291000,China,1995,kilograms,0,0,0,0,0,0,0,"1,074",0,0,0,0
1995,First Unit of Quantity,2924292000,China,1995,kilograms,"52,250","49,100","100,250","20,400","84,692","50,091","74,373","117,563","80,105","20,375","22,500","34,000"
1995,First Unit of Quantity,2924292300,China,1995,kilograms,"16,200",0,0,0,"15,000",0,0,"10,000","15,000","5,000","27,000","26,000"
1995,First Unit of Quantity,2924292600,China,1995,kilograms,"14,000","10,254","15,000",0,"10,000",0,"5,000","8,000","2,000",0,"5,000","10,000"
1995,First Unit of Quantity,2924293100,China,1995,kilograms,"29,586",50,"14,872","336,063","34,372","34,372","43,255","12,000","12,100",0,"24,000",0
1995,First Unit of Quantity,2924293300,China,1995,kilograms,"72,316","109,959","45,500","77,050","90,506","84,250","73,066","102,943",0,"3,000","47,350","15,000"
1995,First Unit of Quantity,2924293600,China,1995,kilograms,"1,996","5,000",0,"10,500","1,000","5,500","4,500","18,000",0,0,"11,000",0
1995,First Unit of Quantity,2924294100,China,1995,kilograms,0,0,0,0,0,"20,000",112,"20,000",0,0,0,0
1995,First Unit of Quantity,2924295200,China,1995,kilograms,0,"8,000","3,000","1,000","6,000",500,"8,000",0,"2,000",0,"1,000",800
1995,First Unit of Quantity,2924295700,China,1995,kilograms,0,0,0,0,"10,000",0,0,0,0,0,0,0
1995,First Unit of Quantity,2924296210,China,1995,kilograms,"75,361","37,700","122,500","79,900","130,400","54,100","54,000","100,830","39,000","50,000","27,000","28,662"
1995,First Unit of Quantity,2924296250,China,1995,kilograms,"14,000",0,"14,000",0,"7,000","27,000","10,000",0,"10,000","13,000","16,000",0
1995,First Unit of Quantity,2924297000,China,1995,kilograms,"46,019","12,000","27,000","30,400","22,007",0,"4,500","4,807",700,"6,000",0,"3,000"
1995,First Unit of Quantity,2924297510,China,1995,kilograms,"27,000","12,000",0,"3,000","13,000","6,800",0,0,0,0,"1,000",0
1995,First Unit of Quantity,2924297520,China,1995,kilograms,"8,000","21,500","15,000","29,364",0,0,0,0,0,0,0,0
1995,First Unit of Quantity,2924297530,China,1995,kilograms,"15,000",0,"27,000",0,"35,500",0,"10,000","10,000","11,000","5,000",0,0
1995,First Unit of Quantity,2924297590,China,1995,kilograms,"68,167","57,910","15,000","50,000","55,813","32,000","1,000","67,500","18,800","17,000","22,300","18,175"
1995,First Unit of Quantity,2924299000,China,1995,kilograms,0,0,0,0,"3,000",0,0,0,0,0,0,0
1995,First Unit of Quantity,2925110000,China,1995,kilograms,0,"16,000","52,500","52,000","68,579","17,000",0,"36,010",0,"24,009","76,294","14,515"
1995,First Unit of Quantity,2925194000,China,1995,kilograms,0,0,0,0,0,0,0,0,0,"10,000",0,0
1995,First Unit of Quantity,2925202000,China,1995,kilograms,0,0,0,0,0,0,0,"10,000",0,0,0,0
1995,First Unit of Quantity,2925207000,China,1995,kilograms,0,0,875,0,0,0,0,0,0,0,0,0
1995,First Unit of Quantity,2925209000,China,1995,kilograms,0,0,"15,000","15,000","45,000","1,000","30,000","30,000","22,056",0,"32,500",0
1995,First Unit of Quantity,2926200000,China,1995,kilograms,"139,845","187,953","190,360","226,964","206,000","191,048","153,198","320,854","217,349","97,373","22,488","98,077"
1995,First Unit of Quantity,2926900100,China,1995,kilograms,"5,000",0,"23,204","5,000",0,0,0,"12,000",0,0,0,0
1995,First Unit of Quantity,2926905010,China,1995,kilograms,0,0,0,0,0,0,0,0,0,"3,000",0,0
1995,First Unit of Quantity,2926905050,China,1995,kilograms,200,0,0,0,0,0,0,0,0,0,0,0
1995,First Unit of Quantity,2927002500,China,1995,kilograms,0,"4,001",0,"2,996","2,997",0,"3,996",999,0,0,"3,998","4,000"
1995,First Unit of Quantity,2928002500,China,1995,kilograms,0,0,0,0,0,0,0,0,0,"4,560",0,0
1995,First Unit of Quantity,2930100000,China,1995,kilograms,0,0,"10,120",0,0,0,0,0,0,0,2,0
1995,First Unit of Quantity,2930202050,China,1995,kilograms,0,0,0,0,"16,960",0,0,0,0,0,0,0
1995,First Unit of Quantity,2930209020,China,1995,kilograms,0,0,0,0,0,0,0,"18,000","20,000","40,000","20,000","20,000"
1995,First Unit of Quantity,2930209050,China,1995,kilograms,"9,004",0,0,0,0,0,0,0,"9,596",0,0,0
1995,First Unit of Quantity,2930303000,China,1995,kilograms,"20,000","20,000","3,000","20,080",0,0,"1,000","16,000","13,000","13,000","26,000",0
1995,First Unit of Quantity,2930306000,China,1995,kilograms,0,"20,000","30,000","20,000",0,"19,580",0,"37,000",0,"12,000","40,515","10,060"
1995,First Unit of Quantity,2930902600,China,1995,kilograms,0,0,0,"4,250",0,0,0,0,0,0,0,0
1995,First Unit of Quantity,2930902900,China,1995,kilograms,0,"1,062",0,0,0,"2,425",0,200,0,0,0,0
1995,First Unit of Quantity,2930904520,China,1995,kilograms,0,0,0,"2,000","1,000","2,500",0,0,0,0,"7,020",0
1995,First Unit of Quantity,2930904550,China,1995,kilograms,"151,196","121,160","136,000","91,396","109,000","46,000","85,050","152,196","138,196","124,000","260,050","202,000"
1995,First Unit of Quantity,2930909010,China,1995,kilograms,"7,390","4,000",0,"8,000","2,000","23,000","2,000","10,127","8,000","9,000","14,500","23,094"
1995,First Unit of Quantity,2930909035,China,1995,kilograms,0,0,0,0,0,0,0,"5,800",0,0,"5,000",0
1995,First Unit of Quantity,2930909050,China,1995,kilograms,"18,250","36,600","228,536","119,660","78,747","126,200","64,702","107,480","80,000","96,750","239,500","193,000"
1995,First Unit of Quantity,2931009010,China,1995,kilograms,0,0,0,73,0,425,0,0,0,0,0,0
1995,First Unit of Quantity,2931009050,China,1995,kilograms,"42,000","20,000",0,"14,000","30,000","45,000","15,000","15,000",0,0,0,0
1995,First Unit of Quantity,2932195000,China,1995,kilograms,"1,000",0,0,0,0,0,"1,000",0,0,0,0,0
1995,First Unit of Quantity,2932210000,China,1995,kilograms,100,0,400,"1,000","7,500","2,000","1,000","6,500","1,000",0,"6,500","27,000"
1995,First Unit of Quantity,2932292000,China,1995,kilograms,"2,500",0,0,0,0,"6,120",0,0,"1,000","6,000",0,"1,000"
1995,First Unit of Quantity,2932293000,China,1995,kilograms,0,0,0,0,0,10,0,0,0,0,0,0
1995,First Unit of Quantity,2932295020,China,1995,kilograms,"10,000",0,0,0,0,0,0,0,0,0,0,0
1995,First Unit of Quantity,2932295030,China,1995,kilograms,"62,000","30,000","129,388","56,240","72,500","43,000","71,800","83,000","59,334","43,200","47,000","85,300"
1995,First Unit of Quantity,2932295050,China,1995,kilograms,"1,500","1,000","1,825","1,218","2,065",24,"2,000",373,"1,356",289,235,"1,873"
1995,First Unit of Quantity,2932903000,China,1995,kilograms,"16,500","29,000","29,500","19,500","47,250","29,500","15,000",0,0,"6,500","10,950","15,000"
1995,First Unit of Quantity,2932903200,China,1995,kilograms,0,0,0,0,0,0,0,"6,000",0,0,0,0
1995,First Unit of Quantity,2932905500,China,1995,kilograms,0,0,0,"17,000",75,0,0,0,0,"1,000",0,"3,000"
1995,First Unit of Quantity,2932906000,China,1995,kilograms,130,0,0,300,0,0,0,0,0,0,0,0
1995,First Unit of Quantity,2932907000,China,1995,kilograms,0,0,0,0,0,0,0,0,0,"8,400","2,600","1,000"
1995,First Unit of Quantity,2932909000,China,1995,kilograms,0,200,200,0,"4,500",400,0,800,400,"1,380",550,"2,180"
1995,First Unit of Quantity,2933110000,China,1995,kilograms,"2,000",0,0,0,0,500,0,0,0,0,0,0
1995,First Unit of Quantity,2933190400,China,1995,kilograms,0,0,"35,000",0,0,"15,000",0,0,0,0,0,0
1995,First Unit of Quantity,2933190800,China,1995,kilograms,"8,900",0,"30,000","30,000",0,0,"31,220","15,000",0,"13,250","11,000",0
1995,First Unit of Quantity,2933191500,China,1995,kilograms,0,0,0,0,0,0,0,0,0,"36,000","18,000","27,000"
1995,First Unit of Quantity,2933191800,China,1995,kilograms,"5,000","15,000",0,"14,000","15,000",0,0,0,0,0,0,0
1995,First Unit of Quantity,2933193500,China,1995,kilograms,"6,400",0,0,"3,000",0,"3,000",0,0,"3,000",0,0,0
1995,First Unit of Quantity,2933193700,China,1995,kilograms,0,0,0,"2,375",0,0,"4,550",0,0,0,0,0
1995,First Unit of Quantity,2933194300,China,1995,kilograms,"15,000",0,0,0,0,0,0,0,0,0,0,0
1995,First Unit of Quantity,2933199000,China,1995,kilograms,0,0,0,0,0,"1,058",0,0,0,0,0,0
1995,First Unit of Quantity,2933210000,China,1995,kilograms,0,0,0,"16,000","16,000","16,000","16,000","16,000","16,000","16,000","32,000","48,000"
1995,First Unit of Quantity,2933294300,China,1995,kilograms,0,0,0,0,200,0,0,0,0,0,0,0
1995,First Unit of Quantity,2933394100,China,1995,kilograms,0,0,0,500,0,"1,000","1,000",0,0,0,0,850
1995,First Unit of Quantity,2933399000,China,1995,kilograms,0,60,0,500,0,0,0,0,0,0,0,0
1995,First Unit of Quantity,2933402000,China,1995,kilograms,0,0,50,0,125,50,0,0,25,0,0,0
1995,First Unit of Quantity,2933402600,China,1995,kilograms,20,0,0,0,0,0,0,0,0,0,20,0
1995,First Unit of Quantity,2933511000,China,1995,kilograms,0,0,"2,000",0,0,0,0,0,0,0,0,0
1995,First Unit of Quantity,2933592200,China,1995,kilograms,"4,650",0,"12,000","4,000","11,000","6,000","3,000","6,000","4,000","11,000","9,279","6,000"
1995,First Unit of Quantity,2933595300,China,1995,kilograms,0,0,0,0,0,0,0,0,0,0,0,34
1995,First Unit of Quantity,2933595900,China,1995,kilograms,900,120,0,0,0,0,500,0,0,500,0,69
1995,First Unit of Quantity,2933599500,China,1995,kilograms,0,600,637,100,100,114,500,800,0,0,500,"1,230"
1995,First Unit of Quantity,2933696010,China,1995,kilograms,"31,780","50,868","31,780","11,214","63,560","66,880","17,960","16,025","48,793","17,575","34,000","17,100"
1995,First Unit of Quantity,2933696030,China,1995,kilograms,0,"14,400",0,"18,000",0,0,0,0,0,0,0,0
1995,First Unit of Quantity,2933696050,China,1995,kilograms,"5,000",0,"21,000","107,900","47,000","18,000","45,469","51,996","54,159",0,"89,450","47,670"
1995,First Unit of Quantity,2933900800,China,1995,kilograms,0,0,0,0,0,0,0,200,0,0,0,0
1995,First Unit of Quantity,2933901100,China,1995,kilograms,0,"7,000",0,0,0,0,0,0,0,0,"5,000",0
1995,First Unit of Quantity,2933901300,China,1995,kilograms,0,0,"8,000","8,000",0,0,0,0,0,0,0,0
1995,First Unit of Quantity,2933904200,China,1995,kilograms,0,0,0,0,10,0,0,0,0,0,0,0
1995,First Unit of Quantity,2933905300,China,1995,kilograms,0,0,0,1,0,50,0,35,0,0,25,0
1995,First Unit of Quantity,2933905590,China,1995,kilograms,"1,325",0,100,0,0,0,0,100,"2,000","2,300","1,400",700
1995,First Unit of Quantity,2933905800,China,1995,kilograms,0,0,0,0,0,0,25,0,25,0,0,0
1995,First Unit of Quantity,2933907500,China,1995,kilograms,0,0,0,0,0,0,0,0,0,0,0,"2,000"
1995,First Unit of Quantity,2933907900,China,1995,kilograms,"32,000",0,0,0,0,0,0,0,0,0,0,0
1995,First Unit of Quantity,2933908210,China,1995,kilograms,0,"1,500",0,0,0,0,0,0,0,"3,000",0,0
1995,First Unit of Quantity,2933908290,China,1995,kilograms,"16,000",0,0,0,"5,000",0,0,12,8,20,"4,800",0
1995,First Unit of Quantity,2933909000,China,1995,kilograms,0,0,0,0,0,0,0,0,0,30,0,0
1995,First Unit of Quantity,2933909700,China,1995,kilograms,0,0,0,0,0,"2,000","10,010",0,"11,500",0,0,0
1995,First Unit of Quantity,2934101000,China,1995,kilograms,0,0,"1,600",0,"2,250",0,0,"2,500",0,0,"2,450",0
1995,First Unit of Quantity,2934109000,China,1995,kilograms,"16,000",0,"4,000",0,"20,400",0,"3,025",0,0,0,0,0
1995,First Unit of Quantity,2934202500,China,1995,kilograms,"8,041","10,850",0,"13,672","6,000",0,0,0,0,"4,980","9,960","12,400"
1995,First Unit of Quantity,2934203000,China,1995,kilograms,0,0,0,"5,000","15,000",0,0,0,0,"3,050",0,0
1995,First Unit of Quantity,2934208000,China,1995,kilograms,0,0,0,"1,060",363,0,"5,125","2,423",0,0,"6,565",0
1995,First Unit of Quantity,2934900600,China,1995,kilograms,"96,050","33,150",0,0,"53,125",0,"33,150",0,"33,150",0,0,0
1995,First Unit of Quantity,2934903000,China,1995,kilograms,0,0,0,0,"3,000",0,0,0,0,"3,250",0,560
1995,First Unit of Quantity,2934903900,China,1995,kilograms,0,0,0,0,0,0,3,0,0,0,0,0
1995,First Unit of Quantity,2934904400,China,1995,kilograms,0,0,0,0,0,0,0,0,0,100,0,0
1995,First Unit of Quantity,2934909000,China,1995,kilograms,0,0,275,0,0,"1,000",0,0,0,0,0,0
1995,First Unit of Quantity,2935001300,China,1995,kilograms,0,"17,200",0,"12,000",0,0,"53,500","35,000","2,000","17,500",0,0
1995,First Unit of Quantity,2935001500,China,1995,kilograms,0,0,0,0,0,"52,500",0,0,0,0,0,0
1995,First Unit of Quantity,2935003000,China,1995,kilograms,"17,000","48,000","46,000","68,000",0,"17,000","27,000","45,300","51,000","68,000","68,000","17,000"
1995,First Unit of Quantity,2935003200,China,1995,kilograms,"12,950",0,0,0,"10,000",0,0,0,0,"10,000","10,000","20,000"
1995,First Unit of Quantity,2935003300,China,1995,kilograms,0,0,212,0,0,0,0,0,0,0,0,0
1995,First Unit of Quantity,2935004200,China,1995,kilograms,"10,000",50,"1,000",554,"1,000",0,0,"4,000",0,"1,000",600,100
1995,First Unit of Quantity,2935004800,China,1995,kilograms,"8,000","9,700","14,000","16,000","40,300","22,000","7,000","11,000",0,"29,000","21,000","14,000"
1995,First Unit of Quantity,2935006000,China,1995,kilograms,0,0,100,36,2,0,29,0,3,6,54,14
1995,First Unit of Quantity,2935009500,China,1995,kilograms,"7,000",0,"17,500",0,0,0,0,0,"15,775",0,0,421
1995,First Unit of Quantity,2936210000,China,1995,kilograms,"2,000",0,200,0,12,0,0,0,0,0,"5,050",0
1995,First Unit of Quantity,2936220000,China,1995,kilograms,"9,000","4,620","14,500","13,760","35,720","30,826","16,749","20,000","6,500","11,500","6,000","12,000"
1995,First Unit of Quantity,2936230000,China,1995,kilograms,"2,500","1,000","2,000","4,500","6,090","5,450","6,000","6,500","1,000","1,000","6,500","2,000"
1995,First Unit of Quantity,2936240000,China,1995,kilograms,0,0,0,0,0,3,0,0,0,0,0,0
1995,First Unit of Quantity,2936250000,China,1995,kilograms,"24,600","4,500","10,000","8,000","9,230","10,000","15,426","3,000","11,000","20,700","3,000","12,000"
1995,First Unit of Quantity,2936260000,China,1995,kilograms,11,16,169,8,17,63,"5,551","4,071","3,510","2,515","3,108","1,528"
1995,First Unit of Quantity,2936270000,China,1995,kilograms,"443,919","291,100","467,156","385,053","490,350","416,983","515,612","511,008","407,640","410,250","418,375","418,000"
1995,First Unit of Quantity,2936280000,China,1995,kilograms,"2,419",0,"5,000",0,0,0,"2,000",0,"12,000",0,"9,000","2,000"
1995,First Unit of Quantity,2936291000,China,1995,kilograms,"5,500","6,400","8,000",120,0,"3,700","3,900","3,250",0,"2,000",0,"1,720"
1995,First Unit of Quantity,2936295050,China,1995,kilograms,0,0,0,0,0,0,0,0,0,900,800,0
1995,First Unit of Quantity,2936299020,China,1995,kilograms,5,0,2,0,5,0,0,500,0,0,0,0
1995,First Unit of Quantity,2936299050,China,1995,kilograms,"1,904",290,100,50,275,0,0,0,0,0,0,0
1995,First Unit of Quantity,2936900000,China,1995,kilograms,0,0,63,"13,338",0,0,0,0,0,841,0,0
1995,First Unit of Quantity,2937210020,China,1995,grams,"250,001",176,"100,200","70,325","150,341","30,341","100,262",350,"50,200","263,200","190,050","100,100"
1995,First Unit of Quantity,2937210030,China,1995,grams,0,0,0,0,0,0,0,0,0,0,0,822
1995,First Unit of Quantity,2937290020,China,1995,grams,0,0,0,0,0,0,0,"1,414","130,000",0,"100,000",0
1995,First Unit of Quantity,2937999550,China,1995,grams,0,0,28,0,0,0,0,0,0,0,0,0
1995,First Unit of Quantity,2938100000,China,1995,kilograms,"1,000",0,0,0,"1,000","2,000",0,"1,500",0,"3,500",500,500
1995,First Unit of Quantity,2938900000,China,1995,kilograms,0,0,442,"1,800","3,700",32,"3,800",322,"23,004","2,460","44,150","3,006"
1995,First Unit of Quantity,2939300000,China,1995,kilograms,"135,000","81,509","80,250","80,580","141,776","118,980","115,720","117,800","128,760","212,020","253,500","226,220"
1995,First Unit of Quantity,2939400010,China,1995,kilograms,"18,350","15,188","14,665","11,507","6,504","6,726","7,179","9,850","13,500","10,500","16,400","15,000"
1995,First Unit of Quantity,2939400050,China,1995,kilograms,"14,900","3,100","10,000","1,000","3,000","8,000","1,000","16,000","5,500","3,100","16,975","1,000"
1995,First Unit of Quantity,2939500000,China,1995,kilograms,0,"10,000","1,000","2,000","7,000","39,800","1,000",0,595,"4,400","1,500","14,000"
1995,First Unit of Quantity,2939905000,China,1995,kilograms,0,0,0,1,0,0,0,0,0,0,200,0
1995,First Unit of Quantity,2940006000,China,1995,kilograms,"13,225",0,0,"5,000","3,044",0,"17,500","3,572",0,0,0,0
1995,First Unit of Quantity,2941102000,China,1995,kilograms,0,0,0,0,0,"24,261","5,064","25,000","12,100","12,100",0,"15,950"
1995,First Unit of Quantity,2941105000,China,1995,kilograms,0,0,0,0,0,0,0,0,0,0,0,25
1995,First Unit of Quantity,2941201000,China,1995,grams,0,0,0,0,0,0,311,"2,931,113",0,0,"6,682,776","3,104"
1995,First Unit of Quantity,2941205000,China,1995,grams,"1,185,193",307,0,102,0,0,0,"612,596","592,596","100,125","2,200","271,111"
1995,First Unit of Quantity,2941300000,China,1995,grams,"77,006,115","54,020,177","60,389,835","70,500,025","82,021,020","60,804,895","42,823,033","54,500,762","56,351,896","74,378,740","46,579,639","42,175,000"
1995,First Unit of Quantity,2941400000,China,1995,kilograms,0,0,0,0,0,0,0,0,0,0,"2,000","2,000"
1995,First Unit of Quantity,2941901010,China,1995,kilograms,0,0,0,0,0,0,0,0,0,0,3,40
1995,First Unit of Quantity,2941901050,China,1995,kilograms,250,98,275,2,1,436,255,542,2,258,0,0
1995,First Unit of Quantity,2941903000,China,1995,kilograms,0,0,0,0,0,0,0,0,10,0,150,0
1995,First Unit of Quantity,2941905000,China,1995,kilograms,"2,418","2,292",653,"6,429","1,108","4,227","4,700","3,140","4,300","1,035",401,442
1995,First Unit of Quantity,2942005000,China,1995,kilograms,100,0,16,0,"1,000","2,000","4,000",3,0,0,0,0
1995,First Unit of Quantity,3001100050,China,1995,kilograms,0,0,0,0,0,20,0,0,0,0,0,0
1995,First Unit of Quantity,3001200000,China,1995,kilograms,140,0,0,0,0,0,126,0,"1,000",315,0,0
1995,First Unit of Quantity,3001900000,China,1995,kilograms,68,316,557,261,369,731,589,636,664,746,"2,733",411
1995,First Unit of Quantity,3002100010,China,1995,kilograms,0,0,0,0,0,3,0,0,0,0,0,0
1995,First Unit of Quantity,3002100020,China,1995,kilograms,182,0,0,0,0,0,0,0,0,0,0,0
1995,First Unit of Quantity,3002100090,China,1995,kilograms,203,0,1,0,0,75,10,0,0,0,125,200
1995,First Unit of Quantity,3002200000,China,1995,kilograms,0,0,0,0,0,25,0,0,0,0,0,0
1995,First Unit of Quantity,3002390000,China,1995,kilograms,0,0,0,0,0,0,0,0,0,0,0,10
1995,First Unit of Quantity,3002901000,China,1995,kilograms,0,0,0,"13,832",0,0,0,"12,800",0,0,"12,800",0
1995,First Unit of Quantity,3002905050,China,1995,kilograms,85,76,226,69,434,239,157,261,355,231,275,252
1995,First Unit of Quantity,3003100000,China,1995,kilograms,0,0,0,0,0,0,0,0,0,0,1,0
1995,First Unit of Quantity,3003200000,China,1995,kilograms,98,0,0,100,0,0,0,0,0,0,0,0
1995,First Unit of Quantity,3003391000,China,1995,grams,0,0,0,0,0,28,0,0,0,0,0,0
1995,First Unit of Quantity,3003900000,China,1995,kilograms,"60,000","20,000","40,000","20,010",10,0,0,"69,000",0,"20,000","40,000",0
1995,First Unit of Quantity,3004200010,China,1995,kilograms,0,0,0,0,0,0,0,0,0,0,0,0
1995,First Unit of Quantity,3004200030,China,1995,kilograms,0,0,0,0,0,"10,229",0,"6,004","5,020",0,0,0
1995,First Unit of Quantity,3004400060,China,1995,kilograms,0,0,0,0,0,0,10,0,0,0,0,0
1995,First Unit of Quantity,3004505030,China,1995,kilograms,"16,149","16,120","32,238","31,202","16,228","48,635","16,208","8,092",0,0,0,"16,084"
1995,First Unit of Quantity,3004909028,China,1995,kilograms,0,0,0,0,0,0,0,0,0,"1,050",0,0
1995,First Unit of Quantity,3004909040,China,1995,kilograms,0,0,0,0,2,0,0,0,0,0,0,0
1995,First Unit of Quantity,3004909045,China,1995,kilograms,"5,774","5,656",0,0,0,"9,228",0,0,0,"4,456",0,"1,573"
1995,First Unit of Quantity,3004909050,China,1995,kilograms,"7,902",0,0,"14,898",0,"4,904",0,0,0,0,0,0
1995,First Unit of Quantity,3004909060,China,1995,kilograms,0,0,0,0,0,4,0,0,0,0,0,0
1995,First Unit of Quantity,3004909075,China,1995,kilograms,0,0,"18,900",248,0,"5,500",0,"7,192",0,"6,250",0,0
1995,First Unit of Quantity,3004909085,China,1995,kilograms,896,0,509,509,750,727,"1,251",674,"1,623","2,872",0,505
1995,First Unit of Quantity,3004909090,China,1995,kilograms,"4,910",0,0,"16,200","5,075","1,507","2,550",50,470,120,"9,900",434
1995,First Unit of Quantity,3005101000,China,1995,kilograms,0,0,400,0,0,800,0,0,250,"3,584",0,0
1995,First Unit of Quantity,3005105000,China,1995,kilograms,"7,626",0,110,"4,592",861,0,"4,913","2,267","1,912","7,716","18,502","6,747"
1995,First Unit of Quantity,3005901000,China,1995,kilograms,0,184,0,0,0,0,0,0,0,0,0,60
1995,First Unit of Quantity,3005905010,China,1995,kilograms,"94,055","36,049","110,517","119,803","227,898","5,880","16,598","2,152","15,942","5,060","31,299","14,976"
1995,First Unit of Quantity,3005905090,China,1995,kilograms,"273,771","325,226","111,449","194,081","346,353","443,516","360,101","493,232","474,922","474,255","427,091","475,142"
1995,First Unit of Quantity,3006500000,China,1995,kilograms,249,227,0,334,0,0,0,"2,214",0,266,0,"7,900"
1995,First Unit of Quantity,3102100000,China,1995,metric tons,0,0,0,0,0,0,45,0,0,0,0,0
1995,First Unit of Quantity,3102210000,China,1995,metric tons,0,0,23,0,0,23,0,0,0,20,20,0
1995,First Unit of Quantity,3103100010,China,1995,metric tons,0,0,17,0,0,0,0,0,0,0,0,0
1995,First Unit of Quantity,3104900000,China,1995,metric tons,0,0,0,0,0,0,0,0,0,4,2,0
1995,First Unit of Quantity,3105400010,China,1995,metric tons,0,0,0,0,0,5,0,0,17,0,54,0
1995,First Unit of Quantity,3105400050,China,1995,metric tons,768,0,0,0,0,0,0,0,0,0,0,0
1995,First Unit of Quantity,3105600000,China,1995,metric tons,0,0,0,18,0,0,0,0,0,0,0,0
1995,First Unit of Quantity,3105900050,China,1995,metric tons,0,0,0,0,0,48,20,0,0,0,0,0
1995,First Unit of Quantity,3202905000,China,1995,kilograms,0,0,0,0,0,0,0,0,0,0,0,0
1995,First Unit of Quantity,3203001000,China,1995,kilograms,"129,000",0,0,0,0,0,0,0,0,0,0,0
1995,First Unit of Quantity,3203003000,China,1995,kilograms,0,0,0,260,0,0,0,0,0,0,0,0
1995,First Unit of Quantity,3203008000,China,1995,kilograms,699,495,"1,000",922,"1,100",950,755,"1,108","2,075","10,455","10,340","60,944"
1995,First Unit of Quantity,3204111000,China,1995,kilograms,"55,950","47,410","24,996","98,759","64,375","34,125","34,400","77,163","68,100","28,075","47,375","35,365"
1995,First Unit of Quantity,3204113500,China,1995,kilograms,0,"2,000",450,"1,100","1,050",0,"10,301",0,0,0,0,"1,000"
1995,First Unit of Quantity,3204115000,China,1995,kilograms,"5,066","14,900",500,"11,500",0,0,"7,740","7,000",0,0,0,0
1995,First Unit of Quantity,3204120500,China,1995,kilograms,0,0,0,0,0,0,0,0,0,0,0,"1,013"
1995,First Unit of Quantity,3204121700,China,1995,kilograms,250,"1,000",500,0,"1,300",350,325,300,0,750,"1,500","1,100"
1995,First Unit of Quantity,3204122000,China,1995,kilograms,0,"1,500",0,"3,700",0,0,"5,000",0,0,200,"4,500",0
1995,First Unit of Quantity,3204124500,China,1995,kilograms,"3,500","7,600","2,925","4,560","19,300",0,"6,315","1,000","7,250",750,"1,900",0
1995,First Unit of Quantity,3204125000,China,1995,kilograms,"34,000","24,750","92,375","43,555","65,155","31,600","87,235","53,500","34,500","75,300","38,945","25,700"
1995,First Unit of Quantity,3204131000,China,1995,kilograms,"2,000",0,0,0,668,0,0,"3,268","2,250","3,850","18,410","1,000"
1995,First Unit of Quantity,3204132500,China,1995,kilograms,250,0,0,0,"1,500",500,0,"8,000",0,0,250,"3,000"
1995,First Unit of Quantity,3204136000,China,1995,kilograms,0,0,500,0,200,0,"2,311",500,0,0,0,0
1995,First Unit of Quantity,3204138000,China,1995,kilograms,"3,000","6,705",500,"3,000","4,610",400,"10,000","3,300","5,000","3,488","11,500","2,549"
1995,First Unit of Quantity,3204141000,China,1995,kilograms,0,0,0,0,"2,000",0,0,0,0,0,0,0
1995,First Unit of Quantity,3204142000,China,1995,kilograms,0,"4,000",0,"8,500",0,"5,000",0,0,0,0,0,0
1995,First Unit of Quantity,3204142500,China,1995,kilograms,0,"12,750",0,0,0,"12,750",0,0,0,0,"10,000","12,750"
1995,First Unit of Quantity,3204143000,China,1995,kilograms,"3,420","14,432","2,875","2,875","4,500",0,"3,000","2,500","3,010",0,0,0
1995,First Unit of Quantity,3204145000,China,1995,kilograms,"1,500",0,"9,005","15,450","14,050","5,500","6,500","6,750","4,000","13,350",0,"11,722"
1995,First Unit of Quantity,3204151000,China,1995,kilograms,"41,400","84,057","21,838","51,283","25,173","16,099","17,958","114,895","43,060","98,748","61,900","18,000"
1995,First Unit of Quantity,3204152000,China,1995,kilograms,0,0,0,0,0,0,0,200,950,0,0,0
1995,First Unit of Quantity,3204152500,China,1995,kilograms,0,0,0,"2,000",96,0,0,0,0,0,0,0
1995,First Unit of Quantity,3204153000,China,1995,kilograms,"4,580",0,25,200,"3,445",465,"33,600","31,125",200,"32,232","15,000",0
1995,First Unit of Quantity,3204154000,China,1995,kilograms,"9,000","28,000","13,000","15,000","7,000","12,500","14,000","8,200","21,000","16,000","14,500","6,000"
1995,First Unit of Quantity,3204158000,China,1995,kilograms,"16,860","12,400","15,500","11,900","17,485","6,000","6,500","19,031","5,550","15,000","2,655","18,548"
1995,First Unit of Quantity,3204162000,China,1995,kilograms,"2,130","20,500","14,000","33,500","34,625","13,000","10,700","6,000","9,240","14,240","2,000",0
1995,First Unit of Quantity,3204163000,China,1995,kilograms,0,0,"2,800",850,450,"1,000",0,0,0,0,0,0
1995,First Unit of Quantity,3204165000,China,1995,kilograms,0,"2,500",0,0,0,0,"2,000",0,"2,000",0,0,0
1995,First Unit of Quantity,3204170405,China,1995,kilograms,0,0,0,0,0,0,0,0,0,0,0,0
1995,First Unit of Quantity,3204170485,China,1995,kilograms,500,"13,975","11,086","6,500","12,040","5,850",0,"4,750",750,0,"2,000","7,000"
1995,First Unit of Quantity,3204172000,China,1995,kilograms,"8,000","19,200","19,200","15,000","16,000",0,0,"15,725","2,700","8,000",0,0
1995,First Unit of Quantity,3204176005,China,1995,kilograms,"3,000","25,328","46,645","28,456","15,539","15,667","9,310",0,"18,526","2,520","24,497","5,040"
1995,First Unit of Quantity,3204176010,China,1995,kilograms,0,0,"2,000",0,"2,000",0,0,"2,000",350,"2,100",0,"1,040"
1995,First Unit of Quantity,3204176085,China,1995,kilograms,"8,000","11,399","14,300","6,300","9,912","8,000","15,300","55,380","31,580","1,574","2,000","13,548"
1995,First Unit of Quantity,3204179005,China,1995,kilograms,"33,468","37,424","31,746","51,089","20,835","25,428","40,460","64,280","59,700","56,900","60,081","34,091"
1995,First Unit of Quantity,3204179010,China,1995,kilograms,"27,000","35,119","53,209","18,361","52,568","32,949","12,000","44,386","22,600","26,050","12,000","45,300"
1995,First Unit of Quantity,3204179015,China,1995,kilograms,0,0,0,0,0,0,0,0,"8,000","15,600",0,0
1995,First Unit of Quantity,3204179020,China,1995,kilograms,0,0,"6,000",0,"10,000","11,000","20,500",0,510,0,500,0
1995,First Unit of Quantity,3204179040,China,1995,kilograms,0,0,50,0,0,0,0,0,0,0,0,0
1995,First Unit of Quantity,3204179045,China,1995,kilograms,0,"1,321","3,189",0,"1,098",0,"3,770",0,0,0,0,0
1995,First Unit of Quantity,3204179050,China,1995,kilograms,0,0,0,"16,750",0,0,0,0,0,0,0,0
1995,First Unit of Quantity,3204179055,China,1995,kilograms,0,0,0,0,0,"3,157",0,0,0,0,0,0
1995,First Unit of Quantity,3204179085,China,1995,kilograms,"56,760","31,070","103,989","53,061","123,554","78,811","36,985","72,761","64,727","53,866","53,491","57,150"
1995,First Unit of Quantity,3204191100,China,1995,kilograms,700,0,0,"1,508",160,492,700,50,385,0,0,"2,300"
1995,First Unit of Quantity,3204192000,China,1995,kilograms,0,0,375,0,"2,000",0,0,0,0,0,0,0
1995,First Unit of Quantity,3204192500,China,1995,kilograms,"12,000",0,"2,000","12,000","12,900",0,"17,300",0,0,0,"8,793",0
1995,First Unit of Quantity,3204193000,China,1995,kilograms,"76,000","187,000","218,500",0,"238,000","309,000","255,000",0,"217,000","163,600","325,000","320,000"
1995,First Unit of Quantity,3204194000,China,1995,kilograms,0,"12,000",0,0,0,0,0,0,0,"9,925",0,0
1995,First Unit of Quantity,3204195000,China,1995,kilograms,0,"10,608",0,0,"68,000",0,0,0,"6,000",0,"28,478",0
1995,First Unit of Quantity,3204208000,China,1995,kilograms,0,0,500,0,"1,000",0,108,600,0,0,200,"2,000"
1995,First Unit of Quantity,3206100010,China,1995,kilograms,"115,000","184,200","306,166","170,000","486,000","358,200","462,200","664,976","187,168","259,194","294,180","130,200"
1995,First Unit of Quantity,3206100050,China,1995,kilograms,"136,000",0,0,0,"18,000",0,"34,000","17,000",0,0,"6,000",0
1995,First Unit of Quantity,3206200010,China,1995,kilograms,0,0,0,"51,000","17,000","51,000",0,"64,858",0,0,0,0
1995,First Unit of Quantity,3206420000,China,1995,kilograms,"36,804","19,500","19,500","66,896","83,161","85,024","77,678","111,809","72,616","42,392","63,116","36,000"
1995,First Unit of Quantity,3206430000,China,1995,kilograms,0,0,0,0,"1,000",0,0,"10,000",0,0,0,"8,000"
1995,First Unit of Quantity,3206491000,China,1995,kilograms,0,"20,000",0,0,0,0,0,0,0,0,0,0
1995,First Unit of Quantity,3206492000,China,1995,kilograms,0,0,0,0,0,0,0,0,"8,000",0,0,0
1995,First Unit of Quantity,3206494000,China,1995,kilograms,0,"7,100",0,0,0,0,121,526,0,0,0,0
1995,First Unit of Quantity,3206500000,China,1995,kilograms,0,0,0,0,0,0,0,0,0,0,0,200
1995,First Unit of Quantity,3207100000,China,1995,kilograms,"13,720",0,"5,441",544,"1,219","2,300","4,798","2,298","1,800","4,705","4,298","8,117"
1995,First Unit of Quantity,3207200000,China,1995,kilograms,0,0,0,0,0,0,0,0,39,0,0,0
1995,First Unit of Quantity,3209900000,China,1995,liters,0,0,0,0,0,0,0,0,0,0,0,175
1995,First Unit of Quantity,3210000000,China,1995,liters,0,0,0,0,0,0,0,0,0,"2,433",0,0
1995,First Unit of Quantity,3212900010,China,1995,kilograms,0,0,0,"17,353",0,0,0,0,"16,329",0,0,0
1995,First Unit of Quantity,3212900050,China,1995,kilograms,"5,495",0,0,0,0,823,"1,721",0,0,0,0,0
1995,First Unit of Quantity,3213100000,China,1995,no units collected,0,0,0,0,0,0,0,0,0,0,0,0
1995,First Unit of Quantity,3213900000,China,1995,pieces,"15,120","52,800","51,360","70,560","115,935","36,000","60,000","145,812","90,000","353,728","49,392","71,972"
1995,First Unit of Quantity,3214905000,China,1995,kilograms,"5,560",0,0,0,0,0,0,0,0,0,0,0
1995,First Unit of Quantity,3215110040,China,1995,kilograms,910,0,0,0,910,0,0,0,0,0,0,0
1995,First Unit of Quantity,3215110060,China,1995,kilograms,"1,520",0,537,0,"7,402",162,700,767,604,857,121,0
1995,First Unit of Quantity,3215190040,China,1995,kilograms,910,0,0,0,910,0,0,0,0,0,0,0
1995,First Unit of Quantity,3215190060,China,1995,kilograms,0,0,"2,560",0,0,0,"2,100",0,324,0,0,0
1995,First Unit of Quantity,3215901000,China,1995,kilograms,0,0,638,0,0,0,327,0,0,"1,013",0,0
1995,First Unit of Quantity,3215905000,China,1995,kilograms,"3,242","2,322",140,"1,834",360,0,0,0,942,0,0,"2,000"
1995,First Unit of Quantity,3301120000,China,1995,kilograms,0,0,0,0,0,0,"1,050",0,0,0,0,0
1995,First Unit of Quantity,3301195000,China,1995,kilograms,0,"8,550","25,228","11,440","2,100",0,"8,255",0,0,0,"3,780",0
1995,First Unit of Quantity,3301210000,China,1995,kilograms,990,0,"1,221",0,181,0,200,"1,305",581,"1,990","2,310","4,980"
1995,First Unit of Quantity,3301240000,China,1995,kilograms,0,"5,250","20,520",0,"13,729",0,0,0,0,0,0,0
1995,First Unit of Quantity,3301250010,China,1995,kilograms,"42,000","76,350","14,400","8,540",265,"2,450",0,"7,000",0,"7,000","14,000","28,000"
1995,First Unit of Quantity,3301250020,China,1995,kilograms,"6,080","22,550","2,700","11,140",0,0,"18,255","25,985","49,600","46,925","9,400","11,470"
1995,First Unit of Quantity,3301250050,China,1995,kilograms,0,0,0,0,"4,100",0,198,"1,158",0,0,0,0
1995,First Unit of Quantity,3301260000,China,1995,kilograms,200,0,0,0,0,0,0,0,0,0,0,0
1995,First Unit of Quantity,3301291000,China,1995,kilograms,"35,100","38,540","41,760","19,882","2,880","91,800","34,920","42,800","21,636","5,400","3,600","42,800"
1995,First Unit of Quantity,3301295003,China,1995,kilograms,"4,680","16,200","17,100","6,300",0,"2,700",0,"2,700",0,"5,040","7,740","4,240"
1995,First Unit of Quantity,3301295007,China,1995,kilograms,"16,000","39,580","37,600","4,600","14,100","37,283","7,000","48,425","81,400","8,200","13,090","3,100"
1995,First Unit of Quantity,3301295009,China,1995,kilograms,"45,557","14,400","28,800",0,0,0,0,"14,400","28,800","14,400","28,800","43,199"
1995,First Unit of Quantity,3301295011,China,1995,kilograms,"105,120","84,518","42,094","97,088","61,130","18,540","36,000","86,400","72,000","86,400","44,500","37,100"
1995,First Unit of Quantity,3301295019,China,1995,kilograms,"6,300",21,0,0,0,0,0,0,0,0,0,0
1995,First Unit of Quantity,3301295027,China,1995,kilograms,"2,152",500,0,"1,000","16,500","2,450",200,"3,800",600,"1,750","4,372","3,775"
1995,First Unit of Quantity,3301295035,China,1995,grams,0,0,"2,000",0,0,0,0,0,0,0,0,0
1995,First Unit of Quantity,3301295041,China,1995,kilograms,0,0,0,0,"9,800","15,540","46,100",0,0,0,0,0
1995,First Unit of Quantity,3301295050,China,1995,kilograms,"37,550","70,329","9,640","11,325","37,790","16,457","10,800","8,705","10,605","6,275","96,940","48,086"
1995,First Unit of Quantity,3301300000,China,1995,kilograms,0,0,0,0,0,0,0,0,0,100,300,0
1995,First Unit of Quantity,3301901050,China,1995,kilograms,500,0,0,500,500,500,0,0,0,0,0,0
1995,First Unit of Quantity,3301905000,China,1995,kilograms,0,"6,000",0,"7,000","6,000","8,622","11,250",0,416,0,"6,010",400
1995,First Unit of Quantity,3302101000,China,1995,kilograms,0,345,247,23,"17,377",71,334,0,0,29,310,31
1995,First Unit of Quantity,3302901010,China,1995,kilograms,0,0,0,0,0,0,0,"16,062",0,0,0,0
1995,First Unit of Quantity,3302901050,China,1995,kilograms,"7,000","6,000","18,000","27,000","2,200","2,000","2,000",0,0,0,0,50
1995,First Unit of Quantity,3303002000,China,1995,kilograms,0,0,"3,897",375,0,3,0,898,0,0,0,52
1995,First Unit of Quantity,3303003000,China,1995,kilograms,0,0,0,0,0,0,0,0,629,0,0,0
1995,First Unit of Quantity,3304100000,China,1995,no units collected,0,0,0,0,0,0,0,0,0,0,0,0
1995,First Unit of Quantity,3304200000,China,1995,no units collected,0,0,0,0,0,0,0,0,0,0,0,0
1995,First Unit of Quantity,3304300000,China,1995,no units collected,0,0,0,0,0,0,0,0,0,0,0,0
1995,First Unit of Quantity,3304910010,China,1995,no units collected,0,0,0,0,0,0,0,0,0,0,0,0
1995,First Unit of Quantity,3304910050,China,1995,no units collected,0,0,0,0,0,0,0,0,0,0,0,0
1995,First Unit of Quantity,3304990000,China,1995,no units collected,0,0,0,0,0,0,0,0,0,0,0,0
1995,First Unit of Quantity,3305100000,China,1995,no units collected,0,0,0,0,0,0,0,0,0,0,0,0
1995,First Unit of Quantity,3305200000,China,1995,no units collected,0,0,0,0,0,0,0,0,0,0,0,0
1995,First Unit of Quantity,3305900000,China,1995,kilograms,"3,496",908,"1,809","2,513","1,043",200,"2,589","4,984",710,"1,570","5,178","7,396"
1995,First Unit of Quantity,3306100000,China,1995,no units collected,0,0,0,0,0,0,0,0,0,0,0,0
1995,First Unit of Quantity,3306900000,China,1995,kilograms,210,0,0,0,0,40,0,"8,590",0,257,14,0
1995,First Unit of Quantity,3307101000,China,1995,no units collected,0,0,0,0,0,0,0,0,0,0,0,0
1995,First Unit of Quantity,3307102000,China,1995,kilograms,0,0,0,0,0,0,0,0,0,0,0,0
1995,First Unit of Quantity,3307200000,China,1995,no units collected,0,0,0,0,0,0,0,0,0,0,0,0
1995,First Unit of Quantity,3307301000,China,1995,kilograms,0,470,0,0,0,17,"2,009","8,524","4,661","5,621","30,097",764
1995,First Unit of Quantity,3307305000,China,1995,kilograms,"1,686",0,997,"2,043",612,664,"1,018","11,219","2,845","6,962","22,678","1,008"
1995,First Unit of Quantity,3307410000,China,1995,no units collected,0,0,0,0,0,0,0,0,0,0,0,0
1995,First Unit of Quantity,3307490000,China,1995,kilograms,"27,798",877,"25,044","18,002","31,375","21,922","31,844","40,152","26,574","65,438","66,474","31,331"
1995,First Unit of Quantity,3307900000,China,1995,no units collected,0,0,0,0,0,0,0,0,0,0,0,0
1995,First Unit of Quantity,3401111000,China,1995,kilograms,0,0,"2,355",0,0,0,0,0,0,950,"9,761",0
1995,First Unit of Quantity,3401115000,China,1995,kilograms,"47,959","41,877","29,941","56,128","38,160","60,403","73,520","93,785","90,971","182,637","82,431","59,821"
1995,First Unit of Quantity,3401190000,China,1995,kilograms,"5,675","8,241","7,586","16,991","5,865","23,370","15,982","27,017","11,769","21,803","11,124","16,499"
1995,First Unit of Quantity,3401200000,China,1995,kilograms,"1,614",0,"1,079","1,346",0,11,"1,750",0,"17,388","18,132","2,126","5,475"
1995,First Unit of Quantity,3402115050,China,1995,kilograms,0,0,0,0,0,0,0,450,0,0,0,0
1995,First Unit of Quantity,3402135000,China,1995,kilograms,0,0,0,0,0,"1,080",0,160,0,150,0,0
1995,First Unit of Quantity,3402201000,China,1995,kilograms,0,0,0,0,0,0,0,156,250,405,158,0
1995,First Unit of Quantity,3402205000,China,1995,kilograms,0,0,0,861,0,0,0,0,0,120,0,0
1995,First Unit of Quantity,3402901000,China,1995,kilograms,0,255,0,360,727,"3,019",0,0,617,"1,138",0,938
1995,First Unit of Quantity,3402905010,China,1995,kilograms,0,0,0,0,0,0,0,"1,186",0,0,0,0
1995,First Unit of Quantity,3402905030,China,1995,kilograms,520,"18,391","2,502",519,"1,580","1,650",0,"18,341",0,400,660,572
1995,First Unit of Quantity,3402905050,China,1995,kilograms,0,0,0,36,0,0,0,0,0,0,699,0
1995,First Unit of Quantity,3403911000,China,1995,kilograms,0,0,0,"1,500",0,0,0,0,0,"1,995",0,0
1995,First Unit of Quantity,3404905000,China,1995,kilograms,"12,000",0,0,233,0,0,0,0,0,0,827,253
1995,First Unit of Quantity,3405100000,China,1995,no units collected,0,0,0,0,0,0,0,0,0,0,0,0
1995,First Unit of Quantity,3405900000,China,1995,no units collected,0,0,0,0,0,0,0,0,0,0,0,0
1995,First Unit of Quantity,3406000000,China,1995,kilograms,"1,110,703","1,001,358","1,036,898","1,311,326","1,449,298","1,552,641","1,573,666","2,052,997","2,149,713","1,765,746","1,122,618","933,096"
1995,First Unit of Quantity,3407002000,China,1995,kilograms,0,0,"1,175","6,479",815,0,467,"7,966",816,"8,864","11,923","15,806"
1995,First Unit of Quantity,3407004000,China,1995,kilograms,0,0,0,0,0,"1,023",0,0,0,0,0,0
1995,First Unit of Quantity,3501105000,China,1995,kilograms,0,"34,758",0,0,0,0,0,0,0,0,0,0
1995,First Unit of Quantity,3503002000,China,1995,kilograms,"70,000","35,000",0,0,0,0,0,0,0,0,0,0
1995,First Unit of Quantity,3503004000,China,1995,kilograms,"85,500","103,000","175,000","241,000","554,480","414,500","277,640","189,000",0,"17,000",0,0
1995,First Unit of Quantity,3503005550,China,1995,kilograms,0,0,0,272,0,0,0,0,272,0,0,0
1995,First Unit of Quantity,3505200000,China,1995,kilograms,0,0,0,0,0,"8,100","4,650","4,770",0,0,0,0
1995,First Unit of Quantity,3506105000,China,1995,kilograms,"3,660","3,496",920,"6,369","1,584","7,166","13,210","4,607","17,966","2,149",908,"20,408"
1995,First Unit of Quantity,3506910000,China,1995,kilograms,"1,025",0,"1,230","1,025","6,724",0,"1,020",816,0,"2,882","1,025",0
1995,First Unit of Quantity,3506990000,China,1995,kilograms,"67,531",945,"34,520",0,"18,332",863,242,0,"47,971",43,210,"34,000"
1995,First Unit of Quantity,3507902000,China,1995,kilograms,0,0,0,0,0,0,0,0,0,0,0,"13,750"
1995,First Unit of Quantity,3507907000,China,1995,kilograms,0,6,1,0,0,0,814,0,0,0,30,0
1995,First Unit of Quantity,3602000030,China,1995,kilograms,"960,075",0,0,0,0,0,"984,171",0,0,0,0,0
1995,First Unit of Quantity,3603003000,China,1995,thousand meters,0,0,0,"1,000",0,0,0,0,0,0,0,0
1995,First Unit of Quantity,3604100010,China,1995,kilograms,"5,014,988","4,024,761","2,519,056","5,247,726","6,074,400","5,006,902","219,533","554,264","1,289,251","3,146,963","3,530,441","5,817,545"
1995,First Unit of Quantity,3604100050,China,1995,kilograms,"203,552","465,035","279,104","528,668","604,337","370,366","122,459","73,568","15,148","127,128","223,919","447,333"
1995,First Unit of Quantity,3604900000,China,1995,kilograms,"151,063","170,980","40,879","130,302","228,078","73,555","19,509","65,192","70,893","36,774","81,603","66,385"
1995,First Unit of Quantity,3605000030,China,1995,gross containers,0,"215,511",275,"1,571","166,598","1,931","39,226","102,121",618,"24,482",594,0
1995,First Unit of Quantity,3605000060,China,1995,gross containers,0,"81,900","125,900",347,0,0,20,996,327,0,74,0
1995,First Unit of Quantity,3606100000,China,1995,number,0,"335,400",0,0,0,0,0,"96,000",0,"48,000",0,0
1995,First Unit of Quantity,3606903000,China,1995,kilograms,0,0,0,0,27,0,0,0,0,0,0,0
1995,First Unit of Quantity,3606908000,China,1995,kilograms,857,"3,180",0,0,"1,838",615,0,0,0,0,"3,975","3,199"
1995,First Unit of Quantity,3701100030,China,1995,square meters,"3,071",0,0,0,0,0,0,0,"2,864",0,0,0
1995,First Unit of Quantity,3701200030,China,1995,number,0,0,0,0,"19,200",0,0,0,0,0,0,0
1995,First Unit of Quantity,3702540030,China,1995,number,"410,000",0,"1,100","260,000",0,"20,000","263,348","50,563","6,000","15,000",0,"978,800"
1995,First Unit of Quantity,3702540060,China,1995,number,0,"44,520",0,"48,072",0,"3,078","18,000","49,556","56,235","25,560","12,062","1,000"
1995,First Unit of Quantity,3702550030,China,1995,square meters,"400,000",0,0,0,0,0,0,0,0,0,0,0
1995,First Unit of Quantity,3702550060,China,1995,square meters,0,0,0,0,0,0,0,0,0,0,0,21
1995,First Unit of Quantity,3702940000,China,1995,square meters,0,0,0,0,0,0,0,0,0,0,0,"1,068"
1995,First Unit of Quantity,3703906000,China,1995,square meters,0,0,0,0,0,0,0,0,0,0,"1,558",0
1995,First Unit of Quantity,3705100000,China,1995,number,0,0,0,0,0,0,0,0,0,0,4,0
1995,First Unit of Quantity,3706106030,China,1995,meters,0,0,0,0,0,0,0,"2,675","5,911","2,003","8,997","1,860"
1995,First Unit of Quantity,3706106060,China,1995,meters,60,0,0,0,"1,524",0,0,0,"10,330","6,668",670,"1,219"
1995,First Unit of Quantity,3706106090,China,1995,meters,0,0,0,0,0,"2,000",0,0,0,0,35,0
1995,First Unit of Quantity,3707903290,China,1995,kilograms,"85,936","13,845","105,869","65,630","106,388","44,443","60,161","53,734","4,956","25,850","5,600","8,567"
1995,First Unit of Quantity,3707906000,China,1995,kilograms,0,0,0,0,0,0,0,0,0,800,0,0
1995,First Unit of Quantity,3801105000,China,1995,kilograms,"578,239","36,129","504,600","96,000","345,682","311,037","66,480","290,893","633,640",0,0,"263,980"
1995,First Unit of Quantity,3802100000,China,1995,kilograms,"650,160","342,150","552,198","699,807","494,959","682,655","410,611","646,351","461,454","668,222","750,639","709,800"
1995,First Unit of Quantity,3802905000,China,1995,kilograms,0,0,0,0,0,417,0,920,0,0,0,0
1995,First Unit of Quantity,3806100010,China,1995,kilograms,"3,323,322","4,158,978","4,453,820","3,151,802","3,590,100","684,000","865,020","378,000","188,550","522,000","180,000","216,000"
1995,First Unit of Quantity,3806100050,China,1995,kilograms,0,0,0,0,0,"414,000",0,0,"17,600","17,600",0,"17,600"
1995,First Unit of Quantity,3808101000,China,1995,kilograms,0,0,0,"1,625",0,0,0,0,0,0,"21,000",0
1995,First Unit of Quantity,3808102500,China,1995,kilograms,"32,775",0,"2,150","27,987",0,0,0,0,262,0,0,"7,296"
1995,First Unit of Quantity,3808103000,China,1995,kilograms,"29,631","15,000","60,165","38,787","44,516","10,500","18,165","31,500","21,000","46,645","21,000","21,000"
1995,First Unit of Quantity,3808105000,China,1995,kilograms,"90,554","60,422","34,793","83,931","19,675","14,531","85,079","29,769","14,255","2,667","51,988","55,562"
1995,First Unit of Quantity,3808909500,China,1995,kilograms,"5,098",0,"8,799","32,422","11,680","18,012",0,0,0,0,0,"13,950"
1995,First Unit of Quantity,3809910000,China,1995,kilograms,0,0,0,0,"32,000",0,0,0,0,0,0,0
1995,First Unit of Quantity,3810100000,China,1995,kilograms,0,0,0,0,0,0,0,0,20,0,0,0
1995,First Unit of Quantity,3810901000,China,1995,kilograms,4,0,0,0,0,0,0,0,0,0,0,0
1995,First Unit of Quantity,3812105000,China,1995,kilograms,0,200,0,0,0,0,0,0,0,0,0,0
1995,First Unit of Quantity,3812205000,China,1995,kilograms,0,52,0,0,0,0,0,0,0,0,0,0
1995,First Unit of Quantity,3812306000,China,1995,kilograms,0,"1,295",0,0,0,0,0,0,0,0,0,0
1995,First Unit of Quantity,3812309000,China,1995,kilograms,"12,000",0,0,0,0,"8,910",0,0,0,0,0,0
1995,First Unit of Quantity,3815905000,China,1995,kilograms,"22,000",0,0,0,0,0,0,0,0,"31,000",0,0
1995,First Unit of Quantity,3816000050,China,1995,kilograms,0,0,0,0,0,"36,170",0,0,0,"20,000",0,0
1995,First Unit of Quantity,3818000090,China,1995,kilograms,416,167,692,446,0,526,225,250,268,240,267,246
1995,First Unit of Quantity,3822001090,China,1995,kilograms,380,300,437,248,0,235,269,535,230,161,291,193
1995,First Unit of Quantity,3823200010,China,1995,kilograms,0,"55,640",0,0,"39,140",0,0,0,0,0,0,"20,010"
1995,First Unit of Quantity,3823300000,China,1995,kilograms,"15,595","5,200","13,300","6,700","14,013","14,552","12,226","4,060","9,100","3,627","3,500","9,105"
1995,First Unit of Quantity,3823901100,China,1995,kilograms,0,0,0,0,0,0,0,1,0,0,0,0
1995,First Unit of Quantity,3823901900,China,1995,kilograms,0,0,0,0,0,0,1,0,0,13,0,0
1995,First Unit of Quantity,3823902500,China,1995,kilograms,0,0,0,0,0,0,0,0,558,0,0,240
1995,First Unit of Quantity,3823902800,China,1995,kilograms,0,0,50,210,0,0,0,70,150,690,240,250
1995,First Unit of Quantity,3823903500,China,1995,kilograms,0,0,0,0,0,"2,000",0,0,0,0,0,0
1995,First Unit of Quantity,3823903600,China,1995,kilograms,0,600,0,0,0,0,0,0,0,0,0,0
1995,First Unit of Quantity,3823903900,China,1995,kilograms,"196,637","53,336","133,856","71,984","218,000",0,"17,900","67,804","32,005","52,632","156,773","81,647"
1995,First Unit of Quantity,3823904500,China,1995,kilograms,0,0,0,0,0,0,0,0,"1,460",0,0,"1,700"
1995,First Unit of Quantity,3823909010,China,1995,kilograms,0,0,0,0,486,0,0,0,0,0,0,0
1995,First Unit of Quantity,3823909050,China,1995,kilograms,540,0,0,0,572,0,486,"1,280","9,200","13,950",0,0
1995,First Unit of Quantity,3901100030,China,1995,kilograms,0,0,0,0,0,0,0,0,0,0,900,0
1995,First Unit of Quantity,3901200000,China,1995,kilograms,0,0,"1,010",0,0,0,0,0,"21,000","98,000",0,0
1995,First Unit of Quantity,3901905000,China,1995,kilograms,0,0,0,0,0,0,0,0,0,0,0,175
1995,First Unit of Quantity,3902100000,China,1995,kilograms,0,0,0,0,0,0,0,0,"2,000",0,0,0
1995,First Unit of Quantity,3902900050,China,1995,kilograms,"32,000",0,0,0,0,0,0,0,0,0,0,0
1995,First Unit of Quantity,3903110000,China,1995,kilograms,"51,000",0,0,0,0,0,0,0,0,0,"24,000",0
1995,First Unit of Quantity,3903190000,China,1995,kilograms,0,0,0,0,0,0,0,0,0,"60,500","20,000","17,000"
1995,First Unit of Quantity,3903200000,China,1995,kilograms,"51,000",0,0,"51,000",0,0,0,0,0,0,0,0
1995,First Unit of Quantity,3903300000,China,1995,kilograms,0,0,0,"49,700","50,300",0,0,0,0,500,0,0
1995,First Unit of Quantity,3904100000,China,1995,kilograms,0,0,0,0,"1,200",0,0,868,0,0,0,0
1995,First Unit of Quantity,3904220000,China,1995,kilograms,0,0,15,0,0,0,"40,685","103,835","168,150","46,268","10,498","13,059"
1995,First Unit of Quantity,3904302000,China,1995,kilograms,"28,000","32,600",0,0,0,0,0,0,0,0,0,0
1995,First Unit of Quantity,3904610000,China,1995,kilograms,"19,472",0,"28,590","40,900","14,000","40,827",0,"5,000","27,000","20,500","34,000",450
1995,First Unit of Quantity,3904695000,China,1995,kilograms,"14,680",0,40,0,0,24,0,0,0,0,0,0
1995,First Unit of Quantity,3904905000,China,1995,kilograms,0,0,0,0,0,25,0,0,0,0,0,0
1995,First Unit of Quantity,3905200000,China,1995,kilograms,"367,000","86,000","587,010","468,500","518,891","103,881","280,089","377,000","290,000",0,0,0
1995,First Unit of Quantity,3906902000,China,1995,kilograms,0,0,0,0,0,0,0,0,0,0,0,"1,351"
1995,First Unit of Quantity,3906905000,China,1995,kilograms,0,0,0,0,0,0,0,0,"1,137",0,0,0
1995,First Unit of Quantity,3907100000,China,1995,kilograms,0,"18,000","64,000",0,"18,000",0,"18,000",0,0,0,0,0
1995,First Unit of Quantity,3907300000,China,1995,kilograms,400,0,"13,000","13,000",0,"13,015",0,0,"13,000",0,0,0
1995,First Unit of Quantity,3907400000,China,1995,kilograms,0,390,0,"33,929",0,0,0,0,0,"35,025",100,0
1995,First Unit of Quantity,3907600010,China,1995,kilograms,0,0,0,0,0,50,0,0,0,0,0,0
1995,First Unit of Quantity,3907600050,China,1995,kilograms,"33,577","305,280",0,"545,254",0,"800,000",0,0,0,0,0,0
1995,First Unit of Quantity,3908907000,China,1995,kilograms,0,0,0,20,0,0,0,0,0,0,0,0
1995,First Unit of Quantity,3909100000,China,1995,kilograms,0,0,"9,000","8,500",0,0,0,0,0,0,0,0
1995,First Unit of Quantity,3909200000,China,1995,kilograms,0,0,0,0,0,0,0,27,39,25,0,15
1995,First Unit of Quantity,3909300000,China,1995,kilograms,0,"1,212,800",0,0,0,0,0,"1,202,000",0,0,0,0
1995,First Unit of Quantity,3909400000,China,1995,kilograms,0,0,0,"19,941",0,0,0,0,0,0,0,0
1995,First Unit of Quantity,3909505000,China,1995,kilograms,0,0,0,0,0,0,0,0,0,0,0,0
1995,First Unit of Quantity,3910000000,China,1995,kilograms,0,0,0,0,0,32,0,0,0,0,0,0
1995,First Unit of Quantity,3911100000,China,1995,kilograms,0,0,0,0,0,0,0,0,0,0,50,0
1995,First Unit of Quantity,3911901000,China,1995,kilograms,0,0,65,0,0,0,0,0,0,0,0,0
1995,First Unit of Quantity,3911909010,China,1995,kilograms,0,0,0,0,0,0,0,500,0,0,0,0
1995,First Unit of Quantity,3913100000,China,1995,kilograms,"34,900","22,000","35,000","11,000","86,000","28,000",0,"50,000",0,"34,000","17,000","17,000"
1995,First Unit of Quantity,3913901000,China,1995,kilograms,"17,136","17,500","17,000",0,"17,640","17,500",0,0,0,0,0,0
1995,First Unit of Quantity,3913902010,China,1995,kilograms,0,0,0,"3,000",0,0,0,0,0,"4,000","6,000",0
1995,First Unit of Quantity,3914006000,China,1995,kilograms,"15,009",0,"29,158","31,500","31,597",0,"15,870",0,0,0,"49,850","16,992"
1995,First Unit of Quantity,3915100000,China,1995,kilograms,"7,000","7,000",0,0,"8,000","14,000","8,000",0,0,"28,000",0,0
1995,First Unit of Quantity,3915200000,China,1995,kilograms,0,0,0,0,0,0,0,0,0,"3,962",0,0
1995,First Unit of Quantity,3915900000,China,1995,kilograms,"159,802","226,778","169,194","205,321","270,401","267,920","227,120","68,500","211,246","244,846","128,275","268,386"
1995,First Unit of Quantity,3916100000,China,1995,kilograms,0,0,0,0,0,0,0,546,0,0,0,0
1995,First Unit of Quantity,3916902000,China,1995,meters,0,0,0,0,0,0,0,0,12,0,0,0
1995,First Unit of Quantity,3916903000,China,1995,meters,202,0,0,0,0,0,0,0,0,0,0,0
1995,First Unit of Quantity,3916905000,China,1995,kilograms,"5,990",0,0,"1,044","6,389",214,"1,536",0,132,"5,139",138,2
1995,First Unit of Quantity,3917210000,China,1995,kilograms,"1,309","2,351","11,014","6,447","1,666",0,"2,202","2,272","1,236",401,0,437
1995,First Unit of Quantity,3917220000,China,1995,kilograms,"2,347","2,339",0,140,0,575,0,329,60,"3,185",609,"3,867"
1995,First Unit of Quantity,3917230000,China,1995,kilograms,"30,434","17,631","1,689",876,"2,894","1,557",817,"15,502","1,753","1,227","10,126","6,455"
1995,First Unit of Quantity,3917290090,China,1995,kilograms,960,"2,742","3,067","3,354","5,085",540,328,"8,393",789,"7,015",0,21
1995,First Unit of Quantity,3917310000,China,1995,kilograms,0,0,0,0,18,0,0,0,0,0,0,0
1995,First Unit of Quantity,3917322000,China,1995,kilograms,38,0,0,0,0,0,0,0,0,0,0,0
1995,First Unit of Quantity,3917326010,China,1995,kilograms,139,50,8,824,160,"1,112","2,829",941,630,"2,168","1,770","2,997"
1995,First Unit of Quantity,3917326020,China,1995,kilograms,0,"1,584","1,026",0,725,"2,995",0,0,0,0,"3,368","1,085"
1995,First Unit of Quantity,3917326050,China,1995,kilograms,"2,494",54,3,0,99,218,0,600,0,731,"5,626",330
1995,First Unit of Quantity,3917330000,China,1995,kilograms,377,"2,064",54,751,7,0,0,"5,852",198,"1,328",269,"1,365"
1995,First Unit of Quantity,3917390020,China,1995,kilograms,722,"1,090","5,522","7,139",720,"1,170",335,"1,047","5,486","1,226",487,288
1995,First Unit of Quantity,3917390050,China,1995,kilograms,"2,711",466,"1,346",170,"7,725","1,726","3,249","4,760","3,998","8,119","3,954","3,449"
1995,First Unit of Quantity,3917400090,China,1995,kilograms,"1,335","26,265","12,070","22,397","22,563","19,350","27,747","31,645","21,204","21,969","17,506","33,403"
1995,First Unit of Quantity,3918101000,China,1995,square meters,"990,419","1,037,978","754,823","1,101,211","1,183,692","1,971,359","1,772,798","1,285,715","1,556,744","1,393,656","1,754,055","929,927"
1995,First Unit of Quantity,3918102000,China,1995,square meters,0,0,0,0,"96,866","25,736","51,502","19,063","48,089","34,316",0,0
1995,First Unit of Quantity,3918901000,China,1995,square meters,"22,775","44,285",0,"37,306","70,115","21,070",0,"7,111","20,921",0,0,"25,237"
1995,First Unit of Quantity,3919101050,China,1995,kilograms,0,"1,023",0,176,0,0,0,245,"1,848",974,52,0
1995,First Unit of Quantity,3919102020,China,1995,square meters,"12,656","4,913",0,"25,478",19,"632,060","53,350",180,"21,457",0,"27,710","5,876"
1995,First Unit of Quantity,3919102030,China,1995,square meters,"121,936",0,"18,056","59,825","4,839",0,"417,937","314,938","58,688","32,269","21,377","158,556"
1995,First Unit of Quantity,3919102040,China,1995,square meters,"3,307","111,480",0,"4,831",0,"459,430","29,403",0,"25,946","1,342",0,0
1995,First Unit of Quantity,3919102055,China,1995,square meters,"94,514","98,463","103,620","99,117","44,056","33,855","153,660","1,004,206","1,470,850","197,090","43,492","745,239"
1995,First Unit of Quantity,3919905030,China,1995,square meters,0,0,"2,542",0,"5,760",0,"1,800","15,708",0,"2,460","1,639",0
1995,First Unit of Quantity,3919905040,China,1995,square meters,0,38,0,132,"6,200",0,"29,434",0,0,"118,260","19,108","17,280"
1995,First Unit of Quantity,3919905060,China,1995,square meters,"276,521","137,552","8,684","41,956","32,276","346,626","25,673","2,364,348","490,310","3,045,179","6,159","865,143"
1995,First Unit of Quantity,3920100000,China,1995,kilograms,"21,824","99,007","43,296","69,871","143,812",324,"4,688","127,045","131,768","126,972","75,735","62,305"
1995,First Unit of Quantity,3920200000,China,1995,kilograms,"2,379",0,0,"3,226",0,"1,267","27,182",25,"7,776","26,131","13,082","23,878"
1995,First Unit of Quantity,3920410000,China,1995,kilograms,"2,300","1,001","1,200",713,"1,558","7,590","2,094",468,651,"2,997",462,0
1995,First Unit of Quantity,3920425000,China,1995,kilograms,"16,341","54,421","18,098","70,473","76,005","34,817","19,216","13,057","6,805","14,202","71,644","79,897"
1995,First Unit of Quantity,3920511000,China,1995,kilograms,0,0,0,"3,357",0,0,0,0,0,0,0,0
1995,First Unit of Quantity,3920515000,China,1995,kilograms,0,0,0,0,0,0,340,0,0,0,0,204
1995,First Unit of Quantity,3920591000,China,1995,kilograms,0,124,0,0,0,0,0,0,0,0,0,0
1995,First Unit of Quantity,3920610000,China,1995,kilograms,0,0,0,0,144,0,0,0,0,0,0,0
1995,First Unit of Quantity,3920620000,China,1995,kilograms,"190,523","55,987","195,283","141,413","94,176","144,054","94,348","37,435",0,"38,234","19,219",0
1995,First Unit of Quantity,3920631000,China,1995,kilograms,130,"17,466","136,082",0,"49,405","57,157",0,"52,114","32,273","47,232","44,836","29,832"
1995,First Unit of Quantity,3920690000,China,1995,kilograms,0,0,0,0,"1,181",0,"15,320",0,0,200,50,0
1995,First Unit of Quantity,3920710000,China,1995,kilograms,150,0,0,0,0,0,"1,814",0,0,0,0,0
1995,First Unit of Quantity,3920720000,China,1995,kilograms,0,"15,763",740,0,"15,398","15,170","9,217",0,0,0,0,"16,350"
1995,First Unit of Quantity,3920730000,China,1995,kilograms,0,0,0,0,0,0,0,0,"4,019",0,0,0
1995,First Unit of Quantity,3920920000,China,1995,kilograms,0,0,0,0,0,0,20,0,0,0,0,0
1995,First Unit of Quantity,3920992000,China,1995,kilograms,0,"2,100","6,037","22,721","2,100","20,276","1,621","4,594",715,0,"14,131",0
1995,First Unit of Quantity,3920995000,China,1995,kilograms,"23,295","2,736","1,527",0,160,110,"6,498",220,289,"2,453","3,177","12,354"
1995,First Unit of Quantity,3921110000,China,1995,kilograms,0,12,11,0,207,0,0,290,0,0,0,0
1995,First Unit of Quantity,3921121100,China,1995,square meters,0,0,0,0,0,0,"9,342","1,761","13,588","9,474",0,0
1995,First Unit of Quantity,3921121950,China,1995,square meters,0,0,"94,699","11,274",0,"8,560",0,0,125,0,0,0
1995,First Unit of Quantity,3921125000,China,1995,kilograms,0,0,0,0,0,"4,151",45,488,10,760,"2,135",107
1995,First Unit of Quantity,3921131100,China,1995,square meters,0,0,0,0,0,0,0,0,0,0,0,107
1995,First Unit of Quantity,3921135000,China,1995,kilograms,0,0,"7,458",685,0,"1,057",178,57,0,0,0,0
1995,First Unit of Quantity,3921190000,China,1995,kilograms,"15,499",0,"2,064","2,450","2,769",154,"1,774",0,0,"1,979","1,113",22
1995,First Unit of Quantity,3921901500,China,1995,square meters,0,0,0,0,0,0,0,0,0,0,0,0
1995,First Unit of Quantity,3921901950,China,1995,square meters,0,0,0,0,0,0,101,"47,669",0,0,"37,212",0
1995,First Unit of Quantity,3921902100,China,1995,square meters,0,0,0,0,0,0,320,0,0,"9,701",0,0
1995,First Unit of Quantity,3921904010,China,1995,kilograms,0,0,0,0,0,260,42,68,0,0,0,0
1995,First Unit of Quantity,3921904090,China,1995,kilograms,"7,104","8,620","8,843",0,"5,666","17,499","14,385","11,242","22,407","27,067",334,"3,893"
1995,First Unit of Quantity,3921905050,China,1995,square meters,0,"2,333",0,26,"2,284",0,"6,567",0,"6,101",604,4,0
1995,First Unit of Quantity,3922100000,China,1995,no units collected,0,0,0,0,0,0,0,0,0,0,0,0
1995,First Unit of Quantity,3922200000,China,1995,number,"10,728","14,040","11,088","18,720","9,360","9,360",0,"4,680","14,040","4,680","9,360","4,680"
1995,First Unit of Quantity,3922900000,China,1995,no units collected,0,0,0,0,0,0,0,0,0,0,0,0
1995,First Unit of Quantity,3923100000,China,1995,no units collected,0,0,0,0,0,0,0,0,0,0,0,0
1995,First Unit of Quantity,3923210011,China,1995,thousand units,"25,404","1,095",8,"2,885","13,040",865,"7,278","10,454","61,450",964,"1,332","17,425"
1995,First Unit of Quantity,3923210019,China,1995,thousand units,"113,855","109,858","21,059","81,031","72,322","295,502","35,619","24,783","204,998","111,650","178,067","25,607"
1995,First Unit of Quantity,3923210080,China,1995,thousand units,"66,816","2,406",15,"11,735","3,061","2,255",419,"1,184",20,"1,657",723,"1,500"
1995,First Unit of Quantity,3923210090,China,1995,thousand units,"883,037","820,131","524,928","672,411","856,276","689,532","1,113,806","1,017,740","720,885","880,270","824,319","778,932"
1995,First Unit of Quantity,3923290000,China,1995,kilograms,"2,955,291","2,037,548","1,830,027","2,448,173","2,607,710","2,492,235","1,951,646","2,355,050","2,256,383","2,254,257","2,050,114","1,968,053"
1995,First Unit of Quantity,3923300010,China,1995,thousand units,"8,869","2,368",719,"33,430","5,466",881,"13,383","115,637","83,026","1,005","128,088","1,560"
1995,First Unit of Quantity,3923300090,China,1995,no units collected,0,0,0,0,0,0,0,0,0,0,0,0
1995,First Unit of Quantity,3923400050,China,1995,no units collected,0,0,0,0,0,0,0,0,0,0,0,0
1995,First Unit of Quantity,3923500000,China,1995,no units collected,0,0,0,0,0,0,0,0,0,0,0,0
1995,First Unit of Quantity,3923900000,China,1995,no units collected,0,0,0,0,0,0,0,0,0,0,0,0
1995,First Unit of Quantity,3924101000,China,1995,no units collected,0,0,0,0,0,0,0,0,0,0,0,0
1995,First Unit of Quantity,3924102000,China,1995,kilograms,"407,719","541,885","421,145","423,369","500,744","349,519","345,219","264,544","333,454","440,568","295,528","336,475"
1995,First Unit of Quantity,3924103000,China,1995,number,"457,342","263,391","395,659","205,001","306,316","467,549","1,207,774","589,797","431,008","901,644","368,239","527,158"
1995,First Unit of Quantity,3924105000,China,1995,no units collected,0,0,0,0,0,0,0,0,0,0,0,0
1995,First Unit of Quantity,3924901010,China,1995,kilograms,"753,858","841,808","586,637","786,890","668,318","665,376","940,617","885,567","878,824","822,632","806,809","704,413"
1995,First Unit of Quantity,3924901050,China,1995,no units collected,0,0,0,0,0,0,0,0,0,0,0,0
1995,First Unit of Quantity,3924902000,China,1995,no units collected,0,0,0,0,0,0,0,0,0,0,0,0
1995,First Unit of Quantity,3924905500,China,1995,no units collected,0,0,0,0,0,0,0,0,0,0,0,0
1995,First Unit of Quantity,3925100000,China,1995,no units collected,0,0,0,0,0,0,0,0,0,0,0,0
1995,First Unit of Quantity,3925200010,China,1995,number,0,"5,748","4,820","5,100",0,"5,070","4,920",0,0,0,"5,880","10,920"
1995,First Unit of Quantity,3925200090,China,1995,no units collected,0,0,0,0,0,0,0,0,0,0,0,0
1995,First Unit of Quantity,3925301000,China,1995,number,"8,501,503","3,544,186","2,730,336","3,989,800","5,261,429","3,431,672","4,792,570","4,757,478","9,312,442","4,775,802","3,250,517","3,477,788"
1995,First Unit of Quantity,3925305000,China,1995,no units collected,0,0,0,0,0,0,0,0,0,0,0,0
1995,First Unit of Quantity,3925900000,China,1995,no units collected,0,0,0,0,0,0,0,0,0,0,0,0
1995,First Unit of Quantity,3926100000,China,1995,no units collected,0,0,0,0,0,0,0,0,0,0,0,0
1995,First Unit of Quantity,3926201010,China,1995,dozen pairs,"298,916","79,166","1,224,167","1,162,499","241,667","358,334","1,202,124","372,914","334,305","581,388","361,055","527,081"
1995,First Unit of Quantity,3926201020,China,1995,dozen pairs,"3,708,051","3,358,552","3,556,772","1,846,015","1,516,250","4,069,724","3,822,348","2,619,284","2,623,640","3,484,003","4,404,743","4,163,028"
1995,First Unit of Quantity,3926201050,China,1995,dozen pairs,"46,450","201,538","100,042","269,691","234,805","52,400","202,013","346,221","81,308","21,833","55,006","304,166"
1995,First Unit of Quantity,3926202000,China,1995,number,"328,461","196,481","201,793","60,249","106,864","34,482","53,992","56,520","70,158","204,791","231,738","183,280"
1995,First Unit of Quantity,3926203000,China,1995,number,"214,252","39,876","61,261","15,552","144,300","155,928","114,488","153,346","269,214","72,149","144,732",432
1995,First Unit of Quantity,3926204010,China,1995,dozen pairs,"3,148,455","4,386,797","2,115,667","2,310,736","6,328,896","3,444,383","3,662,337","3,993,422","3,548,724","5,308,506","2,948,793","4,488,751"
1995,First Unit of Quantity,3926204050,China,1995,dozen pairs,"14,106","8,046","11,282","1,703","8,775","5,483","18,628","19,498","63,863","3,926","1,154","6,614"
1995,First Unit of Quantity,3926206000,China,1995,dozens,"123,059","129,876","288,263","170,253","194,992","281,902","227,632","274,172","212,642","191,210","177,706","180,010"
1995,First Unit of Quantity,3926209010,China,1995,dozens,"734,955","941,757","352,315","389,930","979,216","559,343","924,509","779,581","1,086,264","630,587","789,648","406,724"
1995,First Unit of Quantity,3926209050,China,1995,dozens,"334,440","294,399","245,195","302,657","791,269","769,427","744,389","514,352","576,401","560,570","966,659","411,298"
1995,First Unit of Quantity,3926301000,China,1995,kilograms,"5,422","52,283",864,"2,591","1,781","1,371","5,166","12,397","6,632","4,264","21,110","6,124"
1995,First Unit of Quantity,3926305000,China,1995,kilograms,"7,984","12,692","6,141","9,477","26,212","28,048","25,407","37,820","30,551","30,611","36,954","26,816"
1995,First Unit of Quantity,3926400000,China,1995,no units collected,0,0,0,0,0,0,0,0,0,0,0,0
1995,First Unit of Quantity,3926901000,China,1995,number,"29,158","1,880","3,820",660,"6,000","6,698","10,080","7,575","7,500","2,448","19,760","37,712"
1995,First Unit of Quantity,3926901500,China,1995,gross,"3,381","1,364","1,166","5,566","3,282","2,055","3,438","2,083","4,259","12,534","15,743","4,159"
1995,First Unit of Quantity,3926902000,China,1995,no units collected,0,0,0,0,0,0,0,0,0,0,0,0
1995,First Unit of Quantity,3926902500,China,1995,kilograms,"10,551","26,581","35,909","41,544","43,958","15,948","36,194","45,377","22,891","30,064","28,093","18,242"
1995,First Unit of Quantity,3926903000,China,1995,no units collected,0,0,0,0,0,0,0,0,0,0,0,0
1995,First Unit of Quantity,3926903300,China,1995,number,"81,526","44,406","11,768","11,677","12,811","124,804","108,144","147,110","181,924","115,491","10,327","38,482"
1995,First Unit of Quantity,3926903500,China,1995,no units collected,0,0,0,0,0,0,0,0,0,0,0,0
1995,First Unit of Quantity,3926904000,China,1995,no units collected,0,0,0,0,0,0,0,0,0,0,0,0
1995,First Unit of Quantity,3926904510,China,1995,no units collected,0,0,0,0,0,0,0,0,0,0,0,0
1995,First Unit of Quantity,3926904590,China,1995,no units collected,0,0,0,0,0,0,0,0,0,0,0,0
1995,First Unit of Quantity,3926905000,China,1995,no units collected,0,0,0,0,0,0,0,0,0,0,0,0
1995,First Unit of Quantity,3926905500,China,1995,kilograms,"2,032","2,621","3,356",400,"12,065","2,506","3,336",905,"7,380",811,60,0
1995,First Unit of Quantity,3926905700,China,1995,kilograms,0,0,0,0,0,0,0,98,0,170,0,0
1995,First Unit of Quantity,3926905900,China,1995,kilograms,0,0,0,0,125,0,0,0,0,0,0,0
1995,First Unit of Quantity,3926906010,China,1995,number,193,0,0,0,0,0,0,0,0,0,0,0
1995,First Unit of Quantity,3926906090,China,1995,kilograms,"8,766","9,491","1,885","8,065","15,447","7,393","30,714","14,130","18,567","74,220","86,644","28,289"
1995,First Unit of Quantity,3926906510,China,1995,gross,"29,580","34,140","43,950",0,"50,870","119,340","10,910",0,"37,440",0,0,"26,991"
1995,First Unit of Quantity,3926906520,China,1995,gross,"53,100","22,560","45,624","14,240","5,340","14,250","14,670","47,515","3,948","77,338","98,740","53,031"
1995,First Unit of Quantity,3926906530,China,1995,gross,"9,852","1,248",0,0,0,0,"2,165","5,806","21,648",0,0,0
1995,First Unit of Quantity,3926906550,China,1995,gross,"9,755","1,334","5,329","19,176","14,907","8,418","23,978","8,357","20,913","24,014",0,"12,570"
1995,First Unit of Quantity,3926907000,China,1995,gross,"14,717","1,220",834,"10,411",152,338,"31,500",113,"3,000",70,"3,744",47
1995,First Unit of Quantity,3926907500,China,1995,no units collected,0,0,0,0,0,0,0,0,0,0,0,0
1995,First Unit of Quantity,3926907700,China,1995,no units collected,0,0,0,0,0,0,0,0,0,0,0,0
1995,First Unit of Quantity,3926908300,China,1995,no units collected,0,0,0,0,0,0,0,0,0,0,0,0
1995,First Unit of Quantity,3926908500,China,1995,no units collected,0,0,0,0,0,0,0,0,0,0,0,0
1995,First Unit of Quantity,3926908700,China,1995,no units collected,0,0,0,0,0,0,0,0,0,0,0,0
1995,First Unit of Quantity,3926909400,China,1995,no units collected,0,0,0,0,0,0,0,0,0,0,0,0
1995,First Unit of Quantity,3926909810,China,1995,no units collected,0,0,0,0,0,0,0,0,0,0,0,0
1995,First Unit of Quantity,3926909825,China,1995,no units collected,0,0,0,0,0,0,0,0,0,0,0,0
1995,First Unit of Quantity,3926909890,China,1995,no units collected,0,0,0,0,0,0,0,0,0,0,0,0
1995,First Unit of Quantity,4001220025,China,1995,kilograms,0,"103,200",0,"104,000",0,0,0,0,0,0,0,0
1995,First Unit of Quantity,4002190010,China,1995,kilograms,0,0,"5,000","17,658","11,859",0,0,"74,500","16,783",0,0,"33,113"
1995,First Unit of Quantity,4002490000,China,1995,kilograms,0,0,0,0,0,"12,000",0,0,"12,000",0,"18,000",0
1995,First Unit of Quantity,4002990000,China,1995,kilograms,0,0,0,0,0,0,"2,528","1,248",0,0,0,0
1995,First Unit of Quantity,4003000000,China,1995,kilograms,0,0,0,0,"30,600",0,0,"30,600",0,0,0,0
1995,First Unit of Quantity,4005100000,China,1995,kilograms,0,0,0,3,0,0,0,0,0,0,0,0
1995,First Unit of Quantity,4005910000,China,1995,kilograms,0,0,0,0,85,"16,815","16,897",0,"2,580","16,410",0,"16,410"
1995,First Unit of Quantity,4005990000,China,1995,kilograms,0,0,600,"2,778",0,0,611,0,0,0,171,0
1995,First Unit of Quantity,4006901000,China,1995,kilograms,0,"2,644",0,0,"2,923","2,636","1,542","1,975",836,"3,751","1,176",0
1995,First Unit of Quantity,4006905000,China,1995,kilograms,782,"1,431",100,"3,375","2,495","3,091","6,318",913,"1,758",430,450,855
1995,First Unit of Quantity,4007000000,China,1995,kilograms,"1,736","5,968","5,849",0,55,"2,635","2,408",330,"8,835",750,0,608
1995,First Unit of Quantity,4008111000,China,1995,kilograms,0,0,0,0,0,0,0,46,0,0,0,0
1995,First Unit of Quantity,4008115000,China,1995,kilograms,0,76,0,0,0,0,0,0,0,0,0,0
1995,First Unit of Quantity,4008192000,China,1995,kilograms,0,0,0,0,0,28,0,0,0,0,0,0
1995,First Unit of Quantity,4008194000,China,1995,kilograms,0,0,0,540,0,0,168,0,0,0,0,0
1995,First Unit of Quantity,4008196000,China,1995,kilograms,0,0,0,0,0,31,97,0,106,124,0,0
1995,First Unit of Quantity,4008198000,China,1995,kilograms,0,0,0,0,0,0,0,0,0,0,0,351
1995,First Unit of Quantity,4008210000,China,1995,kilograms,"43,587","49,278","78,229","34,607","49,580","60,562","17,600","90,325","33,800","16,212","70,751","32,962"
1995,First Unit of Quantity,4008294000,China,1995,kilograms,0,0,0,35,0,0,61,13,80,85,0,0
1995,First Unit of Quantity,4009100000,China,1995,kilograms,288,6,222,522,240,442,166,74,168,166,20,416
1995,First Unit of Quantity,4009300000,China,1995,kilograms,0,0,0,0,0,0,0,0,0,0,149,0
1995,First Unit of Quantity,4009400000,China,1995,kilograms,468,77,81,103,0,0,0,0,0,0,41,499
1995,First Unit of Quantity,4009500020,China,1995,kilograms,0,0,0,0,0,848,0,0,0,0,0,0
1995,First Unit of Quantity,4009500040,China,1995,kilograms,"17,820",468,0,"2,971",0,0,0,0,0,0,0,0
1995,First Unit of Quantity,4009500090,China,1995,kilograms,"5,731","30,277","14,700","60,713","9,376","18,540",89,"18,035",199,"33,146","8,630","31,680"
1995,First Unit of Quantity,4010101020,China,1995,number,0,0,0,0,0,300,0,0,0,0,0,0
1995,First Unit of Quantity,4010105090,China,1995,kilograms,0,720,0,0,0,0,0,0,0,0,0,0
1995,First Unit of Quantity,4010915020,China,1995,number,74,0,0,0,0,0,0,0,0,0,0,0
1995,First Unit of Quantity,4010915090,China,1995,kilograms,0,0,610,0,0,16,0,0,0,0,0,0
1995,First Unit of Quantity,4010991100,China,1995,kilograms,0,0,612,0,0,139,0,0,0,0,421,0
1995,First Unit of Quantity,4010991500,China,1995,kilograms,0,0,0,0,0,0,281,0,0,0,0,0
1995,First Unit of Quantity,4010991590,China,1995,kilograms,0,0,0,202,461,143,0,0,0,0,0,0
1995,First Unit of Quantity,4010991900,China,1995,kilograms,0,0,0,224,0,0,0,0,0,0,0,0
1995,First Unit of Quantity,4010995010,China,1995,number,0,0,0,0,0,0,0,0,0,"4,500",0,0
1995,First Unit of Quantity,4010995090,China,1995,kilograms,105,0,258,0,0,90,0,641,0,98,0,"1,896"
1995,First Unit of Quantity,4011101000,China,1995,number,"12,758","1,474","3,573","3,665","11,914","10,049","11,070","12,111","5,857","5,855","4,981","4,750"
1995,First Unit of Quantity,4011105000,China,1995,number,"6,644",910,923,460,"2,390","1,240",390,"1,550",824,"2,840","3,578","1,195"
1995,First Unit of Quantity,4011201005,China,1995,number,"1,360","1,684",688,4,8,454,"4,542",54,208,0,0,"1,060"
1995,First Unit of Quantity,4011201015,China,1995,number,"13,923","10,961","11,850","14,436","27,023","19,297","16,783","26,134","22,048","14,217","12,055","14,737"
1995,First Unit of Quantity,4011201025,China,1995,number,0,875,400,398,"1,408",600,860,"1,492",280,851,"2,465",611
1995,First Unit of Quantity,4011201035,China,1995,number,4,55,340,0,0,"3,220","4,262",0,0,0,26,0
1995,First Unit of Quantity,4011205010,China,1995,number,"1,422",36,449,"1,623","1,403",880,0,298,"1,046",291,24,250
1995,First Unit of Quantity,4011205020,China,1995,number,"1,041",800,724,"3,030","2,570","2,013","4,138","2,268","4,671","3,090","1,161","4,376"
1995,First Unit of Quantity,4011205030,China,1995,number,76,763,39,0,463,99,12,30,48,182,106,4
1995,First Unit of Quantity,4011205050,China,1995,number,"1,266",961,902,2,"1,445","6,066","10,687","2,020","3,263","2,629","2,627",384
1995,First Unit of Quantity,4011300010,China,1995,number,0,0,0,0,0,0,0,0,0,0,0,12
1995,First Unit of Quantity,4011400000,China,1995,number,0,0,0,0,0,50,0,0,0,0,0,0
1995,First Unit of Quantity,4011500000,China,1995,number,"1,796,043","1,580,273","2,166,070","1,834,357","987,654","1,205,044","537,100","897,940","959,927","824,135","1,201,707","755,419"
1995,First Unit of Quantity,4011911000,China,1995,number,0,0,0,"4,142",0,0,0,0,0,288,293,659
1995,First Unit of Quantity,4011915000,China,1995,number,"76,236","4,200",0,0,"4,197",864,0,0,0,351,320,268
1995,First Unit of Quantity,4011991000,China,1995,number,"73,817","51,165","55,264","42,596","87,496","40,534","63,457","53,174","33,257","80,077","101,276","146,344"
1995,First Unit of Quantity,4011994000,China,1995,number,39,164,"1,862",838,"1,122",220,924,547,503,0,4,800
1995,First Unit of Quantity,4011998000,China,1995,number,"572,408","475,897","543,754","508,782","516,058","436,975","564,600","639,161","643,060","412,243","645,529","681,242"
1995,First Unit of Quantity,4012104005,China,1995,number,0,0,0,0,0,"1,324",0,0,0,0,0,0
1995,First Unit of Quantity,4012104025,China,1995,number,0,0,0,0,0,0,0,0,0,"1,224",0,0
1995,First Unit of Quantity,4012108019,China,1995,number,0,0,0,0,0,0,280,0,0,0,0,310
1995,First Unit of Quantity,4012108029,China,1995,number,0,0,0,0,0,0,0,0,0,"2,330",0,0
1995,First Unit of Quantity,4012108050,China,1995,number,"1,032",0,0,0,0,0,0,0,0,0,0,0
1995,First Unit of Quantity,4012204500,China,1995,number,0,4,4,0,0,2,0,0,2,2,14,8
1995,First Unit of Quantity,4012206000,China,1995,number,0,0,0,0,0,0,0,0,0,264,0,0
1995,First Unit of Quantity,4012208000,China,1995,number,0,0,0,0,576,578,0,0,0,264,4,0
1995,First Unit of Quantity,4012901000,China,1995,number,"33,445","9,771","24,453","12,158","7,698","3,042","16,798","16,433","5,093","3,372","37,138","9,379"
1995,First Unit of Quantity,4012903000,China,1995,kilograms,0,326,106,0,0,0,0,0,387,0,0,0
1995,First Unit of Quantity,4012907000,China,1995,kilograms,0,426,253,88,0,"16,425",0,0,447,0,"9,654",0
1995,First Unit of Quantity,4012909000,China,1995,kilograms,"51,992","42,823","100,514","80,414","68,198","50,832",0,0,"61,625","17,280","17,280","49,342"
1995,First Unit of Quantity,4013100010,China,1995,number,0,0,0,0,0,0,0,0,0,0,"13,322",0
1995,First Unit of Quantity,4013100020,China,1995,number,0,0,0,0,0,0,0,0,305,0,0,0
1995,First Unit of Quantity,4013200000,China,1995,number,"42,706","173,050","150,240","49,410","110,000","170,950","125,300","54,300","203,077","77,543","89,170","27,687"
1995,First Unit of Quantity,4013901000,China,1995,number,"37,120","58,350","39,150","47,670","39,590","107,000","44,650","40,037","30,800","41,400","7,048","39,780"
1995,First Unit of Quantity,4013905050,China,1995,number,"152,400","78,850","130,104","113,780","112,290","160,350","69,530","77,794","95,100","52,680","70,290","71,470"
1995,First Unit of Quantity,4014100000,China,1995,no units collected,0,0,0,0,0,0,0,0,0,0,0,0
1995,First Unit of Quantity,4014901000,China,1995,gross,0,0,0,0,0,0,160,0,0,100,0,66
1995,First Unit of Quantity,4014905000,China,1995,no units collected,0,0,0,0,0,0,0,0,0,0,0,0
1995,First Unit of Quantity,4015110000,China,1995,dozen pairs,"1,387,249","1,620,999","560,416","2,123,375","1,255,165","1,218,226","2,731,326","3,179,833","2,473,457","2,194,500","3,754,383","2,063,646"
1995,First Unit of Quantity,4015191010,China,1995,dozen pairs,"663,000","1,352,333","451,082","811,917","600,753","374,011","439,230","377,100","172,631","96,233","140,009","1,110,131"
1995,First Unit of Quantity,4015191050,China,1995,dozen pairs,"6,532","7,063","51,946","3,000",608,"1,155","572,410","5,868","16,082","6,063",72,"98,597"
1995,First Unit of Quantity,4015195000,China,1995,dozen pairs,240,0,0,"12,082",0,"173,040",0,"24,115",0,"6,500",0,"2,868"
1995,First Unit of Quantity,4015900010,China,1995,dozens,0,0,"85,834",0,0,"53,736","2,617",0,0,0,0,0
1995,First Unit of Quantity,4015900050,China,1995,dozens,"64,888",417,"1,135","76,609","77,953","42,650","2,109",361,678,321,"2,177",217
1995,First Unit of Quantity,4016100000,China,1995,no units collected,0,0,0,0,0,0,0,0,0,0,0,0
1995,First Unit of Quantity,4016910000,China,1995,no units collected,0,0,0,0,0,0,0,0,0,0,0,0
1995,First Unit of Quantity,4016920000,China,1995,no units collected,0,0,0,0,0,0,0,0,0,0,0,0
1995,First Unit of Quantity,4016931010,China,1995,kilograms,"52,795","40,692","28,550","38,225","32,292","26,325","20,664","26,652","23,418","19,773","28,060","27,470"
1995,First Unit of Quantity,4016931020,China,1995,number,"18,500","25,000",0,"65,000","2,834,000","92,165","101,500","67,700",0,"16,430","59,800","201,281"
1995,First Unit of Quantity,4016931050,China,1995,kilograms,"4,316","1,741","2,495","4,317","4,282","6,744","2,821","13,000","11,491",799,"4,262","6,314"
1995,First Unit of Quantity,4016935010,China,1995,kilograms,"73,528","20,958","34,458","33,246","31,854","34,930","32,648","37,397","32,385","17,557","33,489","36,160"
1995,First Unit of Quantity,4016935020,China,1995,number,"11,000",75,"2,000","145,480",0,"60,000","26,000","147,019","50,000",0,"32,500","3,400"
1995,First Unit of Quantity,4016935050,China,1995,kilograms,"46,614","33,126","37,499","30,112","53,961","61,643","39,452","91,282","39,567","41,998","97,201","81,480"
1995,First Unit of Quantity,4016940000,China,1995,no units collected,0,0,0,0,0,0,0,0,0,0,0,0
1995,First Unit of Quantity,4016950000,China,1995,no units collected,0,0,0,0,0,0,0,0,0,0,0,0
1995,First Unit of Quantity,4016990300,China,1995,no units collected,0,0,0,0,0,0,0,0,0,0,0,0
1995,First Unit of Quantity,4016990500,China,1995,no units collected,0,0,0,0,0,0,0,0,0,0,0,0
1995,First Unit of Quantity,4016991000,China,1995,kilograms,189,198,"1,026","2,876",467,0,0,0,0,33,927,0
1995,First Unit of Quantity,4016991500,China,1995,no units collected,0,0,0,0,0,0,0,0,0,0,0,0
1995,First Unit of Quantity,4016992000,China,1995,no units collected,0,0,0,0,0,0,0,0,0,0,0,0
1995,First Unit of Quantity,4016993000,China,1995,no units collected,0,0,0,0,0,0,0,0,0,0,0,0
1995,First Unit of Quantity,4016993500,China,1995,no units collected,0,0,0,0,0,0,0,0,0,0,0,0
1995,First Unit of Quantity,4016995500,China,1995,no units collected,0,0,0,0,0,0,0,0,0,0,0,0
1995,First Unit of Quantity,4016996010,China,1995,no units collected,0,0,0,0,0,0,0,0,0,0,0,0
1995,First Unit of Quantity,4016996050,China,1995,no units collected,0,0,0,0,0,0,0,0,0,0,0,0
1995,First Unit of Quantity,4017000000,China,1995,no units collected,0,0,0,0,0,0,0,0,0,0,0,0
1995,First Unit of Quantity,4101300010,China,1995,pieces,0,0,0,0,0,0,0,0,0,0,0,120
1995,First Unit of Quantity,4101400090,China,1995,pieces,0,0,0,0,100,0,0,0,0,0,0,0
1995,First Unit of Quantity,4103200000,China,1995,pieces,150,0,940,30,0,"1,741",800,0,0,245,0,680
1995,First Unit of Quantity,4103900060,China,1995,pieces,0,"1,650",0,0,0,0,0,0,0,0,0,0
1995,First Unit of Quantity,4103900090,China,1995,no units collected,0,0,0,0,0,0,0,0,0,0,0,0
1995,First Unit of Quantity,4104102000,China,1995,square meters,0,0,0,0,0,0,0,"6,257",0,0,0,0
1995,First Unit of Quantity,4104210000,China,1995,square meters,0,0,0,0,0,0,437,0,"5,574",0,0,0
1995,First Unit of Quantity,4104220000,China,1995,square meters,"2,090","2,241",0,246,"1,253","4,676","1,943","2,387","9,431",465,0,"38,539"
1995,First Unit of Quantity,4104295060,China,1995,square meters,0,0,0,0,0,0,361,0,0,0,0,0
1995,First Unit of Quantity,4104299040,China,1995,pieces,0,"33,375",0,0,"6,600","15,489","24,704","31,456",0,0,"24,865","30,280"
1995,First Unit of Quantity,4104299080,China,1995,kilograms,0,0,0,0,0,0,0,"1,160",0,0,"1,564",0
1995,First Unit of Quantity,4104314000,China,1995,square meters,0,0,0,0,0,0,0,0,79,0,0,155
1995,First Unit of Quantity,4104315010,China,1995,square meters,0,0,0,0,0,0,0,"9,465",0,0,0,0
1995,First Unit of Quantity,4104315020,China,1995,square meters,0,0,0,0,0,0,0,"3,034",0,0,0,0
1995,First Unit of Quantity,4104316030,China,1995,square meters,0,0,0,0,79,0,0,0,0,0,0,0
1995,First Unit of Quantity,4104316040,China,1995,square meters,"5,372",0,0,0,0,"3,734",0,"4,152","2,807",0,0,0
1995,First Unit of Quantity,4104316090,China,1995,kilograms,0,154,549,0,0,25,0,68,14,0,0,0
1995,First Unit of Quantity,4104318000,China,1995,square meters,"22,769","5,516",269,"13,174","14,830","15,184","16,977","12,721","9,366","4,936","7,957","6,682"
1995,First Unit of Quantity,4104395020,China,1995,square meters,0,"4,258",0,0,0,0,0,0,0,0,0,0
1995,First Unit of Quantity,4104395050,China,1995,square meters,0,"12,264",0,0,0,0,0,0,0,0,0,0
1995,First Unit of Quantity,4104396030,China,1995,square meters,0,0,0,0,0,0,0,0,10,0,0,0
1995,First Unit of Quantity,4104396040,China,1995,square meters,0,"9,290",0,"9,406","1,940",0,0,0,0,0,0,"1,861"
1995,First Unit of Quantity,4104396050,China,1995,square meters,0,0,0,0,0,0,0,0,0,0,280,0
1995,First Unit of Quantity,4104396090,China,1995,kilograms,32,0,"10,000",23,8,0,13,0,0,0,0,0
1995,First Unit of Quantity,4104398000,China,1995,square meters,0,0,0,0,200,37,0,0,0,12,0,28
1995,First Unit of Quantity,4105120000,China,1995,square meters,0,0,0,0,0,0,0,211,0,"1,980",286,0
1995,First Unit of Quantity,4105192000,China,1995,square meters,0,0,0,0,0,14,0,0,0,0,0,0
1995,First Unit of Quantity,4105203060,China,1995,square meters,0,0,0,0,0,0,0,0,2,0,0,0
1995,First Unit of Quantity,4105206000,China,1995,square meters,0,0,0,0,0,0,104,0,0,0,0,0
1995,First Unit of Quantity,4106120000,China,1995,square meters,0,0,0,0,0,0,0,0,0,0,0,83
1995,First Unit of Quantity,4106193000,China,1995,square meters,0,0,0,5,0,0,0,0,0,0,0,0
1995,First Unit of Quantity,4106206000,China,1995,square meters,"3,219","8,561","5,819","10,474","11,466","7,454","2,140","11,873","6,958",0,0,0
1995,First Unit of Quantity,4107102000,China,1995,square meters,0,0,0,0,0,0,0,0,192,0,0,0
1995,First Unit of Quantity,4107103000,China,1995,square meters,"9,922","2,622",0,"9,110","13,031","4,266",109,"1,012","12,991",281,"6,174","85,780"
1995,First Unit of Quantity,4107210000,China,1995,square meters,0,0,0,63,0,0,0,0,0,0,0,0
1995,First Unit of Quantity,4107293000,China,1995,square meters,362,0,0,336,0,0,0,0,0,0,0,0
1995,First Unit of Quantity,4107296000,China,1995,square meters,0,0,150,0,0,"4,364","4,350",0,175,0,270,0
1995,First Unit of Quantity,4108000000,China,1995,square meters,0,0,435,0,0,0,0,"1,032",0,0,550,0
1995,First Unit of Quantity,4201003000,China,1995,no units collected,0,0,0,0,0,0,0,0,0,0,0,0
1995,First Unit of Quantity,4201006000,China,1995,no units collected,0,0,0,0,0,0,0,0,0,0,0,0
1995,First Unit of Quantity,4202110030,China,1995,number,"153,155","118,462","108,916","152,919","226,575","152,268","237,696","260,592","326,154","238,548","272,496","145,496"
1995,First Unit of Quantity,4202110090,China,1995,number,"88,226","111,464","3,847","74,189","32,056","198,886","115,555","104,237","39,627","63,486","107,768","84,984"
1995,First Unit of Quantity,4202122010,China,1995,number,"63,581","54,058","46,566","99,418","73,409","41,038","155,636","114,897","52,409","61,606","46,414","42,586"
1995,First Unit of Quantity,4202122020,China,1995,number,"18,815","30,894","120,907","413,101","170,766","41,425","41,089","649,175","432,446","310,303","272,645","142,972"
1995,First Unit of Quantity,4202122025,China,1995,number,"8,229","35,744","35,075","30,308","66,969","60,309","46,205","88,028",0,"42,209","30,126","83,280"
1995,First Unit of Quantity,4202122035,China,1995,number,"278,545","206,914","116,276","421,780","443,227","495,884","277,661","390,149","389,916","346,928","220,446","148,874"
1995,First Unit of Quantity,4202122050,China,1995,number,"166,673","114,496","88,561","295,631","182,775","257,954","142,023","192,890","205,931","150,433","106,608","80,712"
1995,First Unit of Quantity,4202122085,China,1995,number,"395,303","183,426","161,725","237,257","891,711","775,429","670,041","350,865","388,798","283,800","512,629","364,234"
1995,First Unit of Quantity,4202124000,China,1995,number,"44,200","18,305","19,924","43,519","74,046","158,417","57,942","33,804","39,040","16,636","77,600","1,440"
1995,First Unit of Quantity,4202126000,China,1995,number,"261,009","523,588","394,492","288,572","409,183","414,588","512,733","570,867","359,289","446,603","423,304","342,454"
1995,First Unit of Quantity,4202128020,China,1995,number,0,0,632,"7,682","2,022","21,479","22,236",0,696,0,286,0
1995,First Unit of Quantity,4202128030,China,1995,number,"34,341","306,647","124,960","88,306","149,402","427,167","306,501","129,034","113,514","139,617","45,939","24,308"
1995,First Unit of Quantity,4202128040,China,1995,number,0,0,0,"2,400",0,0,852,"13,229",0,"2,310",0,0
1995,First Unit of Quantity,4202128060,China,1995,number,0,0,0,0,"25,056",0,0,"1,500",0,0,0,0
1995,First Unit of Quantity,4202128070,China,1995,number,"32,885","312,958","55,890","149,429","210,217","264,959","187,147","132,876","59,046","12,983","10,060","1,200"
1995,First Unit of Quantity,4202128080,China,1995,number,"1,008",0,"31,400","25,000",0,"6,398",700,"6,500",500,0,"7,100",0
1995,First Unit of Quantity,4202190000,China,1995,number,"66,006","140,337","24,892","54,767","35,740","136,943","122,102","66,564","68,007","32,326","66,884","12,668"
1995,First Unit of Quantity,4202213000,China,1995,number,"1,257","1,579","5,327","3,022","2,593","3,622","12,373","4,485","3,788","5,521","7,263","3,176"
1995,First Unit of Quantity,4202216000,China,1995,number,"2,499,625","2,122,228","980,766","1,185,538","1,757,448","2,442,460","2,276,871","2,321,564","2,714,518","2,397,920","1,575,603","964,849"
1995,First Unit of Quantity,4202219000,China,1995,number,"134,925","113,912","71,048","90,267","155,682","243,499","255,552","235,463","208,463","204,876","216,323","113,510"
1995,First Unit of Quantity,4202221500,China,1995,number,"7,630,772","6,688,696","4,355,169","4,393,024","5,707,113","8,154,295","7,521,429","7,319,215","8,354,934","9,046,553","6,475,693","5,147,880"
1995,First Unit of Quantity,4202223500,China,1995,number,0,0,0,0,0,360,0,"9,000",0,0,0,"7,200"
1995,First Unit of Quantity,4202224010,China,1995,number,"1,565","8,519",0,0,0,0,0,97,"29,904","48,501","4,096","3,796"
1995,First Unit of Quantity,4202224020,China,1995,number,"9,402",0,"17,592","1,800",0,"24,000","12,258","31,000",0,"10,166","7,056","51,440"
1995,First Unit of Quantity,4202224030,China,1995,number,"132,712","484,652","95,297","147,688","143,404","485,339","985,736","763,029","226,279","3,120","1,828",0
1995,First Unit of Quantity,4202224040,China,1995,number,0,0,"17,272",0,0,0,"3,900",212,238,0,0,0
1995,First Unit of Quantity,4202224500,China,1995,number,"2,324,786","1,678,814","1,220,893","316,637","727,025","599,600","369,781","415,652","235,370","515,924","346,004","417,465"
1995,First Unit of Quantity,4202226000,China,1995,number,"508,321","723,860","494,685","203,210","181,467","307,772","220,712","108,908","166,344","31,800","288,648","343,872"
1995,First Unit of Quantity,4202227000,China,1995,number,"6,712","2,400","1,512",900,"2,033",604,518,"3,249","5,583","15,483","44,762","2,613"
1995,First Unit of Quantity,4202228030,China,1995,number,"7,357","12,628","4,000",0,"17,277",0,"10,227","16,115","15,504","14,199",0,"6,600"
1995,First Unit of Quantity,4202228050,China,1995,number,"222,633","1,079,144","442,630","108,376","201,496","405,604","745,516","858,931","209,933","76,042","27,443","14,292"
1995,First Unit of Quantity,4202228060,China,1995,number,"6,100","12,008","57,699","31,192","18,454","10,500",0,0,0,0,0,0
1995,First Unit of Quantity,4202228070,China,1995,number,0,0,0,0,0,0,0,"3,773","3,000",0,"59,160","73,780"
1995,First Unit of Quantity,4202228080,China,1995,number,0,0,0,0,0,0,"6,000","1,300","49,488",319,"21,600",0
1995,First Unit of Quantity,4202291000,China,1995,number,"10,296",700,110,"26,824","3,900","47,130","31,089","12,360","8,797","25,008","30,358","9,322"
1995,First Unit of Quantity,4202292000,China,1995,number,0,0,0,0,0,0,0,0,"11,646",0,0,120
1995,First Unit of Quantity,4202295000,China,1995,number,"101,468",0,17,"6,618","2,170","3,600",0,"1,291","158,536","3,000",0,"16,546"
1995,First Unit of Quantity,4202299000,China,1995,number,"125,392","114,791","42,595","75,928","13,420","100,628","125,403","27,378","49,092","47,244","50,110","15,986"
1995,First Unit of Quantity,4202313000,China,1995,number,"7,640","1,940","3,102",0,0,40,0,"16,520",0,"2,007",0,0
1995,First Unit of Quantity,4202316000,China,1995,number,"3,381,717","3,418,362","2,510,614","3,392,082","3,251,506","2,425,706","2,652,519","3,450,896","4,227,026","2,825,766","2,011,364","1,530,482"
1995,First Unit of Quantity,4202321000,China,1995,number,"4,278,435","3,609,399","1,633,942","2,955,770","4,308,961","4,512,465","4,055,362","4,730,872","4,290,157","4,695,585","2,483,418","1,221,634"
1995,First Unit of Quantity,4202322000,China,1995,number,"2,669,237","2,178,875","1,626,953","2,231,842","3,138,077","2,106,868","2,346,993","2,679,507","2,719,772","2,373,397","2,527,053","1,361,292"
1995,First Unit of Quantity,4202324000,China,1995,number,"148,246","240,966","239,946","89,847","329,059","307,030","228,702","532,708","542,658","307,311","30,526","30,732"
1995,First Unit of Quantity,4202328000,China,1995,number,"112,876","78,824","56,308","27,884","85,992","334,306","325,052","125,996","98,304","4,296",0,"28,700"
1995,First Unit of Quantity,4202328500,China,1995,number,"11,525","66,602","41,602","94,882","36,166",0,0,"2,708","1,013","40,658","3,506",0
1995,First Unit of Quantity,4202329530,China,1995,number,"12,689",0,"13,500","41,816","33,265",0,"2,950","74,952","26,200","7,090","11,000","37,000"
1995,First Unit of Quantity,4202329550,China,1995,number,"656,846","1,213,729","623,899","659,294","1,769,306","2,431,220","1,695,274","1,868,751","983,584","1,160,171","524,779","648,455"
1995,First Unit of Quantity,4202329560,China,1995,number,"9,680","10,255","5,049","2,094","10,260","7,124","6,589","3,395","12,719",0,"3,150","2,148"
1995,First Unit of Quantity,4202391000,China,1995,number,"94,749","14,635","347,208","184,370","31,650","106,294","42,582","38,720","185,765","19,976","175,113","256,304"
1995,First Unit of Quantity,4202395000,China,1995,number,"31,200","431,350","5,000","605,619","459,080","363,630","5,200","560,150","417,840","10,960",0,"10,428"
1995,First Unit of Quantity,4202399000,China,1995,number,"78,442","67,451","198,065","53,954","175,400","80,862","491,823","161,110","101,710","131,531","85,259","156,700"
1995,First Unit of Quantity,4202910010,China,1995,number,704,0,0,0,412,0,24,0,200,0,0,0
1995,First Unit of Quantity,4202910030,China,1995,number,"316,814","294,629","163,979","293,987","342,246","441,175","506,689","497,373","494,920","276,297","410,788","137,744"
1995,First Unit of Quantity,4202910090,China,1995,number,"372,440","278,910","136,524","272,459","469,333","359,512","621,243","471,695","298,523","483,223","546,891","506,972"
1995,First Unit of Quantity,4202921500,China,1995,number,"481,271","2,095,520","1,293,386","1,042,340","1,815,798","2,116,957","2,092,788","1,917,268","960,451","429,331","124,155","46,508"
1995,First Unit of Quantity,4202922000,China,1995,number,"802,331","3,607,680","1,992,552","2,143,759","3,681,291","3,808,383","2,312,512","2,172,339","1,349,778","858,829","973,476","1,265,800"
1995,First Unit of Quantity,4202923005,China,1995,number,0,0,0,0,0,0,0,0,0,0,0,"52,800"
1995,First Unit of Quantity,4202923010,China,1995,number,416,0,0,0,"15,600",36,"6,181","4,950","46,436",0,"1,874",47
1995,First Unit of Quantity,4202923015,China,1995,number,0,"46,349","53,722","61,872","50,260","66,613","61,403","22,499","20,034","14,848",0,"3,000"
1995,First Unit of Quantity,4202923020,China,1995,number,"207,940","771,887","786,058","1,173,454","2,176,195","2,158,136","1,373,616","707,293","611,449","260,782","171,570","61,679"
1995,First Unit of Quantity,4202923030,China,1995,number,"1,288,818","3,757,951","3,258,102","2,390,238","3,101,859","4,676,194","3,879,965","3,401,711","2,752,379","2,625,881","2,115,474","579,523"
1995,First Unit of Quantity,4202923040,China,1995,number,"2,400","48,756","31,501","8,397","83,770","90,652",0,0,0,0,0,0
1995,First Unit of Quantity,4202923090,China,1995,number,0,0,0,0,0,0,"67,598","50,143","106,692","37,669","11,930","6,228"
1995,First Unit of Quantity,4202924500,China,1995,number,"8,647,297","8,227,723","6,341,431","12,743,702","16,723,340","17,189,114","12,718,286","10,227,162","11,033,249","13,465,723","8,228,166","7,869,125"
1995,First Unit of Quantity,4202925000,China,1995,number,"23,112","22,725","18,834","27,455","36,393","33,584","48,136","49,819","113,969","46,451","47,389","27,049"
1995,First Unit of Quantity,4202926010,China,1995,number,"658,544","169,816","68,270","24,592","73,240","120,656","166,616","381,749","696,536","526,300","423,192","289,975"
1995,First Unit of Quantity,4202926090,China,1995,number,"3,100","36,432","29,978","19,608","38,124","31,741","70,560","196,512","38,066","5,808",0,0
1995,First Unit of Quantity,4202929010,China,1995,number,0,0,"1,716",0,52,0,30,0,0,"1,480",0,0
1995,First Unit of Quantity,4202929015,China,1995,number,"295,572","328,200","632,669","384,819","433,866","561,639","635,390","506,069","527,810","737,019","866,259","774,354"
1995,First Unit of Quantity,4202929025,China,1995,number,"343,323","721,553","530,462","752,021","640,758","913,750","962,841","886,861","1,368,633","909,070","455,269","158,251"
1995,First Unit of Quantity,4202929035,China,1995,number,"471,604","48,650",192,"4,000","1,200","13,380","1,323","11,260","11,424","26,580","5,500","2,500"
1995,First Unit of Quantity,4202929040,China,1995,number,"2,016,375","1,961,616","2,608,103","1,508,180","2,298,362","2,469,667","1,946,675","2,423,010","3,014,505","3,408,482","2,780,356","1,932,756"
1995,First Unit of Quantity,4202991000,China,1995,number,"907,176","1,176,912","438,404","565,463","1,108,649","724,945","497,955","944,618","1,571,787","1,604,387","1,349,031","583,241"
1995,First Unit of Quantity,4202992000,China,1995,number,"5,928","22,512",0,0,0,0,0,0,0,"3,140",0,0
1995,First Unit of Quantity,4202993000,China,1995,number,0,50,0,0,416,436,0,"15,600","30,006",0,175,0
1995,First Unit of Quantity,4202995000,China,1995,number,"6,609","8,736",0,"14,944","53,856","12,451","30,284","26,644","148,837","231,448","24,852","1,800"
1995,First Unit of Quantity,4202999000,China,1995,number,"234,794","125,376","110,589","63,515","116,092","118,830","131,136","194,184","216,070","718,653","296,032","354,759"
1995,First Unit of Quantity,4203102000,China,1995,number,0,"1,450",0,0,660,0,"4,680","6,720",0,0,0,0
1995,First Unit of Quantity,4203104010,China,1995,number,"10,154","26,328","111,240","23,384","76,782","121,116","88,453","124,533","77,646","98,907","34,203","7,439"
1995,First Unit of Quantity,4203104030,China,1995,number,"142,923","106,565","160,639","322,343","454,674","604,169","588,392","672,082","585,887","576,369","468,032","139,289"
1995,First Unit of Quantity,4203104060,China,1995,number,"164,757","108,888","193,915","215,887","368,787","674,440","667,585","687,914","653,844","645,584","484,005","140,910"
1995,First Unit of Quantity,4203104085,China,1995,number,"142,092","28,246","71,174","206,772","288,245","512,778","433,282","213,467","220,588","272,524","125,948","45,020"
1995,First Unit of Quantity,4203104095,China,1995,number,"93,635","71,792","111,871","147,160","334,792","711,313","656,313","560,479","245,768","389,701","239,154","113,240"
1995,First Unit of Quantity,4203212000,China,1995,number,"1,200","176,928","48,888","68,568","10,100","20,668","5,328",700,"16,962","29,760","12,258","91,336"
1995,First Unit of Quantity,4203214000,China,1995,number,"265,806","153,085","99,380","26,775","40,612","12,949","13,314","11,748","28,130","114,889","138,560","74,198"
1995,First Unit of Quantity,4203215500,China,1995,pairs,"2,270","2,160","2,520",0,"3,684","32,448","49,553","13,869","38,256","1,335",332,230
1995,First Unit of Quantity,4203216000,China,1995,pairs,"4,453","5,798","8,153",0,"31,976","10,345","20,638","44,585","80,659","38,844","9,691","7,545"
1995,First Unit of Quantity,4203217000,China,1995,pairs,168,954,"3,984","3,691","7,108","3,424","2,616",910,"1,897","1,086","3,301",369
1995,First Unit of Quantity,4203218030,China,1995,dozens,"2,881","1,462","5,145","3,868","3,061","1,157",0,"3,430","1,366","2,339","1,137",522
1995,First Unit of Quantity,4203218060,China,1995,no units collected,0,0,0,0,0,0,0,0,0,0,0,0
1995,First Unit of Quantity,4203290500,China,1995,dozen pairs,"10,725","5,647","20,695","8,310","21,590","10,256","29,083","29,835","8,251","20,900","22,386","16,620"
1995,First Unit of Quantity,4203290800,China,1995,dozen pairs,"316,351","237,452","210,742","259,664","301,965","296,297","270,423","305,199","247,882","249,202","254,234","236,403"
1995,First Unit of Quantity,4203291500,China,1995,dozen pairs,"21,943","1,104",88,"1,372","11,725","5,850","49,796","36,872","37,659","35,583","61,066","13,597"
1995,First Unit of Quantity,4203291800,China,1995,dozen pairs,"658,319","599,267","429,494","512,509","605,837","749,619","658,104","561,253","435,067","489,026","485,185","561,836"
1995,First Unit of Quantity,4203292000,China,1995,dozen pairs,0,600,0,0,"6,807",360,"3,444","3,721","5,534","4,638",61,"3,558"
1995,First Unit of Quantity,4203293010,China,1995,dozen pairs,"46,832","37,972","21,662","24,560","34,249","38,545","46,586","24,764","20,498","22,436","12,153","16,398"
1995,First Unit of Quantity,4203293020,China,1995,dozen pairs,"30,744","9,292","8,841","11,485","7,661","29,889","66,214","81,753","69,371","34,136","45,892","27,578"
1995,First Unit of Quantity,4203294000,China,1995,dozen pairs,"5,404","1,276",580,"2,173",560,"5,673",33,"2,726","14,597","4,872","12,930",101
1995,First Unit of Quantity,4203295000,China,1995,dozen pairs,"7,559","2,622","6,523",780,"23,862","23,169","79,316","90,529","63,526","36,076","8,214","1,597"
1995,First Unit of Quantity,4203300000,China,1995,no units collected,0,0,0,0,0,0,0,0,0,0,0,0
1995,First Unit of Quantity,4203403000,China,1995,no units collected,0,0,0,0,0,0,0,0,0,0,0,0
1995,First Unit of Quantity,4203406000,China,1995,no units collected,0,0,0,0,0,0,0,0,0,0,0,0
1995,First Unit of Quantity,4204003000,China,1995,kilograms,0,0,0,0,0,102,0,0,0,0,0,0
1995,First Unit of Quantity,4204006000,China,1995,no units collected,0,0,0,0,0,0,0,0,0,0,0,0
1995,First Unit of Quantity,4205002000,China,1995,no units collected,0,0,0,0,0,0,0,0,0,0,0,0
1995,First Unit of Quantity,4205004000,China,1995,no units collected,0,0,0,0,0,0,0,0,0,0,0,0
1995,First Unit of Quantity,4205006000,China,1995,no units collected,0,0,0,0,0,0,0,0,0,0,0,0
1995,First Unit of Quantity,4205008000,China,1995,no units collected,0,0,0,0,0,0,0,0,0,0,0,0
1995,First Unit of Quantity,4206900000,China,1995,no units collected,0,0,0,0,0,0,0,0,0,0,0,0
1995,First Unit of Quantity,4301300000,China,1995,number,0,0,0,150,0,110,0,165,0,0,0,0
1995,First Unit of Quantity,4301800060,China,1995,number,0,0,0,0,0,0,0,0,0,0,0,652
1995,First Unit of Quantity,4302110020,China,1995,number,0,0,0,0,126,0,0,0,0,0,0,0
1995,First Unit of Quantity,4302120000,China,1995,number,0,"30,000",55,0,0,0,0,0,0,0,500,0
1995,First Unit of Quantity,4302130000,China,1995,number,250,0,200,"1,000",0,0,780,"1,100",0,400,400,206
1995,First Unit of Quantity,4302191500,China,1995,number,0,0,0,0,48,0,0,0,0,0,0,0
1995,First Unit of Quantity,4302193030,China,1995,number,0,0,0,200,250,0,0,0,0,0,0,0
1995,First Unit of Quantity,4302193040,China,1995,number,0,0,0,0,0,0,0,0,0,0,0,"1,000"
1995,First Unit of Quantity,4302193070,China,1995,number,0,530,0,0,0,0,0,0,0,0,0,0
1995,First Unit of Quantity,4302196000,China,1995,number,0,0,0,0,0,0,0,0,0,0,5,0
1995,First Unit of Quantity,4302209000,China,1995,no units collected,0,0,0,0,0,0,0,0,0,0,0,0
1995,First Unit of Quantity,4302300000,China,1995,no units collected,0,0,0,0,0,0,0,0,0,0,0,0
1995,First Unit of Quantity,4303100030,China,1995,number,"1,207",221,456,777,"1,272","1,934","5,912","3,705","4,207","3,403","4,083","3,262"
1995,First Unit of Quantity,4303100060,China,1995,number,460,166,245,876,465,"7,994","15,416","52,477","36,463","12,151","7,197",916
1995,First Unit of Quantity,4303900000,China,1995,no units collected,0,0,0,0,0,0,0,0,0,0,0,0
1995,First Unit of Quantity,4304000000,China,1995,no units collected,0,0,0,0,0,0,0,0,0,0,0,0
1995,First Unit of Quantity,4401100000,China,1995,no units collected,0,0,0,0,0,0,0,0,0,0,0,0
1995,First Unit of Quantity,4401302000,China,1995,kilograms,"19,200",0,0,0,0,0,0,0,0,0,0,0
1995,First Unit of Quantity,4401304010,China,1995,kilograms,"43,310",0,"32,400","16,200",0,0,"14,976",0,0,0,0,0
1995,First Unit of Quantity,4401304090,China,1995,kilograms,"29,160","19,500","57,600","19,200","38,400","38,400",0,0,0,0,0,0
1995,First Unit of Quantity,4402000000,China,1995,metric tons,0,0,0,107,243,0,0,0,0,0,0,0
1995,First Unit of Quantity,4403100050,China,1995,meters,0,0,0,0,0,0,0,0,"2,450",0,0,0
1995,First Unit of Quantity,4403100060,China,1995,cubic meters,0,0,0,0,0,0,23,0,0,0,0,0
1995,First Unit of Quantity,4403200045,China,1995,cubic meters,0,0,0,0,0,153,0,0,0,0,0,0
1995,First Unit of Quantity,4403990030,China,1995,cubic meters,0,0,0,0,0,0,0,0,20,0,18,0
1995,First Unit of Quantity,4404200080,China,1995,no units collected,0,0,0,0,0,0,0,0,0,0,0,0
1995,First Unit of Quantity,4404200090,China,1995,no units collected,0,0,0,0,0,0,0,0,0,0,0,0
1995,First Unit of Quantity,4407100007,China,1995,cubic meters,0,0,0,0,0,89,124,0,0,0,0,0
1995,First Unit of Quantity,4407100091,China,1995,cubic meters,0,0,0,0,0,42,0,0,0,0,0,0
1995,First Unit of Quantity,4407230095,China,1995,cubic meters,0,0,0,0,0,0,1,0,0,0,0,0
1995,First Unit of Quantity,4407910020,China,1995,cubic meters,0,0,0,0,0,0,0,20,0,0,0,0
1995,First Unit of Quantity,4407910060,China,1995,cubic meters,0,0,0,7,0,0,0,0,0,0,0,0
1995,First Unit of Quantity,4407990051,China,1995,cubic meters,0,0,76,0,0,162,0,454,445,0,164,0
1995,First Unit of Quantity,4407990065,China,1995,cubic meters,0,0,0,4,0,0,0,0,0,0,0,0
1995,First Unit of Quantity,4407990066,China,1995,cubic meters,0,0,0,0,0,0,95,155,82,31,0,31
1995,First Unit of Quantity,4408100070,China,1995,square meters,0,"7,511",0,0,0,0,0,0,0,0,0,0
1995,First Unit of Quantity,4408900065,China,1995,square meters,"21,800","3,261",0,0,0,"2,880",0,0,0,0,0,0
1995,First Unit of Quantity,4408900080,China,1995,square meters,0,0,0,0,0,"3,369,432",0,0,0,0,0,"14,750"
1995,First Unit of Quantity,4408900098,China,1995,square meters,"19,651",0,0,0,0,0,0,0,0,0,0,"19,559"
1995,First Unit of Quantity,4409102000,China,1995,square meters,0,0,0,0,"1,528",0,0,0,0,0,0,0
1995,First Unit of Quantity,4409104500,China,1995,meters,0,0,0,0,0,0,0,0,23,"18,654","51,840",0
1995,First Unit of Quantity,4409105000,China,1995,meters,0,0,0,0,0,0,0,0,0,"3,610","3,902","9,022"
1995,First Unit of Quantity,4409106000,China,1995,meters,0,"15,253",0,0,0,0,0,0,0,0,150,0
1995,First Unit of Quantity,4409106500,China,1995,meters,0,0,0,0,0,0,0,"97,536",0,0,0,0
1995,First Unit of Quantity,4409202550,China,1995,square meters,0,0,894,0,162,0,0,0,0,0,0,0
1995,First Unit of Quantity,4409202560,China,1995,square meters,0,0,929,0,0,0,"7,358","8,537",135,"5,016",0,300
1995,First Unit of Quantity,4409204000,China,1995,meters,0,0,25,0,"1,200",0,"9,329",0,0,0,0,"9,997"
1995,First Unit of Quantity,4409206000,China,1995,meters,0,0,0,"43,776",0,0,0,0,0,31,0,0
1995,First Unit of Quantity,4409209000,China,1995,cubic meters,24,0,0,0,0,10,"2,096",71,56,88,46,59
1995,First Unit of Quantity,4411390000,China,1995,cubic meters,0,0,0,0,0,0,0,0,0,0,79,0
1995,First Unit of Quantity,4412111040,China,1995,cubic meters,0,0,0,0,68,0,0,24,0,0,0,0
1995,First Unit of Quantity,4412111060,China,1995,cubic meters,0,0,0,93,0,0,0,0,0,0,0,0
1995,First Unit of Quantity,4412112060,China,1995,cubic meters,0,0,0,0,0,0,0,0,0,0,226,0
1995,First Unit of Quantity,4412115000,China,1995,cubic meters,0,0,0,34,0,0,0,0,0,0,0,0
1995,First Unit of Quantity,4412122044,China,1995,cubic meters,0,0,0,0,0,0,0,159,0,0,0,0
1995,First Unit of Quantity,4412210000,China,1995,cubic meters,75,0,76,77,153,76,0,0,0,0,61,0
1995,First Unit of Quantity,4412291030,China,1995,cubic meters,0,81,0,0,82,0,0,0,0,0,0,0
1995,First Unit of Quantity,4412295000,China,1995,cubic meters,42,606,389,443,146,471,329,400,208,464,466,127
1995,First Unit of Quantity,4412910000,China,1995,cubic meters,0,65,42,165,128,43,63,0,83,0,80,0
1995,First Unit of Quantity,4413000000,China,1995,kilograms,0,0,0,0,"4,111",0,0,0,0,"4,251",0,0
1995,First Unit of Quantity,4414000000,China,1995,number,"1,395,964","792,088","608,495","815,821","678,437","644,441","850,991","887,871","1,425,062","1,197,309","1,031,639","679,304"
1995,First Unit of Quantity,4415103000,China,1995,number,"21,000","277,996","58,768","98,968","40,352","32,400","293,956","503,825","376,842","265,565","138,133","80,572"
1995,First Unit of Quantity,4415106000,China,1995,number,0,390,0,0,0,"6,970",0,0,0,0,0,0
1995,First Unit of Quantity,4415109000,China,1995,number,"101,216",300,0,0,0,"8,647","186,326",0,"154,000","3,432",0,"110,000"
1995,First Unit of Quantity,4415204000,China,1995,number,0,0,0,0,0,0,0,"4,200",0,0,0,0
1995,First Unit of Quantity,4416003010,China,1995,number,0,0,0,0,0,0,0,"5,100",0,"2,960","3,136",0
1995,First Unit of Quantity,4416009020,China,1995,no units collected,0,0,0,0,0,0,0,0,0,0,0,0
1995,First Unit of Quantity,4417002000,China,1995,number,0,"89,700",0,0,0,"50,400",0,"23,616","40,704",0,"37,400","15,000"
1995,First Unit of Quantity,4417004000,China,1995,no units collected,0,0,0,0,0,0,0,0,0,0,0,0
1995,First Unit of Quantity,4417006000,China,1995,number,0,0,0,0,"68,256",0,0,0,"32,591",0,0,0
1995,First Unit of Quantity,4417008010,China,1995,no units collected,0,0,0,0,0,0,0,0,0,0,0,0
1995,First Unit of Quantity,4417008090,China,1995,no units collected,0,0,0,0,0,0,0,0,0,0,0,0
1995,First Unit of Quantity,4418100000,China,1995,number,0,0,0,0,0,0,100,50,"1,665",150,0,75
1995,First Unit of Quantity,4418204000,China,1995,number,0,0,0,0,0,0,290,0,0,52,88,0
1995,First Unit of Quantity,4418208030,China,1995,number,477,0,0,"1,128",0,0,118,0,0,0,0,0
1995,First Unit of Quantity,4418208060,China,1995,number,"6,595","1,368","2,114","1,550","10,534",620,"2,194",620,"2,310","11,058","12,122","26,184"
1995,First Unit of Quantity,4418300000,China,1995,square meters,"27,538","46,570","29,503","13,170","25,309","37,708","27,354","38,223","43,739","40,072","26,472","18,680"
1995,First Unit of Quantity,4418400000,China,1995,no units collected,0,0,0,0,0,0,0,0,0,0,0,0
1995,First Unit of Quantity,4418904090,China,1995,no units collected,0,0,0,0,0,0,0,0,0,0,0,0
1995,First Unit of Quantity,4419004000,China,1995,no units collected,0,0,0,0,0,0,0,0,0,0,0,0
1995,First Unit of Quantity,4419008000,China,1995,no units collected,0,0,0,0,0,0,0,0,0,0,0,0
1995,First Unit of Quantity,4420100000,China,1995,no units collected,0,0,0,0,0,0,0,0,0,0,0,0
1995,First Unit of Quantity,4420902000,China,1995,number,460,480,"1,180","3,520","2,410","5,436",0,"6,102",944,"1,640","1,030","1,440"
1995,First Unit of Quantity,4420904500,China,1995,number,"167,651","149,435","55,495","58,295","125,833","308,115","293,048","230,852","314,912","346,165","257,932","32,327"
1995,First Unit of Quantity,4420906500,China,1995,kilograms,"74,289","125,296","46,870","68,665","116,175","234,995","106,067","372,759","864,252","1,426,670","206,673","40,606"
1995,First Unit of Quantity,4420908000,China,1995,no units collected,0,0,0,0,0,0,0,0,0,0,0,0
1995,First Unit of Quantity,4421100000,China,1995,no units collected,0,0,0,0,0,0,0,0,0,0,0,0
1995,First Unit of Quantity,4421901500,China,1995,meters,0,0,0,370,0,0,0,0,0,0,15,0
1995,First Unit of Quantity,4421903000,China,1995,no units collected,0,0,0,0,0,0,0,0,0,0,0,0
1995,First Unit of Quantity,4421904000,China,1995,no units collected,0,0,0,0,0,0,0,0,0,0,0,0
1995,First Unit of Quantity,4421905000,China,1995,no units collected,0,0,0,0,0,0,0,0,0,0,0,0
1995,First Unit of Quantity,4421906000,China,1995,no units collected,0,0,0,0,0,0,0,0,0,0,0,0
1995,First Unit of Quantity,4421907020,China,1995,no units collected,0,0,0,0,0,0,0,0,0,0,0,0
1995,First Unit of Quantity,4421907040,China,1995,no units collected,0,0,0,0,0,0,0,0,0,0,0,0
1995,First Unit of Quantity,4421908024,China,1995,gross,"168,838","165,630","249,939","221,230","116,648","232,788","280,363","192,279","79,187","40,000","30,970","69,035"
1995,First Unit of Quantity,4421908027,China,1995,gross,"75,541","432,994","14,880","266,771","220,929","27,513","34,020","82,385","117,835","65,087","9,500","24,967"
1995,First Unit of Quantity,4421908030,China,1995,gross,"7,818",0,"38,417","79,469","38,709","51,259","1,083","11,600","5,525",0,0,"4,917"
1995,First Unit of Quantity,4421908033,China,1995,gross,623,543,"22,698","8,743","29,625",7,"1,775","1,090",56,0,"6,007","6,987"
1995,First Unit of Quantity,4421908500,China,1995,gross,"168,705","12,650","50,057","49,967","152,880","71,705","26,875",850,"92,470","34,853","204,055","9,000"
1995,First Unit of Quantity,4421908800,China,1995,number,796,0,0,0,0,0,0,0,0,0,0,0
1995,First Unit of Quantity,4421909400,China,1995,kilograms,"226,332",0,0,683,"2,283",0,0,"4,308",0,"2,035",0,0
1995,First Unit of Quantity,4421909820,China,1995,gross,"10,017",0,0,0,0,0,0,0,0,0,0,0
1995,First Unit of Quantity,4421909840,China,1995,no units collected,0,0,0,0,0,0,0,0,0,0,0,0
1995,First Unit of Quantity,4503102000,China,1995,kilograms,0,0,0,0,0,900,0,0,0,0,0,0
1995,First Unit of Quantity,4503106000,China,1995,kilograms,0,0,0,0,0,0,0,0,900,300,0,"6,002"
1995,First Unit of Quantity,4503906000,China,1995,no units collected,0,0,0,0,0,0,0,0,0,0,0,0
1995,First Unit of Quantity,4504101000,China,1995,kilograms,0,0,"8,190","2,000","1,200",0,0,0,0,3,0,0
1995,First Unit of Quantity,4504104700,China,1995,kilograms,336,0,0,"1,040",0,0,944,"1,155",577,188,328,625
1995,First Unit of Quantity,4504105000,China,1995,kilograms,0,17,0,0,0,0,0,0,0,0,0,0
1995,First Unit of Quantity,4504900000,China,1995,no units collected,0,0,0,0,0,0,0,0,0,0,0,0
1995,First Unit of Quantity,4601100000,China,1995,no units collected,0,0,0,0,0,0,0,0,0,0,0,0
1995,First Unit of Quantity,4601202000,China,1995,square meters,"2,351",216,"3,004",0,"2,354",0,0,366,"1,061",0,883,269
1995,First Unit of Quantity,4601204000,China,1995,no units collected,0,0,0,0,0,0,0,0,0,0,0,0
1995,First Unit of Quantity,4601206000,China,1995,no units collected,0,0,0,0,0,0,0,0,0,0,0,0
1995,First Unit of Quantity,4601208000,China,1995,no units collected,0,0,0,0,0,0,0,0,0,0,0,0
1995,First Unit of Quantity,4601209000,China,1995,no units collected,0,0,0,0,0,0,0,0,0,0,0,0
1995,First Unit of Quantity,4601912000,China,1995,no units collected,0,0,0,0,0,0,0,0,0,0,0,0
1995,First Unit of Quantity,4601914000,China,1995,no units collected,0,0,0,0,0,0,0,0,0,0,0,0
1995,First Unit of Quantity,4601990000,China,1995,no units collected,0,0,0,0,0,0,0,0,0,0,0,0
1995,First Unit of Quantity,4602100500,China,1995,number,"3,400","7,542","45,690","29,682","15,313","3,810","4,182","7,572","22,962","21,030","9,180","3,824"
1995,First Unit of Quantity,4602100700,China,1995,number,"3,308,375","2,630,276","647,878","662,580","1,094,226","1,786,495","1,251,334","1,362,999","1,404,144","971,055","907,210","1,453,249"
1995,First Unit of Quantity,4602100900,China,1995,number,"5,578,213","3,273,192","2,055,912","2,217,242","1,906,132","3,017,575","4,768,006","5,393,886","3,404,561","4,208,568","3,678,877","4,027,244"
1995,First Unit of Quantity,4602101200,China,1995,number,"4,199,729","2,880,391","2,774,438","3,640,666","4,419,324","4,553,302","3,931,575","4,151,025","4,138,582","4,432,002","3,949,321","3,680,071"
1995,First Unit of Quantity,4602101400,China,1995,number,"530,000","528,070","500,857","200,064","437,128","347,065","552,690","461,952","270,518","744,845","236,939","269,377"
1995,First Unit of Quantity,4602101600,China,1995,number,"452,418","762,472","276,272","432,776","336,125","748,444","919,984","1,035,707","742,848","798,042","402,253","386,686"
1995,First Unit of Quantity,4602101700,China,1995,number,"1,034,086","667,212","564,105","536,011","464,552","720,487","1,108,721","1,756,295","1,084,884","957,671","832,503","1,316,981"
1995,First Unit of Quantity,4602101800,China,1995,number,"2,836,505","2,710,068","1,455,944","1,530,266","2,332,082","3,396,901","3,456,306","2,419,123","1,668,492","2,237,573","1,638,917","1,434,261"
1995,First Unit of Quantity,4602102100,China,1995,number,"24,076","64,337","34,068","101,988","45,792","22,966","39,104","42,100","11,600","14,080","7,432","5,220"
1995,First Unit of Quantity,4602102200,China,1995,number,"39,445","24,931","38,551","85,882","41,827","31,638","4,314","21,004","22,437","41,786","3,660","10,422"
1995,First Unit of Quantity,4602102300,China,1995,number,0,0,"1,746","2,124","11,256",0,0,0,0,0,0,0
1995,First Unit of Quantity,4602102500,China,1995,number,"4,441","9,659","3,264","5,510","7,564",0,0,60,0,0,100,"12,970"
1995,First Unit of Quantity,4602102920,China,1995,number,"518,236","546,195","533,775","200,003","153,470","123,272","86,375","39,941","32,648","97,031","230,152","208,376"
1995,First Unit of Quantity,4602102940,China,1995,number,"249,490","209,661","153,269","71,465","314,851","47,156","49,228","27,781","23,079","36,723","59,388","52,755"
1995,First Unit of Quantity,4602103500,China,1995,no units collected,0,0,0,0,0,0,0,0,0,0,0,0
1995,First Unit of Quantity,4602104500,China,1995,no units collected,0,0,0,0,0,0,0,0,0,0,0,0
1995,First Unit of Quantity,4602106000,China,1995,no units collected,0,0,0,0,0,0,0,0,0,0,0,0
1995,First Unit of Quantity,4602108000,China,1995,no units collected,0,0,0,0,0,0,0,0,0,0,0,0
1995,First Unit of Quantity,4602900000,China,1995,no units collected,0,0,0,0,0,0,0,0,0,0,0,0
1995,First Unit of Quantity,4701000000,China,1995,component tons,12,0,0,0,0,0,0,0,0,0,0,0
1995,First Unit of Quantity,4703290040,China,1995,component tons,0,0,0,0,22,0,0,0,0,0,0,0
1995,First Unit of Quantity,4707200020,China,1995,metric tons,0,0,0,0,0,0,0,0,0,0,0,1
1995,First Unit of Quantity,4707900000,China,1995,metric tons,0,0,0,0,0,0,0,0,0,0,0,77
1995,First Unit of Quantity,4801000020,China,1995,metric tons,0,0,0,0,0,0,0,0,0,1,1,0
1995,First Unit of Quantity,4801000040,China,1995,metric tons,0,0,0,0,0,42,0,0,0,2,0,0
1995,First Unit of Quantity,4802100000,China,1995,kilograms,0,0,0,"1,706",0,0,96,"10,925",0,0,0,513
1995,First Unit of Quantity,4802400000,China,1995,kilograms,"3,350",0,0,0,0,0,0,0,0,0,0,0
1995,First Unit of Quantity,4802539080,China,1995,kilograms,0,0,0,0,0,0,0,0,0,0,0,244
1995,First Unit of Quantity,4802601000,China,1995,kilograms,0,0,0,0,0,0,0,"2,720","1,360","2,960","4,723","2,948"
1995,First Unit of Quantity,4802609000,China,1995,kilograms,0,40,0,0,0,0,0,0,0,0,0,0
1995,First Unit of Quantity,4803002000,China,1995,kilograms,0,0,0,0,0,0,0,0,"1,035",0,0,0
1995,First Unit of Quantity,4803004000,China,1995,kilograms,"5,585","2,030","2,860",680,"7,621","1,608","2,615",916,780,"3,621","5,037","7,429"
1995,First Unit of Quantity,4804190000,China,1995,kilograms,0,0,0,0,0,0,0,0,0,535,0,0
1995,First Unit of Quantity,4804314020,China,1995,kilograms,"2,280","1,391",0,0,0,"1,325","1,980","9,764",0,0,0,0
1995,First Unit of Quantity,4804314040,China,1995,kilograms,0,0,0,"6,408",0,0,0,0,0,0,"12,189",0
1995,First Unit of Quantity,4804394020,China,1995,kilograms,11,0,0,0,"5,200",0,462,0,"8,400","62,868",0,0
1995,First Unit of Quantity,4804394040,China,1995,kilograms,241,408,969,0,"9,575",0,0,0,"53,252","11,420",0,544
1995,First Unit of Quantity,4804396040,China,1995,kilograms,0,"16,386","12,332",0,"137,297","7,976",289,0,0,"127,004","71,283",0
1995,First Unit of Quantity,4804520050,China,1995,kilograms,0,0,0,"6,395",0,0,750,"2,300","5,740",0,0,"4,450"
1995,First Unit of Quantity,4804590000,China,1995,kilograms,0,0,0,0,0,0,"1,200",0,0,0,0,0
1995,First Unit of Quantity,4805604000,China,1995,kilograms,0,0,0,0,"10,184","16,400","1,100","12,605","3,790","11,907",0,0
1995,First Unit of Quantity,4805607000,China,1995,kilograms,0,0,0,0,"2,400",0,0,0,0,0,0,0
1995,First Unit of Quantity,4805609040,China,1995,kilograms,"26,809",0,"3,836","1,990","2,093","5,320","6,137",36,0,0,0,"9,305"
1995,First Unit of Quantity,4805704060,China,1995,kilograms,0,3,0,0,0,0,0,0,0,0,0,0
1995,First Unit of Quantity,4806100000,China,1995,kilograms,0,0,0,0,0,"1,650",0,0,0,0,0,0
1995,First Unit of Quantity,4806400000,China,1995,kilograms,0,0,48,0,0,0,0,0,0,0,0,0
1995,First Unit of Quantity,4807992000,China,1995,kilograms,0,0,0,0,0,0,726,0,0,0,0,0
1995,First Unit of Quantity,4807994000,China,1995,kilograms,0,0,0,"6,751",0,0,0,0,0,0,0,0
1995,First Unit of Quantity,4808100000,China,1995,kilograms,0,0,0,878,617,0,0,786,0,593,0,0
1995,First Unit of Quantity,4808902000,China,1995,kilograms,0,0,400,0,0,430,0,0,0,0,448,0
1995,First Unit of Quantity,4808906000,China,1995,kilograms,"1,167",0,0,0,"1,584",0,0,285,449,0,805,0
1995,First Unit of Quantity,4809902000,China,1995,kilograms,0,0,0,0,0,0,0,0,210,0,0,0
1995,First Unit of Quantity,4809904000,China,1995,kilograms,0,0,0,0,0,0,"4,587",0,0,0,0,0
1995,First Unit of Quantity,4809906000,China,1995,kilograms,24,0,0,0,0,0,27,0,0,0,0,0
1995,First Unit of Quantity,4809908000,China,1995,kilograms,0,0,49,0,0,0,0,0,0,0,0,0
1995,First Unit of Quantity,4810113000,China,1995,kilograms,0,0,0,0,0,0,0,0,0,354,0,0
1995,First Unit of Quantity,4810119000,China,1995,kilograms,"67,380",0,0,0,0,"404,500",0,0,0,0,"4,118",0
1995,First Unit of Quantity,4810290000,China,1995,kilograms,0,0,0,0,0,0,0,0,185,0,0,0
1995,First Unit of Quantity,4810310060,China,1995,kilograms,0,0,0,0,0,0,0,0,0,68,0,0
1995,First Unit of Quantity,4810392000,China,1995,kilograms,0,0,0,0,0,150,0,0,0,0,0,0
1995,First Unit of Quantity,4810394000,China,1995,kilograms,0,"18,062",0,0,0,0,376,0,0,0,0,"1,149"
1995,First Unit of Quantity,4810990000,China,1995,kilograms,0,0,0,0,0,0,0,0,104,0,0,276
1995,First Unit of Quantity,4811210000,China,1995,kilograms,21,332,0,"1,457","3,519",104,0,508,0,0,140,0
1995,First Unit of Quantity,4811290000,China,1995,kilograms,0,0,0,0,0,0,0,620,0,"1,007",0,"2,035"
1995,First Unit of Quantity,4811312030,China,1995,kilograms,0,0,0,0,0,0,0,250,0,0,0,0
1995,First Unit of Quantity,4811314000,China,1995,kilograms,0,30,0,15,0,0,0,0,0,"1,000","2,988",0
1995,First Unit of Quantity,4811394040,China,1995,kilograms,"4,056",0,0,0,0,0,0,0,400,0,0,917
1995,First Unit of Quantity,4811400000,China,1995,kilograms,0,0,"2,610",0,"2,277",0,15,0,315,310,0,0
1995,First Unit of Quantity,4811902000,China,1995,kilograms,0,0,0,0,620,0,0,"2,271","3,650",403,0,0
1995,First Unit of Quantity,4811904000,China,1995,kilograms,0,0,0,0,0,0,"3,917",297,0,0,"6,600",0
1995,First Unit of Quantity,4811906000,China,1995,kilograms,0,0,0,0,0,0,0,0,0,0,"18,116",0
1995,First Unit of Quantity,4811908000,China,1995,kilograms,0,"3,152",0,0,0,0,"10,453","2,915","13,274","24,164",0,0
1995,First Unit of Quantity,4812000000,China,1995,kilograms,0,0,0,0,0,0,0,0,0,412,0,0
1995,First Unit of Quantity,4814200000,China,1995,kilograms,0,0,0,0,0,"1,863",0,0,277,0,0,"10,166"
1995,First Unit of Quantity,4814300000,China,1995,kilograms,"5,427","10,741","4,529","2,610","5,148","10,044","10,368","14,036","9,858","5,440","2,840","8,799"
1995,First Unit of Quantity,4814900000,China,1995,kilograms,0,"8,374","6,350","9,000","1,400","2,820",520,"6,804","9,546","6,379","4,336","3,115"
1995,First Unit of Quantity,4816100000,China,1995,kilograms,0,0,0,0,0,0,"5,650",0,0,0,0,0
1995,First Unit of Quantity,4816300000,China,1995,kilograms,0,"1,983",0,0,0,0,0,0,0,0,0,0
1995,First Unit of Quantity,4816900000,China,1995,kilograms,0,0,0,0,0,0,0,0,0,0,41,0
1995,First Unit of Quantity,4817100000,China,1995,thousand units,"2,541","4,011",600,0,"6,419","3,754","12,019","1,625","3,282","1,157","4,341","2,628"
1995,First Unit of Quantity,4817202000,China,1995,kilograms,"14,274","3,598","9,517",340,"9,254","8,000","6,916","19,209","36,202","5,114","18,479",0
1995,First Unit of Quantity,4817204000,China,1995,kilograms,"24,622","16,511","49,367","17,035","16,167","8,407","4,906","26,943","10,635","15,513","37,446","24,960"
1995,First Unit of Quantity,4817300000,China,1995,kilograms,"92,532","153,475","52,722","30,700","50,864","67,545","85,709","146,181","158,521","206,117","106,817","83,059"
1995,First Unit of Quantity,4818100000,China,1995,kilograms,720,0,0,"18,278",0,"6,720",0,0,0,0,0,0
1995,First Unit of Quantity,4818200040,China,1995,kilograms,"64,053","20,632","38,316","41,890","14,660","56,165","17,487","38,352","32,214","35,240","34,133","30,655"
1995,First Unit of Quantity,4818300000,China,1995,kilograms,0,0,0,748,525,"1,903","4,620",309,"1,793",0,"8,352",0
1995,First Unit of Quantity,4818404010,China,1995,kilograms,0,0,0,0,0,0,0,0,"8,205","7,961",0,0
1995,First Unit of Quantity,4818404030,China,1995,kilograms,0,0,0,0,0,0,0,0,0,0,"7,700",0
1995,First Unit of Quantity,4818404060,China,1995,kilograms,0,0,"2,041","2,100",0,0,"1,982",0,0,0,"1,981",0
1995,First Unit of Quantity,4818500000,China,1995,kilograms,0,0,"1,221","5,723","14,070","21,680","26,645","17,120",0,"13,098","11,294","8,650"
1995,First Unit of Quantity,4818900000,China,1995,kilograms,"144,968","76,985","56,370","95,561","121,126","133,250","57,649","119,132","111,988","127,262","183,004","57,482"
1995,First Unit of Quantity,4819100020,China,1995,kilograms,886,0,0,0,0,0,0,183,436,"2,669","2,011","1,837"
1995,First Unit of Quantity,4819100040,China,1995,kilograms,"274,233","124,194","54,959","162,416","187,022","141,232","199,990","311,180","313,964","184,335","133,705","57,777"
1995,First Unit of Quantity,4819200020,China,1995,kilograms,"3,255","8,610","5,980","7,168",0,"39,388","22,187","4,465","2,484",35,672,"29,275"
1995,First Unit of Quantity,4819200040,China,1995,kilograms,"253,893","200,647","207,914","390,546","242,939","285,763","518,489","337,285","533,133","959,551","496,972","271,036"
1995,First Unit of Quantity,4819300020,China,1995,kilograms,"12,000",0,"27,500",0,"24,788","12,820","14,065","41,340","3,500",383,"14,087",0
1995,First Unit of Quantity,4819300040,China,1995,kilograms,"74,611","64,211","3,339","35,408","33,327","15,783","127,190","131,583","32,968","84,801","62,086","30,388"
1995,First Unit of Quantity,4819400020,China,1995,kilograms,"1,619","1,890","18,197",0,30,0,0,"22,348","52,121","63,214","3,593","3,949"
1995,First Unit of Quantity,4819400040,China,1995,kilograms,"1,025,827","804,902","472,405","799,560","921,369","935,066","1,181,467","1,215,048","1,449,518","1,343,631","1,351,966","950,166"
1995,First Unit of Quantity,4819502000,China,1995,kilograms,0,0,0,0,0,0,0,0,0,0,"6,475",0
1995,First Unit of Quantity,4819503000,China,1995,kilograms,0,0,0,0,0,0,0,530,300,0,360,0
1995,First Unit of Quantity,4819504040,China,1995,kilograms,"27,357","1,264","12,556","25,875","16,507","64,985","32,213","99,072","36,271","17,417","39,002","39,381"
1995,First Unit of Quantity,4819504060,China,1995,kilograms,"31,175","19,626","10,077","49,056","17,071","26,591","31,792","12,897","20,505","38,304","78,537","17,568"
1995,First Unit of Quantity,4819600000,China,1995,kilograms,"27,597","58,979","44,483","62,785","164,647","123,916","113,705","148,440","100,011","200,612","153,450","101,200"
1995,First Unit of Quantity,4820102010,China,1995,number,"2,135,155","2,075,698","2,150,121","2,664,759","2,949,554","4,121,245","3,116,014","3,385,156","4,749,565","2,956,307","3,059,963","1,987,194"
1995,First Unit of Quantity,4820102020,China,1995,number,"1,497,237","774,173","1,916,068","1,560,144","2,630,080","1,899,249","2,783,031","2,699,759","3,451,188","2,222,696","4,446,393","1,700,970"
1995,First Unit of Quantity,4820102050,China,1995,number,"1,329,091","1,017,797","921,702","2,649,305","2,194,361","2,460,784","2,173,707","2,465,602","2,460,746","1,907,994","1,878,606","1,310,459"
1995,First Unit of Quantity,4820104000,China,1995,number,"92,104","121,682","2,900","129,179","30,131","66,048","190,668","133,406","282,642","324,734","252,667","31,706"
1995,First Unit of Quantity,4820200000,China,1995,number,"3,054","7,032",0,"2,642",0,0,"8,256","11,280",0,0,0,0
1995,First Unit of Quantity,4820300020,China,1995,kilograms,"2,905",823,"4,500","23,456","68,653","29,457","29,617","7,480","11,383","6,499","30,672","28,066"
1995,First Unit of Quantity,4820300040,China,1995,kilograms,"52,327","9,034","81,201","305,176","473,506","222,329","204,816","397,412","338,308","84,506","155,879","977,249"
1995,First Unit of Quantity,4820400000,China,1995,kilograms,"5,730",0,0,0,0,0,0,0,0,0,0,0
1995,First Unit of Quantity,4820500000,China,1995,number,"1,107,438","1,526,382","406,459","3,750,718","914,745","505,707","765,638","1,256,091","846,449","663,319","1,158,078","736,787"
1995,First Unit of Quantity,4820900000,China,1995,kilograms,"8,462","25,183","7,372","21,654","37,148","33,767","26,972","69,925","27,743","64,310","22,648","8,617"
1995,First Unit of Quantity,4821102000,China,1995,kilograms,"11,617","2,366",307,"5,052","4,157",579,"3,174","13,608","5,264","3,826",190,"8,919"
1995,First Unit of Quantity,4821104000,China,1995,kilograms,"19,548","12,631","2,315","8,118","13,988","8,640","6,685","10,647","11,048","10,955","11,710","8,608"
1995,First Unit of Quantity,4821902000,China,1995,kilograms,659,383,189,0,475,"4,242","1,662","1,748","9,155",731,"1,120","2,163"
1995,First Unit of Quantity,4821904000,China,1995,kilograms,"6,724",73,"1,812",126,"4,820","9,704","8,061","36,057","3,376","1,781","4,370","18,564"
1995,First Unit of Quantity,4822900000,China,1995,kilograms,"11,957",0,"21,095","8,856",0,375,0,0,0,14,"2,535","10,222"
1995,First Unit of Quantity,4823110000,China,1995,kilograms,250,139,0,0,394,0,"3,049",462,0,383,"1,744",0
1995,First Unit of Quantity,4823190000,China,1995,kilograms,0,0,0,0,0,319,26,0,0,"1,000","8,550",454
1995,First Unit of Quantity,4823201000,China,1995,kilograms,0,0,0,0,0,0,0,0,0,0,"11,375",0
1995,First Unit of Quantity,4823209000,China,1995,kilograms,"10,786","1,505",0,600,"12,563","2,700","3,617",455,0,0,0,0
1995,First Unit of Quantity,4823400000,China,1995,kilograms,0,0,0,"3,670",0,0,0,0,0,0,0,96
1995,First Unit of Quantity,4823510044,China,1995,kilograms,0,"2,805",0,"5,449","10,049",405,"32,296","5,477","1,100","3,760",0,299
1995,First Unit of Quantity,4823510080,China,1995,kilograms,"1,020","9,378","10,257","5,921","4,548","7,000","6,655",888,"6,754","5,345","6,361","7,501"
1995,First Unit of Quantity,4823594040,China,1995,kilograms,1,"5,105","5,813","22,160","11,319","9,630","4,553","10,849","2,004",0,"1,626",236
1995,First Unit of Quantity,4823600020,China,1995,kilograms,0,0,0,646,0,0,388,0,"1,448","1,246",0,"4,050"
1995,First Unit of Quantity,4823600040,China,1995,kilograms,289,"1,944","10,052","4,854","3,115","26,229","10,603",0,"24,690","15,952","3,070","2,880"
1995,First Unit of Quantity,4823700000,China,1995,kilograms,0,0,0,0,"1,702",70,"1,221",0,813,329,461,414
1995,First Unit of Quantity,4823901000,China,1995,kilograms,510,0,0,0,"9,625","9,291",450,"7,984","9,230",796,"2,167","2,806"
1995,First Unit of Quantity,4823902000,China,1995,kilograms,"25,602","17,635","2,907","18,677","30,667","51,254","66,252","77,038","47,850","8,606","34,044","22,394"
1995,First Unit of Quantity,4823904000,China,1995,kilograms,300,0,"6,465",213,"22,358","16,698","2,030","11,469","7,316","4,765","19,176","17,122"
1995,First Unit of Quantity,4823905000,China,1995,kilograms,"23,500","9,867","17,160",750,"22,387","14,094","12,129","7,673","22,266","21,947","10,779","3,000"
1995,First Unit of Quantity,4823906000,China,1995,kilograms,0,586,0,0,0,0,0,0,0,0,0,0
1995,First Unit of Quantity,4823906500,China,1995,kilograms,"405,180","188,496","370,530","147,192","185,336","227,255","211,999","237,274","351,564","357,952","160,521","118,701"
1995,First Unit of Quantity,4823907000,China,1995,kilograms,0,"1,656",418,0,600,0,542,0,363,0,848,0
1995,First Unit of Quantity,4823908000,China,1995,kilograms,0,0,0,0,0,0,0,0,"2,000",0,74,0
1995,First Unit of Quantity,4823908500,China,1995,kilograms,"224,606","152,846","271,035","227,934","327,788","168,873","258,241","231,280","292,705","165,209","210,635","251,204"
1995,First Unit of Quantity,4901100040,China,1995,kilograms,"4,649","4,681","3,753","6,681","2,246","9,652","9,742","9,661","20,866",503,"2,424","13,714"
1995,First Unit of Quantity,4901910020,China,1995,number,0,0,0,0,"168,012",500,0,531,0,0,0,0
1995,First Unit of Quantity,4901910040,China,1995,number,0,0,0,0,0,0,"13,180",0,0,"6,480",0,"4,500"
1995,First Unit of Quantity,4901990010,China,1995,number,0,"17,839","15,084","32,064","7,072","4,973","61,608","102,367","104,686","26,952",0,"68,786"
1995,First Unit of Quantity,4901990020,China,1995,number,0,0,0,0,"3,930",0,0,0,0,0,0,0
1995,First Unit of Quantity,4901990040,China,1995,number,"46,176","234,362","33,968","42,212","80,780",0,"11,560","128,905","35,685","15,600","25,372","64,598"
1995,First Unit of Quantity,4901990050,China,1995,number,"104,869","55,993","16,580","34,828","21,165","40,419","33,823","86,491","137,430","61,932","25,125","15,730"
1995,First Unit of Quantity,4901990060,China,1995,number,"54,000","41,820","12,964","2,320","42,659","47,488","63,840","78,285","92,873","22,200","23,928",0
1995,First Unit of Quantity,4901990065,China,1995,number,0,0,0,0,240,0,"19,016",0,0,0,"2,704","2,354"
1995,First Unit of Quantity,4901990070,China,1995,number,"906,938","448,891","289,117","1,002,082","1,210,990","1,077,176","1,696,593","1,869,351","2,738,057","1,001,381","980,572","1,503,491"
1995,First Unit of Quantity,4901990075,China,1995,number,"48,408","11,901","14,260","6,235","78,059","208,248","49,826","102,836","39,557","88,201","19,100","61,219"
1995,First Unit of Quantity,4901990091,China,1995,number,0,"3,346","5,040","2,520",0,0,0,0,0,0,"9,000","142,251"
1995,First Unit of Quantity,4901990092,China,1995,number,"212,441","487,256","137,689","95,910","178,600","208,980","910,831","542,734","479,801","607,122","358,226","764,359"
1995,First Unit of Quantity,4901990093,China,1995,number,"500,357","173,853","135,289","89,780","189,446","177,878","275,329","268,011","324,771","336,562","184,585","187,789"
1995,First Unit of Quantity,4902902060,China,1995,number,"99,113",0,0,"2,640","1,235",0,0,"4,600",366,0,0,254
1995,First Unit of Quantity,4903000000,China,1995,number,"4,346,966","972,915","1,613,815","1,037,894","1,177,608","1,935,030","3,036,873","1,035,263","891,818","1,564,717","1,044,324","1,331,785"
1995,First Unit of Quantity,4904000040,China,1995,number,0,"7,974",0,0,0,0,"27,840","8,160",0,0,"2,659",0
1995,First Unit of Quantity,4905100000,China,1995,kilograms,19,0,548,0,0,"1,083",0,554,0,0,871,0
1995,First Unit of Quantity,4905910000,China,1995,number,0,0,0,0,0,0,0,0,0,0,0,"12,840"
1995,First Unit of Quantity,4905990000,China,1995,kilograms,0,0,20,0,0,0,0,0,213,0,"2,635","4,666"
1995,First Unit of Quantity,4906000000,China,1995,kilograms,0,0,0,"1,123",0,0,"4,821",400,0,"1,080",3,0
1995,First Unit of Quantity,4907000000,China,1995,kilograms,0,15,0,0,0,0,0,0,0,0,0,0
1995,First Unit of Quantity,4908100000,China,1995,kilograms,22,81,720,0,100,0,0,0,25,0,0,0
1995,First Unit of Quantity,4908900000,China,1995,kilograms,"5,240",497,972,257,228,"1,361","1,697","1,233","12,059","4,148","1,156",0
1995,First Unit of Quantity,4909002000,China,1995,thousand units,0,0,0,255,0,0,0,150,75,0,0,"10,638"
1995,First Unit of Quantity,4909004020,China,1995,thousand units,"3,517","2,002","2,386","17,966","7,613","2,870","4,298","5,117","30,421","26,821","16,731","3,709"
1995,First Unit of Quantity,4909004040,China,1995,thousand units,"8,012","3,256","2,575","14,919","5,513","5,162","6,461","11,396","7,394","11,021","6,964","2,215"
1995,First Unit of Quantity,4910002000,China,1995,kilograms,0,0,0,69,"15,281","7,170","36,917","84,739","54,963","94,080","67,275","27,965"
1995,First Unit of Quantity,4910004000,China,1995,kilograms,0,0,0,0,"1,476",0,0,0,"2,190","1,817","2,293",0
1995,First Unit of Quantity,4910006000,China,1995,kilograms,"8,108","11,137","6,551","8,440","10,879","3,093","55,201","109,806","103,179","26,349","30,790","20,208"
1995,First Unit of Quantity,4911100020,China,1995,number,"78,710","189,335","24,120",0,"15,000","19,750","2,300","63,820","18,680","2,000","5,000",0
1995,First Unit of Quantity,4911100040,China,1995,number,"633,992","96,808","15,300","22,260","37,071","22,900","2,550","18,069","151,150","285,460","51,287","13,855"
1995,First Unit of Quantity,4911100060,China,1995,kilograms,0,0,0,0,0,0,0,0,0,0,"6,592",12
1995,First Unit of Quantity,4911100080,China,1995,kilograms,"27,524","9,568","20,717","18,444","35,772","20,458","25,570","60,554","13,311","12,873","16,574","20,270"
1995,First Unit of Quantity,4911911000,China,1995,kilograms,14,0,0,0,0,0,0,0,0,0,0,0
1995,First Unit of Quantity,4911912020,China,1995,kilograms,0,23,0,799,0,0,"4,000",0,762,0,0,0
1995,First Unit of Quantity,4911912040,China,1995,kilograms,"6,402","10,173","5,428","61,841","12,563","2,495","43,520","6,776","2,333","4,782","12,836","2,945"
1995,First Unit of Quantity,4911913000,China,1995,kilograms,"2,450",0,0,"5,385","1,796","9,444",860,"8,878","2,311","1,424","10,438",10
1995,First Unit of Quantity,4911914020,China,1995,kilograms,"2,373",0,"14,355",0,0,524,950,325,0,"7,005",10,348
1995,First Unit of Quantity,4911914040,China,1995,kilograms,"9,536","3,325","7,126","11,497","19,605","13,888","51,721","53,476","14,341","33,432","36,693","13,861"
1995,First Unit of Quantity,4911996000,China,1995,kilograms,"16,726","32,512","18,348","3,743","17,015","26,828","11,011","39,241","23,216","22,209","66,184","20,413"
1995,First Unit of Quantity,4911998000,China,1995,kilograms,"35,089","28,770","13,643","19,959","20,866","32,180","36,143","49,039","23,885","34,915","56,903","22,927"
1995,First Unit of Quantity,5002000000,China,1995,kilograms,910,"1,488","8,399","3,986","6,629","3,318",929,723,519,"4,013",0,"13,986"
1995,First Unit of Quantity,5003100000,China,1995,kilograms,"15,930",0,0,"3,960","10,620","5,990",0,"18,360","9,638",0,"5,000",0
1995,First Unit of Quantity,5003900000,China,1995,kilograms,"3,960",0,0,"4,800",0,504,0,"3,996",180,"5,973",0,0
1995,First Unit of Quantity,5004000000,China,1995,kilograms,"11,928","2,211","3,536","5,913","5,393","5,667",891,"6,090","3,862","4,832","1,824","5,405"
1995,First Unit of Quantity,5005000010,China,1995,kilograms,0,0,"6,700",500,50,0,"4,826","6,510","7,500","10,010","5,910",0
1995,First Unit of Quantity,5006001000,China,1995,kilograms,22,0,0,"1,071",554,232,0,0,0,990,100,520
1995,First Unit of Quantity,5006009000,China,1995,kilograms,0,0,0,0,150,0,0,0,0,0,0,0
1995,First Unit of Quantity,5007103020,China,1995,square meters,"3,142","2,666",0,0,"3,972",0,"2,952",139,"3,284",0,"2,483",0
1995,First Unit of Quantity,5007103040,China,1995,square meters,"49,159","4,983","5,705","3,920","50,594","9,106","15,448","6,818","7,014","2,677","15,437","1,806"
1995,First Unit of Quantity,5007103090,China,1995,square meters,"4,566","82,741","2,290",0,97,"1,292","5,293",773,22,"4,738",0,0
1995,First Unit of Quantity,5007106090,China,1995,square meters,"3,751",0,0,0,0,0,0,0,0,0,"4,927",0
1995,First Unit of Quantity,5007200015,China,1995,square meters,0,0,0,0,0,"2,034","9,599",0,0,0,"7,084",0
1995,First Unit of Quantity,5007200025,China,1995,square meters,0,719,"5,424",0,0,"1,239","1,235","1,935","2,138","3,221",858,0
1995,First Unit of Quantity,5007200035,China,1995,square meters,"1,426","77,571","75,966","67,487","74,185","28,159","37,752","21,654","49,333","28,517","55,278","75,255"
1995,First Unit of Quantity,5007200065,China,1995,square meters,"6,594","11,333","22,896","6,429","11,466","3,689","7,005","31,663","15,236","7,310","6,870","3,372"
1995,First Unit of Quantity,5007200085,China,1995,square meters,"273,557","124,229","153,919","166,398","482,990","406,430","309,374","164,506","384,470","153,137","140,440","222,540"
1995,First Unit of Quantity,5007200095,China,1995,square meters,"58,345","31,288","23,156","9,649","68,842","32,944","106,473","7,823","18,514","22,945","22,772","15,107"
1995,First Unit of Quantity,5007903020,China,1995,square meters,0,"1,797","2,830",0,222,"2,023",409,0,296,0,0,0
1995,First Unit of Quantity,5007903040,China,1995,square meters,"1,656","2,507",689,"5,471","2,135","4,383","13,143","3,197","1,515","1,363","1,183","1,051"
1995,First Unit of Quantity,5007903090,China,1995,square meters,"14,136","6,633",733,"4,243","11,523","1,759","3,171","2,604","6,760","9,275","14,399","4,925"
1995,First Unit of Quantity,5007906090,China,1995,square meters,"36,708","1,037","3,402","7,445","18,878",704,857,"8,364","2,378","4,916","14,656","94,406"
1995,First Unit of Quantity,5102102000,China,1995,clean yield kilograms,0,"81,452",0,0,"38,904",0,0,0,"37,912","41,924","13,508",0
1995,First Unit of Quantity,5102104000,China,1995,clean yield kilograms,0,"7,770","7,945","3,527","19,414","7,147",0,0,0,0,"1,857","3,640"
1995,First Unit of Quantity,5102106030,China,1995,clean yield kilograms,0,0,0,0,0,0,"2,223",0,0,0,0,0
1995,First Unit of Quantity,5102106060,China,1995,clean yield kilograms,80,0,"9,097",0,0,0,0,0,0,0,0,0
1995,First Unit of Quantity,5102109000,China,1995,kilograms,"14,381","3,200","16,144","6,804","14,076","29,022","14,852","14,935","7,889","27,750","19,201","7,268"
1995,First Unit of Quantity,5102200000,China,1995,kilograms,91,414,0,0,400,0,0,0,0,"1,720",0,0
1995,First Unit of Quantity,5103100000,China,1995,kilograms,"1,027",0,0,0,0,144,0,0,"5,012",0,0,0
1995,First Unit of Quantity,5103200000,China,1995,kilograms,0,"2,100",0,0,0,0,0,0,0,0,"1,327",0
1995,First Unit of Quantity,5110000000,China,1995,kilograms,0,0,0,0,0,0,0,0,0,171,0,0
1995,First Unit of Quantity,5111117060,China,1995,square meters,355,0,0,0,0,0,0,0,0,0,0,0
1995,First Unit of Quantity,5111196080,China,1995,square meters,0,0,0,0,0,0,0,0,0,0,0,0
1995,First Unit of Quantity,5111309000,China,1995,square meters,0,0,0,0,0,0,0,0,0,0,0,0
1995,First Unit of Quantity,5112112030,China,1995,square meters,0,0,0,"3,593","6,294",0,0,0,0,"1,658",0,0
1995,First Unit of Quantity,5112112060,China,1995,square meters,"32,040","5,197","64,379","27,290","4,052","11,766","25,270","35,535","33,782","8,558","3,188",540
1995,First Unit of Quantity,5112199010,China,1995,square meters,"10,784","18,804","34,324","20,371","3,992","23,317","7,309",0,0,"6,334",0,0
1995,First Unit of Quantity,5112199020,China,1995,square meters,0,0,0,0,0,0,0,0,650,0,0,0
1995,First Unit of Quantity,5112199030,China,1995,square meters,0,0,0,0,0,"2,622",0,"12,140",0,0,0,0
1995,First Unit of Quantity,5112199040,China,1995,square meters,"71,334","62,854","60,038","101,447","67,944","24,402","59,449","37,925","45,372","46,502","13,594","38,096"
1995,First Unit of Quantity,5112199050,China,1995,square meters,55,0,0,296,0,"9,286","17,719","1,605",0,"10,550",0,808
1995,First Unit of Quantity,5112199060,China,1995,square meters,721,0,0,0,0,0,"6,513",0,0,0,0,0
1995,First Unit of Quantity,5112909090,China,1995,square meters,888,689,0,0,0,0,0,0,0,0,0,0
1995,First Unit of Quantity,5113000000,China,1995,square meters,0,0,0,82,0,0,82,0,0,0,"3,050",0
1995,First Unit of Quantity,5204110000,China,1995,kilograms,"13,027",0,0,0,"8,170",0,"8,400",0,950,"4,594","6,375","15,200"
1995,First Unit of Quantity,5204200000,China,1995,kilograms,0,0,0,0,0,0,637,0,0,"7,600",0,0
1995,First Unit of Quantity,5205121000,China,1995,kilograms,0,0,0,0,0,0,0,0,0,0,"13,608",0
1995,First Unit of Quantity,5205320000,China,1995,kilograms,"46,177",0,0,"40,806",449,0,0,0,0,0,"13,608",0
1995,First Unit of Quantity,5205330000,China,1995,kilograms,0,0,0,0,0,"13,608",0,"13,608",0,0,0,0
1995,First Unit of Quantity,5205340000,China,1995,kilograms,0,0,0,0,"13,608",0,0,0,0,0,0,0
1995,First Unit of Quantity,5205440000,China,1995,kilograms,"7,200",0,0,0,0,0,"13,608",0,0,0,0,"27,216"
1995,First Unit of Quantity,5207100000,China,1995,kilograms,0,0,0,0,0,0,193,0,0,0,0,0
1995,First Unit of Quantity,5208114020,China,1995,square meters,0,0,0,0,0,0,0,0,"668,902",0,0,"105,687"
1995,First Unit of Quantity,5208114060,China,1995,square meters,"283,923","244,125","1,947,279","2,606,875","2,703,423","1,764,342","2,001,744","2,526,585","250,839",0,0,0
1995,First Unit of Quantity,5208114090,China,1995,square meters,0,0,0,"167,225",0,"334,451",0,"501,676",0,0,0,0
1995,First Unit of Quantity,5208124020,China,1995,square meters,0,0,"195,320","511,995","196,610","590,775","1,091,565","149,120","296,814",0,0,0
1995,First Unit of Quantity,5208124040,China,1995,square meters,"2,440,046","2,075,813","1,071,702","2,649,168","1,830,402","1,117,654","2,655,260","3,121,700","1,890,841","2,160,923","1,333,101","2,524,765"
1995,First Unit of Quantity,5208124090,China,1995,square meters,"1,237,346","243,213","937,946","1,875,891","243,213",0,"409,858","156,575","38,395","39,332",0,"38,395"
1995,First Unit of Quantity,5208126020,China,1995,square meters,0,"173,959","546,514",0,"146,088","174,221",0,"827,387","184,591",0,0,0
1995,First Unit of Quantity,5208126040,China,1995,square meters,0,0,0,0,0,"162,209",0,0,0,0,0,0
1995,First Unit of Quantity,5208126060,China,1995,square meters,"9,497,644","1,221,565","21,393,566","20,710,242","11,944,611","14,913,872","12,625,097","8,443,525","7,618,713","48,506",0,0
1995,First Unit of Quantity,5208130000,China,1995,square meters,"178,396","126,422","286,558","464,855","452,916","299,802","233,882","146,089",0,0,0,0
1995,First Unit of Quantity,5208192090,China,1995,square meters,0,0,0,"7,023",0,0,0,0,0,0,0,0
1995,First Unit of Quantity,5208194090,China,1995,square meters,0,0,"127,800",0,0,0,0,0,0,0,0,0
1995,First Unit of Quantity,5208212090,China,1995,square meters,0,"85,843",0,0,0,0,0,0,0,0,0,0
1995,First Unit of Quantity,5208224040,China,1995,square meters,"9,988","10,661","224,117","135,220","114,013","429,818","114,724",0,0,0,"65,961",0
1995,First Unit of Quantity,5208224090,China,1995,square meters,0,0,0,"20,903",0,0,"10,452",0,"25,840",0,0,0
1995,First Unit of Quantity,5208226060,China,1995,square meters,0,0,"257,973","155,882",0,"82,684",0,0,0,0,0,0
1995,First Unit of Quantity,5208230000,China,1995,square meters,0,0,"133,446",0,0,"48,896",0,0,0,0,0,0
1995,First Unit of Quantity,5208294090,China,1995,square meters,"5,710","128,518",0,0,"16,490",0,"22,262","182,219","123,678","65,137",0,0
1995,First Unit of Quantity,5208296090,China,1995,square meters,0,"2,870",0,0,0,718,0,"78,938",0,0,0,"71,170"
1995,First Unit of Quantity,5208323020,China,1995,square meters,0,0,0,0,0,0,0,0,0,0,0,0
1995,First Unit of Quantity,5208323040,China,1995,square meters,"39,948","130,842","113,516",0,"986,686","115,362","234,229","108,580",0,"49,355",0,"58,320"
1995,First Unit of Quantity,5208323090,China,1995,square meters,0,0,0,"57,484","10,335","89,048","56,438",0,"15,503",0,0,0
1995,First Unit of Quantity,5208324060,China,1995,square meters,0,0,0,"325,603",0,0,0,"1,020,828",0,0,0,0
1995,First Unit of Quantity,5208330000,China,1995,square meters,0,0,0,"25,005",0,0,0,0,0,0,0,0
1995,First Unit of Quantity,5208392090,China,1995,square meters,0,0,0,0,0,0,0,0,0,0,0,0
1995,First Unit of Quantity,5208394090,China,1995,square meters,0,0,0,0,0,0,0,0,0,0,0,0
1995,First Unit of Quantity,5208398090,China,1995,square meters,0,0,0,0,0,0,0,0,0,0,0,0
1995,First Unit of Quantity,5208423000,China,1995,square meters,"99,290","151,931","557,363","117,537","1,257,514","325,014","219,054",236,0,0,"1,048",0
1995,First Unit of Quantity,5208424000,China,1995,square meters,0,0,"23,255",0,"79,808",0,0,205,0,0,0,0
1995,First Unit of Quantity,5208425000,China,1995,square meters,307,307,0,0,0,0,0,0,0,0,0,0
1995,First Unit of Quantity,5208430000,China,1995,square meters,"6,456","348,145","264,837","209,343","562,732","707,555","118,481","89,186",0,0,0,"4,869"
1995,First Unit of Quantity,5208492000,China,1995,square meters,552,"1,167","322,747","456,143","669,287","143,515","497,547","246,583","90,750","6,840","5,500","85,418"
1995,First Unit of Quantity,5208494090,China,1995,square meters,0,0,340,0,0,0,0,135,0,0,0,0
1995,First Unit of Quantity,5208523040,China,1995,square meters,"166,018","41,797",0,0,"80,346","200,068","195,155","3,101",0,0,0,"2,764"
1995,First Unit of Quantity,5208523090,China,1995,square meters,0,0,0,0,0,"19,742","50,851",0,0,0,0,0
1995,First Unit of Quantity,5208524040,China,1995,square meters,0,0,0,0,0,0,"7,404","18,787",0,0,0,0
1995,First Unit of Quantity,5208524060,China,1995,square meters,0,"1,270,094","454,038","3,101","502,673","54,571","342,531","525,138",0,0,0,0
1995,First Unit of Quantity,5208524090,China,1995,square meters,"8,612",0,0,0,0,0,0,0,0,0,0,0
1995,First Unit of Quantity,5208592090,China,1995,square meters,0,0,0,0,0,0,0,0,0,0,0,0
1995,First Unit of Quantity,5208594090,China,1995,square meters,0,0,0,0,0,"505,717",0,0,0,0,0,0
1995,First Unit of Quantity,5209120020,China,1995,square meters,"130,109",0,"394,524","72,979","87,794","72,979","175,585","583,825",0,0,0,0
1995,First Unit of Quantity,5209190090,China,1995,square meters,0,0,"1,368,511","1,329,796","941,576","402,052","1,488,611","156,607","144,918","820,865",0,"1,951"
1995,First Unit of Quantity,5209290090,China,1995,square meters,0,0,0,0,0,0,0,0,0,0,0,474
1995,First Unit of Quantity,5209390040,China,1995,square meters,0,0,0,0,0,0,0,0,0,0,0,0
1995,First Unit of Quantity,5209390080,China,1995,square meters,0,0,0,"12,891",0,0,0,0,0,0,0,0
1995,First Unit of Quantity,5209420020,China,1995,square meters,0,"122,982","366,903","314,849","584,822","361,682","663,119","163,079","342,830","724,039","519,229","1,019,435"
1995,First Unit of Quantity,5209420040,China,1995,square meters,0,0,"54,811","48,362",0,0,"63,569",0,0,0,"41,458","206,893"
1995,First Unit of Quantity,5209430020,China,1995,square meters,0,0,0,0,0,"51,957",0,0,0,0,0,0
1995,First Unit of Quantity,5209430040,China,1995,square meters,0,0,0,0,0,0,"2,694",0,0,0,0,0
1995,First Unit of Quantity,5209490020,China,1995,square meters,"23,004","13,505","65,069",0,"115,268","73,264","116,939","12,133","1,416",0,0,0
1995,First Unit of Quantity,5209490090,China,1995,square meters,0,0,0,0,"1,348",0,0,0,0,0,0,0
1995,First Unit of Quantity,5210114020,China,1995,square meters,0,"84,282","84,282","168,564","556,527",0,0,0,0,0,0,0
1995,First Unit of Quantity,5210114040,China,1995,square meters,"684,789",0,"961,866","888,119","219,133","1,260,013",0,"219,133","438,266","219,133","219,133",0
1995,First Unit of Quantity,5210116020,China,1995,square meters,"111,038","882,951","5,895,617","4,453,463","8,407,490","3,855,068","3,618,377","4,815,651","5,404,372","101,138",0,"62,877"
1995,First Unit of Quantity,5210116060,China,1995,square meters,0,0,0,"37,208",0,"104,181","119,065",0,0,0,0,0
1995,First Unit of Quantity,5210120000,China,1995,square meters,"731,301",0,"1,129,733","1,208,160","404,387","2,509,899","969,415","747,080","430,617","739,074","1,588,182","525,130"
1995,First Unit of Quantity,5210192020,China,1995,square meters,0,0,0,0,0,0,0,"80,246",0,0,0,0
1995,First Unit of Quantity,5210192090,China,1995,square meters,"292,170",0,"77,682","156,107","605,882","292,170","313,716","526,710",0,"605,886",0,"311,977"
1995,First Unit of Quantity,5210194090,China,1995,square meters,0,0,863,0,0,0,0,0,0,0,0,0
1995,First Unit of Quantity,5210216020,China,1995,square meters,0,0,0,0,0,0,0,0,"112,376",0,0,0
1995,First Unit of Quantity,5210216060,China,1995,square meters,"61,910","179,851","26,046","327,752","118,134","179,641",0,0,0,0,0,0
1995,First Unit of Quantity,5210316060,China,1995,square meters,0,0,"160,509","39,068",0,0,0,0,0,0,0,0
1995,First Unit of Quantity,5210414000,China,1995,square meters,0,0,0,0,0,"82,219",0,0,0,0,0,0
1995,First Unit of Quantity,5210416000,China,1995,square meters,0,0,0,0,0,0,0,0,0,0,0,0
1995,First Unit of Quantity,5210418000,China,1995,square meters,0,0,0,0,0,"77,258",0,0,0,0,0,0
1995,First Unit of Quantity,5210516020,China,1995,square meters,685,0,0,0,0,"6,512",0,0,0,0,0,0
1995,First Unit of Quantity,5210516040,China,1995,square meters,0,0,0,0,0,0,0,0,0,0,0,0
1995,First Unit of Quantity,5210516060,China,1995,square meters,0,"244,951","957,633",0,"68,834",0,"15,814",0,0,0,0,0
1995,First Unit of Quantity,5210596020,China,1995,square meters,0,0,0,0,0,0,0,0,0,0,0,0
1995,First Unit of Quantity,5210596090,China,1995,square meters,0,0,0,0,0,0,0,0,0,0,0,0
1995,First Unit of Quantity,5211120020,China,1995,square meters,0,"23,411",0,0,0,0,0,0,0,0,0,0
1995,First Unit of Quantity,5211190060,China,1995,square meters,0,"122,911",0,"184,366","122,911","184,366",0,0,0,0,"64,381",0
1995,First Unit of Quantity,5211190090,China,1995,square meters,0,"4,393",0,0,0,0,0,0,0,0,0,0
1995,First Unit of Quantity,5211290090,China,1995,square meters,0,0,0,0,0,0,0,0,0,0,0,263
1995,First Unit of Quantity,5211390090,China,1995,square meters,0,0,"6,726","71,711","101,295","50,783","6,660","173,250",0,"164,980","26,442","19,980"
1995,First Unit of Quantity,5211490020,China,1995,square meters,"5,377","44,966","376,372","165,545","20,633","88,476","91,001","134,554","41,734","145,740",0,0
1995,First Unit of Quantity,5211590090,China,1995,square meters,0,0,0,0,0,0,0,0,0,0,0,0
1995,First Unit of Quantity,5212256090,China,1995,square meters,0,0,0,0,0,0,0,0,0,0,0,0
1995,First Unit of Quantity,5302100000,China,1995,kilograms,0,0,0,"5,000",0,0,0,0,0,0,508,270
1995,First Unit of Quantity,5302900000,China,1995,kilograms,0,0,0,0,0,0,0,0,"1,000",0,0,"2,500"
1995,First Unit of Quantity,5303100000,China,1995,kilograms,"336,600","158,400","138,600","158,400","180,567","158,400",0,"158,400","158,400","158,400","158,400","316,800"
1995,First Unit of Quantity,5304100000,China,1995,kilograms,60,0,0,0,0,0,0,0,0,0,0,0
1995,First Unit of Quantity,5304900000,China,1995,kilograms,0,0,0,0,0,0,0,0,0,"6,723",0,0
1995,First Unit of Quantity,5305290000,China,1995,kilograms,0,0,0,0,850,0,0,0,0,0,0,0
1995,First Unit of Quantity,5305910000,China,1995,kilograms,0,0,0,0,0,0,0,0,0,"61,719",0,0
1995,First Unit of Quantity,5305990000,China,1995,kilograms,0,0,0,"3,900",0,0,0,0,0,0,0,0
1995,First Unit of Quantity,5306100000,China,1995,kilograms,"24,160",120,90,135,"24,040","1,419",0,"25,063",172,0,180,0
1995,First Unit of Quantity,5306200000,China,1995,kilograms,0,0,"24,040","36,060",137,"36,061",0,0,"24,041","24,495","60,103",0
1995,First Unit of Quantity,5308200000,China,1995,kilograms,0,0,0,0,0,43,0,97,500,0,0,0
1995,First Unit of Quantity,5308900000,China,1995,kilograms,0,0,0,73,0,0,0,0,0,0,0,"1,400"
1995,First Unit of Quantity,5309110010,China,1995,square meters,"8,106","51,652","6,535","9,888","22,298",418,"29,992","46,047","5,861","39,875","11,760","70,312"
1995,First Unit of Quantity,5309110090,China,1995,square meters,"14,262","37,420","13,403","1,196","59,709",0,"4,648",553,"1,005",0,"39,252","12,739"
1995,First Unit of Quantity,5309190010,China,1995,square meters,"43,333","5,433","16,667","1,865","24,807","2,801","1,277",0,0,"5,574",153,"23,855"
1995,First Unit of Quantity,5309190090,China,1995,square meters,"37,894","2,253","33,041","8,298",195,0,"10,384",0,0,"14,834","23,353","49,232"
1995,First Unit of Quantity,5309213090,China,1995,square meters,"14,529",0,0,0,0,0,0,0,0,0,0,0
1995,First Unit of Quantity,5309214010,China,1995,square meters,"25,506","32,438","41,020","11,098","211,024","19,300","41,009","4,156","63,966","20,010","10,788","118,490"
1995,First Unit of Quantity,5309214090,China,1995,square meters,"5,961","5,982","12,397","7,574","6,981","10,458","35,757",0,"3,070","10,164",140,"7,334"
1995,First Unit of Quantity,5309293090,China,1995,square meters,0,0,0,"3,261","81,499","80,880","25,225","5,780",0,"211,318",0,"42,924"
1995,First Unit of Quantity,5309294010,China,1995,square meters,"1,197,642","406,847","390,531","123,780","247,581","367,757","168,348","79,860","119,225","216,230","287,503","320,074"
1995,First Unit of Quantity,5309294090,China,1995,square meters,"100,975","223,060","238,122","47,276","97,929","36,755","15,718","492,104","490,125","225,160","107,189","180,522"
1995,First Unit of Quantity,5311003010,China,1995,square meters,0,0,0,0,0,0,0,0,0,0,0,0
1995,First Unit of Quantity,5311003090,China,1995,square meters,"7,217",0,"2,158",0,0,424,0,0,0,663,0,"17,175"
1995,First Unit of Quantity,5311004000,China,1995,square meters,"410,276","200,302","86,848","188,002","82,742","8,662",0,0,0,0,0,0
1995,First Unit of Quantity,5311004010,China,1995,square meters,0,0,0,0,0,0,"12,344","18,509","25,432","4,324","37,443","35,967"
1995,First Unit of Quantity,5311004020,China,1995,square meters,0,0,0,0,0,0,"68,653","28,767","47,664","60,176","44,993","114,669"
1995,First Unit of Quantity,5401100000,China,1995,kilograms,"2,007",0,0,0,0,0,"1,050",0,0,"7,500",0,2
1995,First Unit of Quantity,5401200000,China,1995,kilograms,0,0,0,0,0,0,0,"4,147",0,0,0,0
1995,First Unit of Quantity,5402103020,China,1995,kilograms,"419,626","400,047","337,353","168,067","167,966",0,0,0,0,0,0,0
1995,First Unit of Quantity,5402203020,China,1995,kilograms,"17,000",0,0,0,"17,000","17,000",0,"17,000",0,"17,000",0,"17,000"
1995,First Unit of Quantity,5402420000,China,1995,kilograms,0,0,0,0,0,"53,640",0,0,0,0,0,0
1995,First Unit of Quantity,5402499010,China,1995,kilograms,0,0,45,0,0,135,0,0,0,0,0,0
1995,First Unit of Quantity,5402499040,China,1995,kilograms,200,0,0,0,0,0,0,0,0,0,0,0
1995,First Unit of Quantity,5404101000,China,1995,kilograms,0,0,0,0,0,0,"1,350",0,0,0,0,0
1995,First Unit of Quantity,5404108020,China,1995,kilograms,115,236,0,0,120,65,0,36,0,93,385,0
1995,First Unit of Quantity,5404900000,China,1995,kilograms,"24,247","36,692",0,0,0,"2,197",0,"3,481",600,"6,017",200,"32,779"
1995,First Unit of Quantity,5405006000,China,1995,kilograms,0,0,0,0,0,0,0,0,0,0,"3,266",0
1995,First Unit of Quantity,5407100090,China,1995,square meters,0,0,0,0,0,0,0,0,0,0,0,0
1995,First Unit of Quantity,5407601100,China,1995,square meters,0,0,0,0,0,0,0,0,0,0,0,0
1995,First Unit of Quantity,5407601900,China,1995,square meters,0,0,0,0,0,0,0,0,0,0,0,0
1995,First Unit of Quantity,5407602900,China,1995,square meters,0,0,0,0,0,0,0,0,0,0,0,0
1995,First Unit of Quantity,5407810010,China,1995,square meters,0,0,0,0,0,0,0,0,0,0,0,0
1995,First Unit of Quantity,5407810090,China,1995,square meters,0,0,0,0,0,0,0,0,0,0,0,90
1995,First Unit of Quantity,5407820010,China,1995,square meters,0,0,0,0,0,0,0,0,0,0,0,0
1995,First Unit of Quantity,5407840010,China,1995,square meters,0,0,0,0,0,0,0,0,0,0,"2,000",0
1995,First Unit of Quantity,5407912010,China,1995,square meters,0,0,0,0,0,0,0,0,"33,298",0,0,0
1995,First Unit of Quantity,5407912020,China,1995,square meters,0,0,0,0,0,0,"144,859",0,0,0,0,0
1995,First Unit of Quantity,5407922010,China,1995,square meters,0,0,0,0,0,0,0,0,"32,000",0,0,0
1995,First Unit of Quantity,5407942010,China,1995,square meters,0,0,0,0,0,0,0,0,0,0,0,0
1995,First Unit of Quantity,5408232960,China,1995,square meters,0,0,"1,978",0,0,0,0,0,0,0,0,0
1995,First Unit of Quantity,5408249030,China,1995,square meters,0,427,0,0,0,0,0,0,0,0,0,0
1995,First Unit of Quantity,5408249060,China,1995,square meters,0,0,"2,651",0,0,0,0,0,0,0,0,0
1995,First Unit of Quantity,5408312010,China,1995,square meters,0,0,0,0,0,0,0,0,0,638,0,0
1995,First Unit of Quantity,5408312020,China,1995,square meters,"87,793","4,755","297,444","640,892","83,478","109,155",0,0,0,494,"17,600",0
1995,First Unit of Quantity,5408312040,China,1995,square meters,0,0,0,0,0,"36,142",0,0,"90,355",0,0,0
1995,First Unit of Quantity,5408312050,China,1995,square meters,0,0,0,0,"1,500",0,"1,500",0,0,0,"1,231",0
1995,First Unit of Quantity,5408329020,China,1995,square meters,"3,508",0,0,"4,041",0,"4,244",0,0,0,0,0,0
1995,First Unit of Quantity,5408329050,China,1995,square meters,495,0,0,0,0,0,0,0,0,0,"3,015",0
1995,First Unit of Quantity,5408329090,China,1995,square meters,0,0,793,"3,808",0,"1,052","1,735",0,"1,230",616,0,"1,572"
1995,First Unit of Quantity,5408333000,China,1995,square meters,"11,843",0,0,"7,471",0,"11,882","8,776",0,"10,791",0,0,0
1995,First Unit of Quantity,5408339010,China,1995,square meters,0,0,0,0,0,0,515,0,0,0,0,0
1995,First Unit of Quantity,5408339090,China,1995,square meters,0,0,"3,482",0,726,"1,012","1,671",163,"7,684",724,0,0
1995,First Unit of Quantity,5408349020,China,1995,square meters,0,728,"36,356",0,575,"36,265",0,0,"11,505",0,0,0
1995,First Unit of Quantity,5408349050,China,1995,square meters,0,0,0,0,0,0,0,0,0,0,0,0
1995,First Unit of Quantity,5408349090,China,1995,square meters,"1,600",0,0,389,0,0,0,0,0,0,0,0
1995,First Unit of Quantity,5501100000,China,1995,kilograms,0,0,0,0,0,0,0,0,0,0,37,0
1995,First Unit of Quantity,5501300000,China,1995,kilograms,289,0,0,0,0,0,0,0,0,0,0,0
1995,First Unit of Quantity,5501900000,China,1995,kilograms,"10,815",0,"15,637","32,525",0,0,"24,935",0,0,0,0,0
1995,First Unit of Quantity,5502000000,China,1995,kilograms,0,0,0,0,0,0,0,0,"1,775",0,0,0
1995,First Unit of Quantity,5503200000,China,1995,kilograms,"112,699","87,987","20,018","41,729",0,"6,284",0,0,0,0,0,0
1995,First Unit of Quantity,5503400000,China,1995,kilograms,0,0,0,"18,085",0,0,"19,271",0,0,0,0,0
1995,First Unit of Quantity,5503909000,China,1995,kilograms,0,"18,629","18,000","74,721","145,383","19,175","57,950","313,774","244,646","452,544","360,121","543,697"
1995,First Unit of Quantity,5505100040,China,1995,kilograms,0,0,"61,507",0,0,0,0,0,0,0,0,0
1995,First Unit of Quantity,5506900000,China,1995,kilograms,0,0,0,0,0,0,0,0,0,0,15,0
1995,First Unit of Quantity,5508100000,China,1995,kilograms,"50,205",0,0,264,"15,398","16,904","22,588","11,988",0,683,618,"7,250"
1995,First Unit of Quantity,5508200000,China,1995,kilograms,0,0,0,0,0,0,"8,519",527,0,0,"1,607",0
1995,First Unit of Quantity,5509210000,China,1995,kilograms,0,0,0,0,0,0,0,0,0,0,"15,831",0
1995,First Unit of Quantity,5509220010,China,1995,kilograms,"34,692",0,"21,946","13,971","46,558","38,238","40,738","57,562","21,051","15,672","15,400","24,404"
1995,First Unit of Quantity,5509320000,China,1995,kilograms,0,"9,397",0,"9,913","9,528","11,248","6,570","14,172","11,633","40,215","9,099","1,286"
1995,First Unit of Quantity,5509410010,China,1995,kilograms,0,"13,920","13,920",0,0,0,0,250,0,0,0,0
1995,First Unit of Quantity,5511100030,China,1995,kilograms,0,0,0,0,0,0,0,0,0,0,0,0
1995,First Unit of Quantity,5512110030,China,1995,square meters,"1,453,069","223,413","667,563",0,0,"622,663",0,"445,488",0,0,0,0
1995,First Unit of Quantity,5512110060,China,1995,square meters,0,0,0,0,0,0,0,0,0,0,0,0
1995,First Unit of Quantity,5512190005,China,1995,square meters,0,0,0,0,0,0,0,0,0,"74,318",0,0
1995,First Unit of Quantity,5513110020,China,1995,square meters,"109,391","110,035","783,779","569,201","661,709","623,306","376,962","882,704","118,097","148,722","436,208","149,562"
1995,First Unit of Quantity,5513110040,China,1995,square meters,"1,069,968","268,647","608,799","358,587","917,692","661,263","434,811","442,771","258,697","199,116","179,098",0
1995,First Unit of Quantity,5513110060,China,1995,square meters,"1,465,074","401,352","1,897,555","822,603","1,208,848","805,125","590,802","1,604,409","222,289","130,993","201,925","43,896"
1995,First Unit of Quantity,5513110090,China,1995,square meters,0,0,0,0,"264,774","263,380",0,"544,654",0,0,0,0
1995,First Unit of Quantity,5513120000,China,1995,square meters,0,0,"221,700","102,189","424,140","203,592",0,"103,457","96,134",0,"178,374","423,516"
1995,First Unit of Quantity,5513130020,China,1995,square meters,0,"134,446","221,697","222,606","324,082","1,118,485","476,921","338,190","108,927",0,"49,780",0
1995,First Unit of Quantity,5513130090,China,1995,square meters,0,0,0,0,0,0,0,0,0,0,0,0
1995,First Unit of Quantity,5513210020,China,1995,square meters,"25,752","15,813","198,752","166,608","152,827",0,"305,776","638,065","243,434","195,104","104,385","186,731"
1995,First Unit of Quantity,5513210060,China,1995,square meters,0,0,0,0,0,0,0,0,"9,302",0,0,0
1995,First Unit of Quantity,5513230020,China,1995,square meters,0,0,0,0,0,0,"280,102",0,0,0,0,0
1995,First Unit of Quantity,5513310000,China,1995,square meters,0,328,0,0,0,"10,936",0,0,"12,323","1,038",0,0
1995,First Unit of Quantity,5513320000,China,1995,square meters,0,0,0,0,0,0,0,0,0,0,0,"4,042"
1995,First Unit of Quantity,5513410020,China,1995,square meters,0,0,"539,511",0,0,"467,888",0,0,0,"3,391",0,0
1995,First Unit of Quantity,5513410040,China,1995,square meters,0,0,0,0,0,0,0,"15,044",0,0,0,0
1995,First Unit of Quantity,5513430020,China,1995,square meters,0,0,0,0,0,0,0,0,0,0,0,0
1995,First Unit of Quantity,5513430090,China,1995,square meters,0,0,0,0,0,0,0,0,0,0,0,0
1995,First Unit of Quantity,5513490020,China,1995,square meters,0,0,0,0,0,0,0,0,0,0,0,0
1995,First Unit of Quantity,5514110020,China,1995,square meters,0,0,0,0,0,0,0,0,"7,445",0,0,0
1995,First Unit of Quantity,5514120020,China,1995,square meters,0,0,"270,237","400,449","212,508","577,710","535,122","128,430","495,880","281,831",0,0
1995,First Unit of Quantity,5514130020,China,1995,square meters,0,"218,102","109,051",0,"109,051","178,370",0,"112,041",0,0,0,0
1995,First Unit of Quantity,5514210020,China,1995,square meters,0,0,0,0,0,0,0,0,0,0,0,0
1995,First Unit of Quantity,5514310000,China,1995,square meters,0,0,0,0,0,0,0,0,0,0,244,0
1995,First Unit of Quantity,5514320090,China,1995,square meters,0,0,0,0,0,0,484,0,0,0,0,0
1995,First Unit of Quantity,5514330010,China,1995,square meters,0,0,0,0,0,"2,021",0,0,0,0,0,0
1995,First Unit of Quantity,5515110005,China,1995,square meters,"221,425","99,571","104,094","263,270","408,586","301,586","618,863","319,468",0,674,"248,224","18,180"
1995,First Unit of Quantity,5515110020,China,1995,square meters,0,0,0,0,0,0,0,0,0,0,0,0
1995,First Unit of Quantity,5515110025,China,1995,square meters,"120,105","333,431","889,157","881,982","208,396","1,486,352","222,289","1,779,224","1,556,025",0,"222,289",0
1995,First Unit of Quantity,5515110040,China,1995,square meters,489,0,"220,846","321,003","428,748","290,823","378,148","88,374","18,472","41,922","8,234","136,942"
1995,First Unit of Quantity,5515110090,China,1995,square meters,0,0,"66,668",0,0,0,0,0,0,0,0,0
1995,First Unit of Quantity,5515120040,China,1995,square meters,0,"53,018","25,924","10,625",0,0,0,0,0,0,0,0
1995,First Unit of Quantity,5515131010,China,1995,square meters,0,0,220,0,0,0,0,0,0,0,0,0
1995,First Unit of Quantity,5515190005,China,1995,square meters,0,0,"135,871",0,0,0,0,"41,625",0,"30,080",0,0
1995,First Unit of Quantity,5515290090,China,1995,square meters,0,"2,117",0,0,0,483,0,0,0,0,0,0
1995,First Unit of Quantity,5515990040,China,1995,square meters,0,0,"9,682",0,0,0,0,0,0,0,0,0
1995,First Unit of Quantity,5516110010,China,1995,square meters,"17,545",0,"588,207","638,646","605,620","305,901",0,0,0,"1,097,986",0,"4,482"
1995,First Unit of Quantity,5516110020,China,1995,square meters,"7,375",0,"182,260","110,620",0,0,0,0,0,0,0,0
1995,First Unit of Quantity,5516110090,China,1995,square meters,0,0,"287,962",0,0,0,0,0,0,0,0,0
1995,First Unit of Quantity,5516120010,China,1995,square meters,0,0,"22,722",0,0,0,0,0,0,0,0,0
1995,First Unit of Quantity,5516120090,China,1995,square meters,0,0,0,0,0,0,0,0,0,0,0,0
1995,First Unit of Quantity,5516130000,China,1995,square meters,0,0,0,0,0,0,975,0,0,0,0,0
1995,First Unit of Quantity,5516140010,China,1995,square meters,0,0,0,0,0,0,0,0,0,0,0,0
1995,First Unit of Quantity,5516140090,China,1995,square meters,0,0,0,0,0,0,0,0,0,0,0,"24,206"
1995,First Unit of Quantity,5516220040,China,1995,square meters,0,0,0,0,"4,115",0,"12,344","2,743",0,0,"1,920",0
1995,First Unit of Quantity,5516220090,China,1995,square meters,0,0,0,0,0,0,0,0,0,0,0,"1,264"
1995,First Unit of Quantity,5516230090,China,1995,square meters,0,0,0,0,0,0,0,0,0,"6,584",0,0
1995,First Unit of Quantity,5516410090,China,1995,square meters,0,0,0,0,"2,915",0,0,0,0,0,0,0
1995,First Unit of Quantity,5516930090,China,1995,square meters,0,0,"66,345","67,788",0,0,0,0,0,0,0,0
1995,First Unit of Quantity,5516940010,China,1995,square meters,0,0,0,0,0,0,0,0,0,0,0,0
1995,First Unit of Quantity,5601101000,China,1995,kilograms,0,0,0,0,0,0,0,0,0,"4,450",0,0
1995,First Unit of Quantity,5601210090,China,1995,kilograms,"17,883",71,"4,000",0,"1,878",273,"8,880",367,"5,099","13,725",12,0
1995,First Unit of Quantity,5601220090,China,1995,kilograms,0,0,319,0,0,0,0,0,0,0,0,0
1995,First Unit of Quantity,5601290010,China,1995,kilograms,0,0,0,0,0,0,0,0,0,13,310,0
1995,First Unit of Quantity,5602290000,China,1995,kilograms,0,0,0,0,0,0,0,88,0,0,0,0
1995,First Unit of Quantity,5603009030,China,1995,kilograms,0,"4,592",0,0,0,"9,388",0,0,0,0,0,0
1995,First Unit of Quantity,5603009070,China,1995,kilograms,0,"3,960",0,"11,122","3,552",0,0,"22,026","2,340",0,"3,643",0
1995,First Unit of Quantity,5603009090,China,1995,kilograms,0,0,"2,073",0,"2,114","2,839",0,"5,270",0,"6,423","6,850","2,652"
1995,First Unit of Quantity,5604100000,China,1995,kilograms,0,0,0,0,"1,343",0,0,0,274,0,0,0
1995,First Unit of Quantity,5604200000,China,1995,kilograms,0,0,300,0,0,0,0,0,0,0,0,0
1995,First Unit of Quantity,5604900000,China,1995,kilograms,"38,836","26,892","31,526","36,330","74,212","18,855","30,272","12,798","22,830","13,661","14,801","2,880"
1995,First Unit of Quantity,5605001000,China,1995,kilograms,"1,147",192,291,627,138,0,137,"6,842",826,"1,068",932,315
1995,First Unit of Quantity,5607100000,China,1995,kilograms,"17,842","18,360","18,720","134,600","64,446","65,080","42,632","32,728","29,431",219,"11,963","58,673"
1995,First Unit of Quantity,5607210000,China,1995,kilograms,0,0,0,"2,295",0,"10,000",0,0,"8,100",0,0,880
1995,First Unit of Quantity,5607290000,China,1995,kilograms,"18,600","39,199","29,953","20,342","48,515","29,766","20,000","33,586","14,330","18,320","7,912","8,550"
1995,First Unit of Quantity,5607302000,China,1995,kilograms,0,0,0,0,"5,187",0,0,0,"1,200",0,0,1
1995,First Unit of Quantity,5607491000,China,1995,kilograms,32,0,0,0,0,0,40,0,70,0,0,0
1995,First Unit of Quantity,5607491500,China,1995,kilograms,0,0,0,0,0,0,0,"3,614",0,0,0,0
1995,First Unit of Quantity,5607492500,China,1995,kilograms,0,0,0,0,0,0,0,"2,199",0,0,0,"5,814"
1995,First Unit of Quantity,5607504000,China,1995,kilograms,455,140,0,0,0,0,0,0,132,0,0,0
1995,First Unit of Quantity,5607902000,China,1995,kilograms,0,"6,750","6,165","10,211","9,810","2,481","12,240","15,037",100,"4,295",0,"3,310"
1995,First Unit of Quantity,5608110010,China,1995,kilograms,"3,025","8,049","9,407","10,820",0,"40,548",0,0,"14,256",0,"29,981","16,160"
1995,First Unit of Quantity,5608191020,China,1995,kilograms,0,0,0,0,0,0,0,0,0,727,0,0
1995,First Unit of Quantity,5608192010,China,1995,kilograms,"3,098",0,"1,714","4,020","1,071","6,385","2,142","4,064","1,008","2,580","1,008","1,008"
1995,First Unit of Quantity,5608192090,China,1995,kilograms,0,190,0,0,0,0,0,"1,472",0,0,0,0
1995,First Unit of Quantity,5608901000,China,1995,kilograms,0,0,0,0,"12,169","1,980",0,0,0,0,0,0
1995,First Unit of Quantity,5608902300,China,1995,kilograms,"20,715","17,175","11,775","15,542","17,624",0,"2,000",0,0,0,0,0
1995,First Unit of Quantity,5608903000,China,1995,kilograms,"1,313",0,0,458,"6,291","1,074","4,630",215,427,"5,262","2,006","1,568"
1995,First Unit of Quantity,5609001000,China,1995,kilograms,"17,079","22,504","20,173","60,930","88,260","127,279","186,320","316,403","218,536","237,705","278,857","276,437"
1995,First Unit of Quantity,5609002000,China,1995,kilograms,0,660,"22,262",66,720,240,"18,774","1,108","1,137","19,799",225,239
1995,First Unit of Quantity,5609003000,China,1995,kilograms,"35,756","55,261","28,653","12,058","15,164","20,738","21,763","79,472","36,408","111,526","137,181","78,983"
1995,First Unit of Quantity,5609004000,China,1995,kilograms,"80,554","69,239","47,595","116,590","85,177","84,960","53,102","59,206","39,536","54,650","65,451","68,529"
1995,First Unit of Quantity,5701101600,China,1995,square meters,"1,028",0,"5,067",0,193,0,0,34,"1,945",138,0,"2,699"
1995,First Unit of Quantity,5701104000,China,1995,square meters,"25,003","44,347","113,323","39,294","80,882","39,541","58,378","115,241","88,036","59,862","34,704","24,214"
1995,First Unit of Quantity,5701109000,China,1995,square meters,"39,006","108,709","104,951","95,519","42,742","73,562","51,359","68,439","48,151","33,163","17,667","11,126"
1995,First Unit of Quantity,5701901010,China,1995,square meters,"7,195","8,372","7,821","6,684","6,240","3,897","3,025","8,283","3,009","6,151","2,977","3,725"
1995,First Unit of Quantity,5701901030,China,1995,square meters,"2,617","3,545","5,448",266,"1,548","2,222","2,027",0,"3,071",30,441,"4,314"
1995,First Unit of Quantity,5701901090,China,1995,square meters,540,742,314,78,99,308,103,4,0,64,0,"2,008"
1995,First Unit of Quantity,5701902010,China,1995,square meters,6,0,0,0,8,0,106,0,0,4,0,0
1995,First Unit of Quantity,5701902030,China,1995,square meters,"2,056",0,0,0,156,0,241,106,0,0,0,0
1995,First Unit of Quantity,5701902090,China,1995,square meters,0,0,50,99,351,27,0,529,85,73,10,31
1995,First Unit of Quantity,5702109010,China,1995,square meters,"6,370","7,246","22,809","22,035","14,860","21,810","20,578","8,714","31,084","18,101","11,209","9,887"
1995,First Unit of Quantity,5702109030,China,1995,square meters,0,0,0,0,0,0,156,0,0,0,0,0
1995,First Unit of Quantity,5702109090,China,1995,square meters,0,0,5,0,0,0,0,0,0,0,"1,710",250
1995,First Unit of Quantity,5702201000,China,1995,square meters,0,0,0,0,0,231,0,0,0,0,0,0
1995,First Unit of Quantity,5702311000,China,1995,square meters,0,0,0,0,0,0,0,0,0,0,0,0
1995,First Unit of Quantity,5702312000,China,1995,square meters,107,0,0,0,"1,996","10,182","4,048","20,693",0,0,0,0
1995,First Unit of Quantity,5702412000,China,1995,square meters,50,"6,501",951,"1,195","2,446","5,233","1,709","2,007",703,150,286,0
1995,First Unit of Quantity,5702422020,China,1995,square meters,0,0,0,0,0,0,0,0,0,0,52,0
1995,First Unit of Quantity,5702422080,China,1995,square meters,0,0,10,0,0,0,0,0,0,0,0,0
1995,First Unit of Quantity,5702491080,China,1995,square meters,0,"6,372",929,"4,320","10,993","4,087","3,104",926,0,"2,707",279,0
1995,First Unit of Quantity,5702491500,China,1995,square meters,0,0,"4,993",0,"5,055","52,603",0,"5,118",0,0,0,0
1995,First Unit of Quantity,5702492000,China,1995,square meters,"1,828","15,147",38,"1,154",0,0,0,0,8,0,243,0
1995,First Unit of Quantity,5702512000,China,1995,square meters,441,0,"1,870",0,0,2,0,286,683,"2,477",0,689
1995,First Unit of Quantity,5702592000,China,1995,square meters,0,"5,437",0,"3,422",0,0,0,0,0,0,111,"7,052"
1995,First Unit of Quantity,5702913000,China,1995,square meters,"4,908",212,650,"1,405","5,030",414,"1,058","5,767","3,953","5,006","1,876","1,884"
1995,First Unit of Quantity,5702914000,China,1995,square meters,335,408,0,7,0,49,0,95,0,0,0,220
1995,First Unit of Quantity,5702920090,China,1995,square meters,0,0,0,0,0,"5,246",0,0,"5,153","14,175","54,060","31,073"
1995,First Unit of Quantity,5702991010,China,1995,square meters,0,0,"9,880",0,0,"5,330",0,0,0,0,0,0
1995,First Unit of Quantity,5702992000,China,1995,square meters,"5,836",43,0,"2,588","5,176","3,612","1,313",86,"6,822","5,485","2,392","1,983"
1995,First Unit of Quantity,5703100000,China,1995,square meters,"205,267","529,811","529,790","568,709","448,841","405,871","513,415","440,205","440,518","219,470","47,457","55,976"
1995,First Unit of Quantity,5703201000,China,1995,square meters,"6,379",0,22,"1,087",232,"1,767",704,"7,546",0,0,0,0
1995,First Unit of Quantity,5703202010,China,1995,square meters,0,0,0,0,752,0,445,0,0,0,0,0
1995,First Unit of Quantity,5703202090,China,1995,square meters,"1,003",0,0,0,0,0,0,0,0,0,0,0
1995,First Unit of Quantity,5703300010,China,1995,square meters,"2,117","4,965","24,113","9,262","21,841","20,032","29,248","27,472","31,905","9,632","11,516",0
1995,First Unit of Quantity,5703300090,China,1995,square meters,"3,016","17,054","13,046","22,165","9,016","11,916","20,022","18,451","31,844","4,136","4,999","1,718"
1995,First Unit of Quantity,5703900000,China,1995,square meters,"5,045",0,"14,773","5,992","19,615","2,238","18,438","12,971","4,356","4,919","10,429","14,901"
1995,First Unit of Quantity,5705002010,China,1995,square meters,"14,922","11,504","29,468","20,691","25,920","15,765","27,805","20,937","28,616","15,288","11,220","4,639"
1995,First Unit of Quantity,5705002020,China,1995,square meters,603,0,0,0,0,0,0,0,0,764,197,0
1995,First Unit of Quantity,5705002030,China,1995,square meters,0,0,0,21,"6,981",0,0,0,0,0,0,0
1995,First Unit of Quantity,5705002090,China,1995,square meters,6,"1,876","2,332","4,653",87,"2,318",116,240,464,"4,468",109,142
1995,First Unit of Quantity,5801100000,China,1995,square meters,0,0,0,0,0,0,0,0,5,0,0,0
1995,First Unit of Quantity,5801210000,China,1995,square meters,0,0,0,0,0,"26,768",0,0,0,0,0,0
1995,First Unit of Quantity,5801221000,China,1995,square meters,0,"2,270","251,529","59,614","1,364","18,664","156,671","38,382","104,655","24,184",0,"107,826"
1995,First Unit of Quantity,5801229000,China,1995,square meters,"1,023",0,"59,380","116,316","275,382","63,041","305,825","43,585",0,"30,611",0,0
1995,First Unit of Quantity,5801230000,China,1995,square meters,0,"2,859","8,413","12,672","51,107",0,"126,434","24,116","31,007","8,446",0,"50,514"
1995,First Unit of Quantity,5801250010,China,1995,square meters,"36,174",0,"103,241",0,"27,254","4,320",0,"20,671",0,"18,604",0,0
1995,First Unit of Quantity,5801250020,China,1995,square meters,0,207,"47,284","146,130","141,332","35,778","119,911","45,581",0,933,92,0
1995,First Unit of Quantity,5801330000,China,1995,square meters,0,0,0,0,0,0,0,0,0,0,0,"8,690"
1995,First Unit of Quantity,5801340000,China,1995,square meters,0,0,0,0,616,0,0,0,0,0,0,0
1995,First Unit of Quantity,5801350010,China,1995,square meters,0,0,152,0,697,"2,144",0,"17,392",0,"8,778",110,0
1995,First Unit of Quantity,5801350020,China,1995,square meters,"10,740","36,688","51,570","66,510","56,881","121,871","97,404","75,155","120,683","35,749","36,179","5,790"
1995,First Unit of Quantity,5801901000,China,1995,square meters,"1,652",0,0,0,0,0,"3,708",0,0,0,0,0
1995,First Unit of Quantity,5801902090,China,1995,square meters,0,0,0,0,245,0,0,0,0,0,0,0
1995,First Unit of Quantity,5803100000,China,1995,square meters,0,0,0,0,0,0,0,0,0,0,0,0
1995,First Unit of Quantity,5804101000,China,1995,kilograms,0,0,0,0,0,0,0,60,0,22,19,0
1995,First Unit of Quantity,5804210000,China,1995,kilograms,78,"1,238","7,100",291,747,500,660,70,"1,304",60,0,37
1995,First Unit of Quantity,5804291000,China,1995,kilograms,124,62,341,73,29,0,346,273,83,0,253,148
1995,First Unit of Quantity,5804299010,China,1995,kilograms,0,0,0,0,0,0,0,6,0,0,0,0
1995,First Unit of Quantity,5804299090,China,1995,kilograms,754,0,354,0,0,78,0,291,0,0,0,314
1995,First Unit of Quantity,5804300020,China,1995,kilograms,600,389,512,400,"3,047","1,355",725,662,"3,450",80,0,0
1995,First Unit of Quantity,5804300090,China,1995,kilograms,148,26,102,24,126,132,31,100,140,23,70,30
1995,First Unit of Quantity,5805001000,China,1995,square meters,0,0,0,19,0,0,0,0,0,14,27,0
1995,First Unit of Quantity,5805002500,China,1995,square meters,"1,290",3,379,"1,242","2,152",0,43,11,105,0,2,0
1995,First Unit of Quantity,5805003000,China,1995,square meters,32,0,0,0,0,0,600,0,85,0,0,75
1995,First Unit of Quantity,5805004090,China,1995,square meters,0,937,0,"2,220",37,0,0,0,0,0,5,0
1995,First Unit of Quantity,5806102400,China,1995,kilograms,0,0,0,0,0,0,0,108,0,0,0,0
1995,First Unit of Quantity,5806200000,China,1995,kilograms,0,0,0,0,0,18,0,0,0,0,0,0
1995,First Unit of Quantity,5806310000,China,1995,kilograms,"6,210","7,160","6,006","11,150","9,843","15,249","10,421","16,483","13,515","13,881",0,"5,416"
1995,First Unit of Quantity,5806321090,China,1995,kilograms,0,21,0,5,8,0,68,247,433,40,0,0
1995,First Unit of Quantity,5806322000,China,1995,kilograms,0,0,0,0,0,"1,370",186,0,0,293,0,"2,070"
1995,First Unit of Quantity,5806393010,China,1995,kilograms,"1,208","1,508","3,099","2,938","4,271","3,144","10,349",0,507,0,308,"2,328"
1995,First Unit of Quantity,5806393020,China,1995,kilograms,0,0,0,254,0,0,0,0,0,0,"1,186",0
1995,First Unit of Quantity,5807100520,China,1995,kilograms,0,60,0,16,0,0,0,0,0,0,0,22
1995,First Unit of Quantity,5807102010,China,1995,kilograms,866,0,0,0,0,0,0,8,0,0,0,0
1995,First Unit of Quantity,5807102020,China,1995,kilograms,0,0,0,0,0,0,"613,392",183,0,215,0,769
1995,First Unit of Quantity,5807102090,China,1995,kilograms,0,0,0,0,0,0,0,50,0,0,0,0
1995,First Unit of Quantity,5807902020,China,1995,kilograms,0,0,0,0,0,26,0,26,0,54,0,50
1995,First Unit of Quantity,5807902090,China,1995,kilograms,3,0,80,34,0,0,0,0,"1,400",0,0,0
1995,First Unit of Quantity,5808104000,China,1995,kilograms,0,0,0,0,43,0,0,0,32,0,0,0
1995,First Unit of Quantity,5808105000,China,1995,kilograms,22,"1,231","2,990","2,034","1,520","2,942",7,246,"3,846",943,"2,468",41
1995,First Unit of Quantity,5808107000,China,1995,kilograms,"1,670",122,869,730,"1,048",479,"1,538","1,727","1,685",243,0,0
1995,First Unit of Quantity,5808109000,China,1995,kilograms,0,63,51,101,81,712,639,277,114,0,23,39
1995,First Unit of Quantity,5808900010,China,1995,kilograms,157,"3,029","1,136","1,957","2,047","1,004","2,128","14,321",267,"1,584","1,400",121
1995,First Unit of Quantity,5808900090,China,1995,kilograms,280,40,385,119,928,515,126,382,276,120,508,817
1995,First Unit of Quantity,5810100000,China,1995,kilograms,0,292,86,32,132,60,13,"1,096",10,9,12,"3,510"
1995,First Unit of Quantity,5810910010,China,1995,kilograms,0,0,23,0,0,0,99,0,5,0,0,0
1995,First Unit of Quantity,5810910020,China,1995,kilograms,104,"1,053",481,752,360,230,"1,888","1,334","1,426",0,0,486
1995,First Unit of Quantity,5810921000,China,1995,kilograms,"17,935","10,275","17,046","14,530","17,559","16,057","16,652","24,399","16,041","18,316","22,103","19,119"
1995,First Unit of Quantity,5810929030,China,1995,kilograms,210,0,0,0,0,0,0,0,0,20,0,0
1995,First Unit of Quantity,5810929050,China,1995,kilograms,0,66,140,304,140,30,30,0,0,0,0,0
1995,First Unit of Quantity,5810929080,China,1995,kilograms,"4,970","3,634","8,073","7,385","5,727","4,348","3,288","6,361","5,313","3,396","2,759","2,679"
1995,First Unit of Quantity,5810999000,China,1995,kilograms,"1,023",235,"1,236",776,"1,446","1,401",917,"1,700","2,984",845,"1,298",689
1995,First Unit of Quantity,5811002000,China,1995,square meters,0,0,0,0,0,0,0,0,"2,694",420,0,0
1995,First Unit of Quantity,5811004000,China,1995,square meters,0,0,0,0,"10,001",0,0,0,0,0,0,0
1995,First Unit of Quantity,5903102090,China,1995,square meters,0,0,0,0,0,0,0,0,0,59,0,0
1995,First Unit of Quantity,5903201000,China,1995,square meters,"104,244",0,"140,608",0,0,0,0,0,0,13,"113,275",0
1995,First Unit of Quantity,5903901000,China,1995,square meters,0,"8,800",0,"27,500","4,403","26,400","22,000","17,600",0,"8,800","3,000","9,350"
1995,First Unit of Quantity,5906100000,China,1995,kilograms,0,0,0,0,0,167,0,0,0,0,0,0
1995,First Unit of Quantity,5906912000,China,1995,square meters,"1,639",0,0,0,0,"10,080",0,"17,172",0,0,0,442
1995,First Unit of Quantity,5906991000,China,1995,square meters,120,120,0,0,208,0,0,0,0,0,0,0
1995,First Unit of Quantity,5908000000,China,1995,kilograms,552,0,830,270,"1,009",0,252,586,0,870,271,0
1995,First Unit of Quantity,5909002000,China,1995,kilograms,0,"14,100",0,0,0,0,"11,975","15,706","11,632","13,019",0,0
1995,First Unit of Quantity,5911102000,China,1995,kilograms,65,0,0,0,0,0,0,0,0,0,0,0
1995,First Unit of Quantity,5911201000,China,1995,square meters,"5,673","10,669","9,634","3,059","1,779","3,059","23,794","18,630","11,486","19,098",0,0
1995,First Unit of Quantity,5911900040,China,1995,kilograms,0,0,0,0,0,0,91,600,"1,655",147,812,0
1995,First Unit of Quantity,5911900080,China,1995,kilograms,"18,886","29,764","1,445","38,716","5,188","41,319","13,671","39,067","26,336","4,426","7,722","27,412"
1995,First Unit of Quantity,6001102000,China,1995,square meters,0,0,0,0,"3,900",0,"5,012",0,0,0,0,0
1995,First Unit of Quantity,6001210000,China,1995,square meters,"77,508",0,"175,010","69,954","113,822","47,358","101,981","269,433","129,113","39,974","37,249",0
1995,First Unit of Quantity,6001910010,China,1995,square meters,0,150,0,0,912,0,0,0,0,0,0,0
1995,First Unit of Quantity,6001920030,China,1995,square meters,0,0,0,0,0,0,0,"1,772",0,0,0,0
1995,First Unit of Quantity,6001920040,China,1995,square meters,0,0,0,0,0,0,"1,706",0,0,0,0,0
1995,First Unit of Quantity,6002201000,China,1995,kilograms,"3,297",0,0,0,0,0,0,0,0,0,0,0
1995,First Unit of Quantity,6002206000,China,1995,kilograms,0,0,5,0,0,0,0,0,0,0,0,0
1995,First Unit of Quantity,6002302000,China,1995,kilograms,0,0,405,0,"1,456",0,0,"5,289",0,0,0,0
1995,First Unit of Quantity,6002420000,China,1995,kilograms,0,0,118,0,0,0,0,454,0,0,0,0
1995,First Unit of Quantity,6002430010,China,1995,kilograms,0,0,0,0,0,0,0,0,0,0,400,0
1995,First Unit of Quantity,6002929000,China,1995,kilograms,0,70,700,0,640,"1,206",426,437,427,426,910,0
1995,First Unit of Quantity,6002991000,China,1995,kilograms,14,0,44,0,0,3,53,0,77,14,0,39
1995,First Unit of Quantity,6002999000,China,1995,kilograms,0,0,0,0,0,0,0,0,0,0,120,0
1995,First Unit of Quantity,6101100000,China,1995,dozens,0,0,0,2,0,132,100,0,0,0,0,0
1995,First Unit of Quantity,6101200010,China,1995,dozens,"6,152",0,0,97,0,914,559,0,255,765,21,0
1995,First Unit of Quantity,6101302010,China,1995,dozens,"4,200","3,041","4,365","5,977","6,902","2,864","3,711","6,937","4,296","2,381","1,771",0
1995,First Unit of Quantity,6102100000,China,1995,dozens,0,0,0,0,0,0,51,78,103,0,0,0
1995,First Unit of Quantity,6102200010,China,1995,dozens,"1,082","1,980",847,0,78,18,504,22,"1,075",200,0,0
1995,First Unit of Quantity,6102200020,China,1995,dozens,0,0,0,0,0,0,0,142,0,213,0,0
1995,First Unit of Quantity,6102301000,China,1995,dozens,0,164,0,0,0,0,0,0,0,0,0,0
1995,First Unit of Quantity,6102302010,China,1995,dozens,62,0,541,384,545,880,"6,112","3,091","2,740","1,416","2,199",14
1995,First Unit of Quantity,6102302020,China,1995,dozens,0,0,0,0,341,262,155,580,0,0,100,0
1995,First Unit of Quantity,6102901000,China,1995,dozens,42,0,32,0,0,50,77,108,216,"1,396",0,0
1995,First Unit of Quantity,6102909030,China,1995,dozens,368,0,0,0,0,0,0,4,101,168,6,0
1995,First Unit of Quantity,6103122000,China,1995,number,"9,107",0,0,0,0,0,0,0,0,0,0,0
1995,First Unit of Quantity,6103332000,China,1995,dozens,2,0,0,0,0,0,0,0,0,0,0,0
1995,First Unit of Quantity,6103394000,China,1995,dozens,731,33,36,0,0,0,0,0,0,0,0,0
1995,First Unit of Quantity,6103421020,China,1995,dozens,10,322,31,0,"2,602","3,991","12,830",929,"1,091","2,902",502,75
1995,First Unit of Quantity,6103421035,China,1995,dozens,60,0,0,0,"1,000",0,0,0,0,0,0,0
1995,First Unit of Quantity,6103421040,China,1995,dozens,0,0,0,0,0,83,0,675,525,0,0,0
1995,First Unit of Quantity,6103421050,China,1995,dozens,29,464,32,19,277,0,"1,354",780,370,0,244,0
1995,First Unit of Quantity,6103421065,China,1995,dozens,99,0,480,0,0,0,0,0,0,0,0,0
1995,First Unit of Quantity,6103421070,China,1995,dozens,592,428,315,0,0,0,18,0,0,0,0,0
1995,First Unit of Quantity,6103422015,China,1995,dozens,0,197,0,0,0,0,0,0,0,0,0,0
1995,First Unit of Quantity,6103431520,China,1995,dozens,"4,788","2,500",933,96,"8,494","14,576","33,556","20,862","26,144","16,851",900,0
1995,First Unit of Quantity,6103431540,China,1995,dozens,"3,400",200,0,"4,367","9,045","8,880","12,026","11,398","3,420","1,600",0,0
1995,First Unit of Quantity,6103431550,China,1995,dozens,"4,000",0,0,258,"1,250",0,600,0,"1,121",600,418,0
1995,First Unit of Quantity,6103491020,China,1995,dozens,0,0,0,0,0,"2,806","1,800",0,"1,006",73,0,0
1995,First Unit of Quantity,6103491060,China,1995,dozens,0,0,0,0,0,300,0,0,0,0,0,0
1995,First Unit of Quantity,6103494010,China,1995,dozens,25,49,834,20,15,473,50,0,"1,329",0,126,289
1995,First Unit of Quantity,6103494020,China,1995,dozens,0,0,0,0,0,69,0,0,0,0,0,0
1995,First Unit of Quantity,6103498014,China,1995,dozens,0,"1,688",0,0,0,0,0,0,0,0,0,0
1995,First Unit of Quantity,6103498024,China,1995,dozens,459,0,0,0,0,0,0,4,0,0,0,0
1995,First Unit of Quantity,6104191500,China,1995,number,0,159,"5,145",0,0,141,0,128,0,267,166,0
1995,First Unit of Quantity,6104194000,China,1995,number,0,0,0,0,0,0,0,0,301,0,0,0
1995,First Unit of Quantity,6104310000,China,1995,dozens,0,0,0,0,0,0,333,872,250,252,"1,262",0
1995,First Unit of Quantity,6104320000,China,1995,dozens,53,695,0,0,26,79,83,73,346,54,105,0
1995,First Unit of Quantity,6104332000,China,1995,dozens,0,0,0,0,0,23,0,0,0,41,0,0
1995,First Unit of Quantity,6104391000,China,1995,dozens,0,0,0,0,0,0,0,0,0,370,38,42
1995,First Unit of Quantity,6104392040,China,1995,dozens,0,0,0,0,0,0,0,590,129,0,0,60
1995,First Unit of Quantity,6104392050,China,1995,dozens,0,0,0,0,0,0,0,0,0,0,100,0
1995,First Unit of Quantity,6104392090,China,1995,dozens,"1,105",0,0,0,0,0,0,0,0,0,0,100
1995,First Unit of Quantity,6104410010,China,1995,dozens,84,1,0,0,108,494,66,569,275,54,229,3
1995,First Unit of Quantity,6104420010,China,1995,dozens,"2,530","5,375","9,425","2,188","5,049",200,5,0,0,0,0,0
1995,First Unit of Quantity,6104420020,China,1995,dozens,0,88,0,0,312,0,0,0,0,0,0,0
1995,First Unit of Quantity,6104431010,China,1995,dozens,0,92,0,0,0,49,461,"2,271","1,641",15,3,0
1995,First Unit of Quantity,6104431020,China,1995,dozens,0,0,0,0,0,0,18,0,0,0,0,0
1995,First Unit of Quantity,6104432010,China,1995,dozens,"1,733",905,"1,815",157,"1,408","2,317","1,188",139,115,44,249,101
1995,First Unit of Quantity,6104432020,China,1995,dozens,0,25,0,0,0,0,0,0,0,0,0,0
1995,First Unit of Quantity,6104441000,China,1995,dozens,0,0,0,0,0,0,0,56,0,0,0,0
1995,First Unit of Quantity,6104442010,China,1995,dozens,"1,905",6,102,69,568,426,0,0,0,180,0,0
1995,First Unit of Quantity,6104491000,China,1995,dozens,494,143,354,636,0,168,8,20,0,74,915,4
1995,First Unit of Quantity,6104499020,China,1995,dozens,66,0,0,0,0,0,0,0,11,11,0,0
1995,First Unit of Quantity,6104499060,China,1995,dozens,0,3,0,0,94,0,0,0,0,0,0,0
1995,First Unit of Quantity,6104510000,China,1995,dozens,0,0,0,0,0,"1,836","1,233",196,738,516,108,0
1995,First Unit of Quantity,6104520010,China,1995,dozens,340,576,657,296,643,67,38,122,0,0,0,0
1995,First Unit of Quantity,6104520020,China,1995,dozens,0,0,0,0,610,244,0,0,0,0,0,0
1995,First Unit of Quantity,6104531000,China,1995,dozens,0,0,0,0,239,0,475,"1,080",615,0,0,0
1995,First Unit of Quantity,6104532010,China,1995,dozens,"1,542","2,659","1,901",73,"1,457","2,644","3,614","2,785","1,914",596,0,0
1995,First Unit of Quantity,6104591005,China,1995,dozens,0,0,0,0,0,0,485,"1,786",180,0,45,0
1995,First Unit of Quantity,6104591030,China,1995,dozens,0,120,79,0,20,8,6,0,114,0,0,0
1995,First Unit of Quantity,6104594000,China,1995,dozens,341,163,942,93,286,0,0,45,370,715,0,182
1995,First Unit of Quantity,6104598020,China,1995,dozens,0,0,0,0,0,55,0,0,0,0,0,0
1995,First Unit of Quantity,6104598090,China,1995,dozens,0,0,0,142,0,0,520,0,970,0,0,0
1995,First Unit of Quantity,6104610010,China,1995,dozens,0,0,0,0,0,956,142,15,206,0,0,0
1995,First Unit of Quantity,6104621030,China,1995,dozens,0,"6,276",0,0,0,0,73,0,0,0,0,0
1995,First Unit of Quantity,6104622010,China,1995,dozens,102,"2,669","1,497",376,462,"3,445","3,347","4,840","4,234","2,684","2,773","2,276"
1995,First Unit of Quantity,6104622015,China,1995,dozens,0,0,0,0,0,0,91,0,0,0,0,0
1995,First Unit of Quantity,6104622025,China,1995,dozens,0,431,0,0,0,0,0,0,491,0,0,0
1995,First Unit of Quantity,6104622030,China,1995,dozens,"18,902","8,770",509,"1,923","2,128",109,63,891,40,0,13,661
1995,First Unit of Quantity,6104622050,China,1995,dozens,0,0,0,"2,462",0,0,0,0,0,0,0,0
1995,First Unit of Quantity,6104622060,China,1995,dozens,0,592,432,0,0,0,0,0,0,0,0,0
1995,First Unit of Quantity,6104631510,China,1995,dozens,0,0,0,0,260,0,22,203,339,0,0,0
1995,First Unit of Quantity,6104632010,China,1995,dozens,427,"2,447",480,"2,136","2,054","6,275","14,963","39,511","42,689","43,060","11,916","4,634"
1995,First Unit of Quantity,6104632025,China,1995,dozens,0,0,0,0,0,"1,500","7,444","4,423","1,795",370,0,0
1995,First Unit of Quantity,6104632030,China,1995,dozens,328,847,"2,853",779,"1,406",584,973,0,9,339,200,"6,362"
1995,First Unit of Quantity,6104632060,China,1995,dozens,"2,904",885,0,0,0,0,0,0,0,"1,534",0,273
1995,First Unit of Quantity,6104692005,China,1995,dozens,0,0,0,0,0,0,0,0,25,0,0,0
1995,First Unit of Quantity,6104692030,China,1995,dozens,0,53,0,0,0,0,0,61,"1,341",0,0,0
1995,First Unit of Quantity,6104694010,China,1995,dozens,0,39,0,0,0,0,0,0,96,0,74,0
1995,First Unit of Quantity,6104694020,China,1995,dozens,600,507,"1,069",480,829,58,185,533,16,269,26,"1,099"
1995,First Unit of Quantity,6104698024,China,1995,dozens,0,0,0,0,0,0,0,0,5,0,0,0
1995,First Unit of Quantity,6104698038,China,1995,dozens,0,0,0,0,0,0,0,0,0,0,875,10
1995,First Unit of Quantity,6105100010,China,1995,dozens,"67,599","86,799","73,681","61,876","86,802","72,190","65,750","88,867","49,824","17,430","5,852","2,748"
1995,First Unit of Quantity,6105100020,China,1995,dozens,"34,248","11,471","2,817",0,0,"2,602","5,058","2,867","2,008","16,277","16,635","6,463"
1995,First Unit of Quantity,6105100030,China,1995,dozens,"5,119","6,317","3,811","2,239","2,505","8,384","6,120","3,646","4,874",0,30,0
1995,First Unit of Quantity,6105202010,China,1995,dozens,"19,755","23,485","3,276",976,"14,063","20,950","41,755","20,071","21,623","4,515",130,0
1995,First Unit of Quantity,6105202020,China,1995,dozens,"1,722",0,"1,414",0,0,"1,550",240,"4,405","4,982",0,0,0
1995,First Unit of Quantity,6105202030,China,1995,dozens,"2,500","4,184",0,"1,300","2,400","9,814","7,572","4,855","1,266",210,0,0
1995,First Unit of Quantity,6105901000,China,1995,dozens,0,64,0,0,136,0,0,0,0,454,0,0
1995,First Unit of Quantity,6105904000,China,1995,dozens,833,"2,234","1,221","1,547",222,"2,325",706,"1,730","1,315",339,847,"2,621"
1995,First Unit of Quantity,6105908020,China,1995,dozens,0,0,0,60,0,0,115,0,0,0,0,0
1995,First Unit of Quantity,6105908030,China,1995,dozens,0,0,0,210,0,0,0,0,0,0,0,0
1995,First Unit of Quantity,6105908060,China,1995,dozens,246,"6,476","6,509","1,844",795,0,0,0,0,0,0,0
1995,First Unit of Quantity,6106100010,China,1995,dozens,"5,450","17,617","8,967","12,370","33,468","29,541","18,351","21,169","6,619",415,0,0
1995,First Unit of Quantity,6106100020,China,1995,dozens,"4,750","13,139","6,349","2,462",0,"3,100","11,861","9,054","9,399","6,816",774,"5,358"
1995,First Unit of Quantity,6106100030,China,1995,dozens,0,0,0,0,0,634,89,"3,112",0,0,0,0
1995,First Unit of Quantity,6106201010,China,1995,dozens,11,14,0,0,0,0,0,67,44,253,0,0
1995,First Unit of Quantity,6106202010,China,1995,dozens,"10,063","6,352","14,507","10,788","13,888","13,162","18,840","37,799","23,000","6,503",0,0
1995,First Unit of Quantity,6106202030,China,1995,dozens,902,550,0,0,0,0,0,0,0,0,0,0
1995,First Unit of Quantity,6106901010,China,1995,dozens,3,0,0,0,0,0,700,0,0,0,0,0
1995,First Unit of Quantity,6106901500,China,1995,dozens,"37,403","22,480","34,029","28,072","26,500","36,388","49,622","43,694","27,292","28,962","16,109","16,053"
1995,First Unit of Quantity,6106902520,China,1995,dozens,0,0,0,0,0,0,18,0,0,0,0,0
1995,First Unit of Quantity,6106902550,China,1995,dozens,68,0,0,0,0,0,0,0,0,0,190,0
1995,First Unit of Quantity,6106903020,China,1995,dozens,1,0,0,0,0,0,0,0,0,0,0,0
1995,First Unit of Quantity,6106903040,China,1995,dozens,"1,937","2,994","1,724","1,425",0,0,0,0,"1,053",0,83,478
1995,First Unit of Quantity,6107110010,China,1995,dozens,"20,077",0,"15,824","21,846","24,804","4,473","1,008",0,0,0,"7,000",24
1995,First Unit of Quantity,6107110020,China,1995,dozens,"8,466",0,0,0,"5,000",0,0,0,0,0,0,0
1995,First Unit of Quantity,6107120010,China,1995,dozens,600,0,200,0,"10,750",0,600,"1,254","7,860","2,556","1,000","10,756"
1995,First Unit of Quantity,6107120020,China,1995,dozens,"3,450","4,699",0,0,"3,398",0,0,0,400,0,0,0
1995,First Unit of Quantity,6107191000,China,1995,dozens,"1,320","2,596",852,"1,728","2,095","2,929","4,475","5,286","4,794","5,471","2,060","1,894"
1995,First Unit of Quantity,6107199000,China,1995,dozens,0,0,160,0,0,0,0,0,0,0,0,0
1995,First Unit of Quantity,6107210010,China,1995,dozens,0,0,0,0,0,416,"6,454",650,"2,216",0,0,0
1995,First Unit of Quantity,6107210020,China,1995,dozens,0,0,0,0,0,0,752,0,0,0,0,0
1995,First Unit of Quantity,6107220010,China,1995,dozens,0,0,0,0,0,0,0,0,"1,020",0,0,0
1995,First Unit of Quantity,6107295000,China,1995,dozens,0,0,0,0,0,0,0,400,0,0,0,0
1995,First Unit of Quantity,6107910030,China,1995,dozens,0,0,0,0,0,0,0,"2,198",534,444,0,0
1995,First Unit of Quantity,6107910040,China,1995,dozens,0,0,0,0,0,0,106,960,0,0,0,2
1995,First Unit of Quantity,6107995013,China,1995,dozens,0,216,0,0,0,0,0,0,0,0,0,0
1995,First Unit of Quantity,6107995015,China,1995,dozens,0,0,0,0,0,63,0,0,0,0,0,0
1995,First Unit of Quantity,6108110010,China,1995,dozens,"2,696",0,129,73,"3,658",0,255,277,"4,040",332,0,97
1995,First Unit of Quantity,6108191000,China,1995,dozens,306,44,0,58,12,33,17,85,0,105,33,109
1995,First Unit of Quantity,6108210010,China,1995,dozens,"10,680","3,599","16,651","3,557","6,703","1,470",163,0,0,0,0,0
1995,First Unit of Quantity,6108221000,China,1995,dozens,"1,100",0,0,11,0,0,0,0,0,0,0,37
1995,First Unit of Quantity,6108229020,China,1995,dozens,"113,551","80,642","46,843","59,136","99,582","64,418","101,074","112,340","76,325","99,495","78,757","135,706"
1995,First Unit of Quantity,6108229030,China,1995,dozens,0,0,0,0,"2,171",0,0,0,0,0,0,0
1995,First Unit of Quantity,6108291000,China,1995,dozens,493,589,724,0,172,504,609,"4,058",722,478,591,579
1995,First Unit of Quantity,6108310010,China,1995,dozens,"6,602","9,337","9,365","7,642","5,131","5,243","10,497","11,468","5,926","12,755","7,767","8,801"
1995,First Unit of Quantity,6108310020,China,1995,dozens,0,0,0,0,0,0,0,0,396,0,0,0
1995,First Unit of Quantity,6108320010,China,1995,dozens,415,0,0,100,"1,041",551,"1,318","3,815","8,803","4,475","12,870","2,903"
1995,First Unit of Quantity,6108320025,China,1995,dozens,55,0,0,0,0,0,0,0,0,0,0,0
1995,First Unit of Quantity,6108391000,China,1995,dozens,0,13,0,0,0,0,0,0,0,0,0,0
1995,First Unit of Quantity,6108394000,China,1995,dozens,38,131,295,24,522,12,"1,462","1,153",619,"1,685",404,822
1995,First Unit of Quantity,6108398000,China,1995,dozens,0,0,0,0,0,0,0,0,0,23,0,0
1995,First Unit of Quantity,6108910005,China,1995,dozens,"2,700",0,0,0,272,0,0,0,0,0,0,0
1995,First Unit of Quantity,6108910015,China,1995,dozens,0,0,0,0,120,0,0,0,0,0,0,0
1995,First Unit of Quantity,6108910030,China,1995,dozens,543,205,95,830,0,7,283,638,588,"1,960","2,325",107
1995,First Unit of Quantity,6108920005,China,1995,dozens,0,0,0,"1,200",0,0,0,0,"1,100",0,83,0
1995,First Unit of Quantity,6108920015,China,1995,dozens,"6,874","3,892","2,610","1,821","2,957","1,583","5,756","8,619","22,786","8,019","3,068","2,444"
1995,First Unit of Quantity,6108920030,China,1995,dozens,863,0,158,0,115,611,"1,870","3,116","7,670","5,605","2,545",143
1995,First Unit of Quantity,6108992000,China,1995,dozens,0,0,0,0,0,0,21,10,3,0,0,0
1995,First Unit of Quantity,6108995013,China,1995,dozens,"1,022",115,154,"2,524","2,721","4,670","7,095","7,578","6,752","7,017","1,354",912
1995,First Unit of Quantity,6108995015,China,1995,dozens,0,0,0,11,0,4,29,51,394,0,32,25
1995,First Unit of Quantity,6109100005,China,1995,dozens,"160,508","30,720","12,000","20,116","60,142","62,600",0,"6,200",160,0,0,"17,719"
1995,First Unit of Quantity,6109100009,China,1995,dozens,"48,478","109,190","7,670","30,000","11,094","8,600","3,050",0,0,0,"13,800","61,840"
1995,First Unit of Quantity,6109100012,China,1995,dozens,"6,237","21,501","9,029","20,651","17,858","6,136","9,467","1,372","6,530","3,109","1,580","5,957"
1995,First Unit of Quantity,6109100014,China,1995,dozens,"5,822","3,972","10,538",0,"3,000",44,"3,000",0,"4,000",0,0,0
1995,First Unit of Quantity,6109100018,China,1995,dozens,"1,130",0,0,"2,720","2,354","3,000",0,0,"2,000",0,0,0
1995,First Unit of Quantity,6109100027,China,1995,dozens,0,"1,728",367,625,412,225,330,0,6,0,0,0
1995,First Unit of Quantity,6109100037,China,1995,dozens,"4,422",0,151,435,0,0,0,0,0,0,0,0
1995,First Unit of Quantity,6109100040,China,1995,dozens,"26,675","5,050","20,569","15,534","22,604","2,383","5,273","6,478","16,401",534,"11,446","1,296"
1995,First Unit of Quantity,6109100045,China,1995,dozens,0,"1,320",80,"2,085",919,0,96,0,27,0,0,0
1995,First Unit of Quantity,6109100060,China,1995,dozens,"2,704",462,597,0,105,0,0,0,51,64,0,0
1995,First Unit of Quantity,6109100070,China,1995,dozens,750,"7,095",407,"1,869",294,811,445,210,36,0,0,0
1995,First Unit of Quantity,6109901007,China,1995,dozens,0,"1,500",0,0,"2,796",0,100,0,0,0,0,0
1995,First Unit of Quantity,6109901009,China,1995,dozens,0,0,0,0,0,0,0,0,0,0,0,"2,720"
1995,First Unit of Quantity,6109901013,China,1995,dozens,0,0,0,0,0,900,0,900,552,0,0,0
1995,First Unit of Quantity,6109901047,China,1995,dozens,"4,200","4,699",0,0,"2,148",0,300,450,"3,000","1,248",0,648
1995,First Unit of Quantity,6109901049,China,1995,dozens,0,0,0,0,0,0,0,500,0,0,0,0
1995,First Unit of Quantity,6109901050,China,1995,dozens,689,"3,386","8,374",82,"4,868",0,"1,004",949,"1,124",40,0,0
1995,First Unit of Quantity,6109901060,China,1995,dozens,0,0,0,0,0,0,0,104,0,0,0,0
1995,First Unit of Quantity,6109901065,China,1995,dozens,0,0,234,0,0,0,0,43,0,0,0,0
1995,First Unit of Quantity,6109901075,China,1995,dozens,0,0,0,0,0,0,0,0,"3,800",58,0,0
1995,First Unit of Quantity,6109901090,China,1995,dozens,152,0,490,0,0,0,0,0,0,0,0,0
1995,First Unit of Quantity,6109904010,China,1995,dozens,138,42,7,0,980,"1,757","1,536","4,423","1,623","2,327",361,743
1995,First Unit of Quantity,6109904020,China,1995,dozens,"5,468","2,926","5,015","3,163","2,070","6,918","11,951","12,222","8,320","7,961","4,448","4,679"
1995,First Unit of Quantity,6109908020,China,1995,dozens,0,0,0,0,0,0,0,0,0,0,8,0
1995,First Unit of Quantity,6109908030,China,1995,dozens,0,"4,188",723,0,0,56,0,0,473,0,0,0
1995,First Unit of Quantity,6110101010,China,1995,dozens,5,66,101,15,294,"3,467","2,221","1,143","1,963","1,180",8,0
1995,First Unit of Quantity,6110101020,China,1995,dozens,187,345,5,316,"1,566","5,014","4,860","5,850","5,837","3,637",129,0
1995,First Unit of Quantity,6110101030,China,1995,dozens,2,0,0,0,0,6,12,68,58,13,0,0
1995,First Unit of Quantity,6110101040,China,1995,dozens,1,0,0,0,0,25,17,28,25,3,0,0
1995,First Unit of Quantity,6110101050,China,1995,dozens,11,0,0,0,94,377,812,826,592,"2,459",0,0
1995,First Unit of Quantity,6110101060,China,1995,dozens,20,151,10,4,"1,506","1,013","2,102","4,425","2,539","3,793",0,0
1995,First Unit of Quantity,6110102010,China,1995,dozens,210,0,0,"1,309","1,296","3,436","9,287","6,520","12,047","7,753",5,800
1995,First Unit of Quantity,6110102020,China,1995,dozens,0,0,0,0,0,0,263,63,"1,185",48,0,0
1995,First Unit of Quantity,6110102030,China,1995,dozens,438,316,"1,819","1,062","1,495","8,450","16,394","22,524","27,113","35,381","1,383",162
1995,First Unit of Quantity,6110102040,China,1995,dozens,0,0,0,0,0,50,44,664,264,258,0,0
1995,First Unit of Quantity,6110102050,China,1995,dozens,0,0,0,0,0,112,51,0,0,0,0,0
1995,First Unit of Quantity,6110102060,China,1995,dozens,0,0,0,0,0,0,0,0,143,0,0,0
1995,First Unit of Quantity,6110102070,China,1995,dozens,0,0,0,0,0,0,75,116,405,450,0,0
1995,First Unit of Quantity,6110102080,China,1995,dozens,0,0,0,0,4,"1,113",455,"3,296","1,993",765,0,0
1995,First Unit of Quantity,6110201010,China,1995,dozens,0,0,0,0,29,200,98,0,0,0,0,0
1995,First Unit of Quantity,6110201020,China,1995,dozens,0,0,0,5,0,825,0,142,0,2,0,0
1995,First Unit of Quantity,6110201022,China,1995,dozens,0,0,0,0,0,13,0,0,0,0,0,0
1995,First Unit of Quantity,6110201024,China,1995,dozens,0,0,0,0,0,0,54,204,0,0,0,0
1995,First Unit of Quantity,6110201025,China,1995,dozens,0,0,0,0,0,0,198,0,0,0,0,0
1995,First Unit of Quantity,6110201030,China,1995,dozens,0,0,0,0,508,0,0,0,0,0,0,0
1995,First Unit of Quantity,6110202005,China,1995,dozens,"41,479","20,734","9,775","1,908","6,641","6,363","12,231","19,758","11,103","3,344","3,700",910
1995,First Unit of Quantity,6110202010,China,1995,dozens,310,"1,582",464,"1,056","2,306","1,920","2,335","8,880","7,503","3,431","1,649",736
1995,First Unit of Quantity,6110202015,China,1995,dozens,0,0,0,50,64,49,0,221,"1,938",48,71,239
1995,First Unit of Quantity,6110202020,China,1995,dozens,"2,634","5,754",916,"1,581","1,670","3,824","9,290","12,563","10,715","7,812","5,518","2,898"
1995,First Unit of Quantity,6110202025,China,1995,dozens,41,0,0,0,0,247,184,48,"1,509",75,115,355
1995,First Unit of Quantity,6110202030,China,1995,dozens,364,4,112,0,0,0,397,88,36,"1,341",201,0
1995,First Unit of Quantity,6110202035,China,1995,dozens,100,"1,692",785,136,531,832,78,"1,288",216,"1,090",898,"2,489"
1995,First Unit of Quantity,6110202040,China,1995,dozens,"8,218","17,397","12,212","27,618","55,132","62,777","56,210","97,137","53,465","1,005",0,742
1995,First Unit of Quantity,6110202045,China,1995,dozens,100,"4,176","8,667","7,650","4,344","6,037","6,533","16,852","4,711","2,188",870,0
1995,First Unit of Quantity,6110202065,China,1995,dozens,"19,979","25,885","24,030","26,715","30,902","28,698","43,461","28,806","26,958","1,099",573,"1,073"
1995,First Unit of Quantity,6110202075,China,1995,dozens,"38,608","33,979","29,081","25,559","19,392","13,492","54,124","36,916","12,621",202,935,0
1995,First Unit of Quantity,6110301020,China,1995,dozens,0,0,0,3,0,0,10,0,175,0,0,0
1995,First Unit of Quantity,6110301050,China,1995,dozens,0,0,0,0,0,0,0,0,0,0,0,0
1995,First Unit of Quantity,6110301510,China,1995,dozens,0,0,0,0,0,62,0,210,40,0,93,0
1995,First Unit of Quantity,6110301520,China,1995,dozens,176,385,"3,311",452,872,"5,856","11,792","18,312","14,472","10,024","1,678",120
1995,First Unit of Quantity,6110301540,China,1995,dozens,0,0,0,0,0,0,753,939,317,309,0,0
1995,First Unit of Quantity,6110301550,China,1995,dozens,0,0,0,0,0,0,0,0,0,89,0,0
1995,First Unit of Quantity,6110301560,China,1995,dozens,16,0,0,0,879,336,914,"6,187","1,020","2,771",0,0
1995,First Unit of Quantity,6110302020,China,1995,dozens,0,0,0,0,0,0,"1,392",29,916,0,0,0
1995,First Unit of Quantity,6110302030,China,1995,dozens,0,0,0,0,19,0,0,0,0,0,0,5
1995,First Unit of Quantity,6110302040,China,1995,dozens,0,0,0,0,0,0,0,0,0,0,0,0
1995,First Unit of Quantity,6110303005,China,1995,dozens,0,0,0,0,94,0,0,0,0,0,0,0
1995,First Unit of Quantity,6110303010,China,1995,dozens,346,75,400,"1,024",0,"11,878","14,917","29,537","17,054","8,207","1,965","1,037"
1995,First Unit of Quantity,6110303015,China,1995,dozens,0,0,0,"5,150","4,350",0,"2,599","3,870","6,162",777,0,550
1995,First Unit of Quantity,6110303020,China,1995,dozens,"8,758","6,469","1,650",820,"25,774","69,340","110,223","134,256","135,703","83,535","10,632","4,436"
1995,First Unit of Quantity,6110303025,China,1995,dozens,544,300,0,"12,285","22,854","25,210","22,402","16,321","7,410","6,543","1,584","1,800"
1995,First Unit of Quantity,6110303030,China,1995,dozens,0,0,0,654,"3,546",0,442,33,0,0,0,0
1995,First Unit of Quantity,6110303035,China,1995,dozens,"1,254",68,170,149,383,613,"1,496","1,499",251,0,0,0
1995,First Unit of Quantity,6110303040,China,1995,dozens,"10,045","11,499","13,637","24,805","99,410","135,325","123,373","123,917","80,807","36,372",0,120
1995,First Unit of Quantity,6110303045,China,1995,dozens,"7,868","3,983",0,0,510,"11,719","17,153","16,924","9,175","9,845",0,0
1995,First Unit of Quantity,6110303050,China,1995,dozens,"11,200","2,657","4,379","4,596","16,818","38,413","111,494","94,119","75,719","36,281",905,0
1995,First Unit of Quantity,6110303055,China,1995,dozens,"16,252","43,306","31,008","28,017","57,812","72,048","165,601","184,951","153,664","26,508","1,316","3,974"
1995,First Unit of Quantity,6110901010,China,1995,dozens,320,89,682,545,25,150,100,"1,001",748,127,815,24
1995,First Unit of Quantity,6110901020,China,1995,dozens,"17,493","11,207","7,428","5,345","13,701","10,127","9,583","9,586","4,152","7,966","13,540","9,480"
1995,First Unit of Quantity,6110901030,China,1995,dozens,0,0,0,0,0,0,135,0,0,241,0,0
1995,First Unit of Quantity,6110901040,China,1995,dozens,"12,808","2,016","1,779",0,"12,157","1,626",102,30,65,841,124,362
1995,First Unit of Quantity,6110901050,China,1995,dozens,"2,337",367,200,743,"4,296","1,125",907,"1,130",706,817,468,"1,081"
1995,First Unit of Quantity,6110901060,China,1995,dozens,"71,818","33,350","34,658","46,913","50,385","38,396","47,086","64,294","40,399","50,868","48,131","68,231"
1995,First Unit of Quantity,6110909010,China,1995,dozens,0,5,0,0,0,0,0,368,0,463,10,0
1995,First Unit of Quantity,6110909012,China,1995,dozens,0,0,0,0,21,0,0,0,26,214,18,0
1995,First Unit of Quantity,6110909018,China,1995,dozens,61,"1,428",513,329,441,887,814,0,246,326,479,6
1995,First Unit of Quantity,6110909020,China,1995,dozens,151,108,0,0,0,0,81,569,922,0,27,6
1995,First Unit of Quantity,6110909022,China,1995,dozens,"9,582","4,658","2,996","7,725","22,524","30,373","70,345","49,002","41,401","29,623","27,687","5,052"
1995,First Unit of Quantity,6110909024,China,1995,dozens,"2,624","3,574",678,202,"5,108","23,112","31,320","23,591","37,180","13,344","25,373","2,830"
1995,First Unit of Quantity,6110909026,China,1995,dozens,17,50,0,0,0,292,47,"1,629",263,68,0,0
1995,First Unit of Quantity,6110909028,China,1995,dozens,85,6,0,156,251,477,375,445,"1,026","1,709",68,50
1995,First Unit of Quantity,6110909030,China,1995,dozens,0,0,0,0,0,0,196,537,"2,751",16,0,300
1995,First Unit of Quantity,6110909036,China,1995,dozens,"4,723","1,247",239,"3,182","13,743","4,988","7,232","13,861","9,033","11,751","4,251",483
1995,First Unit of Quantity,6110909038,China,1995,dozens,0,92,0,0,0,"2,125","3,252","8,176","10,146","3,269","10,499",583
1995,First Unit of Quantity,6110909040,China,1995,dozens,"138,537","65,571","23,610","50,928","106,202","174,055","159,138","185,484","168,251","178,553","100,829","58,502"
1995,First Unit of Quantity,6110909042,China,1995,dozens,"46,518","48,583","10,818","14,126","78,215","235,542","247,179","275,878","264,389","293,052","120,433","56,714"
1995,First Unit of Quantity,6110909044,China,1995,dozens,20,0,0,0,0,0,0,0,0,0,0,0
1995,First Unit of Quantity,6110909050,China,1995,dozens,1,0,0,0,0,0,0,0,0,0,0,0
1995,First Unit of Quantity,6110909054,China,1995,dozens,0,9,0,0,0,0,0,0,177,0,0,0
1995,First Unit of Quantity,6110909064,China,1995,dozens,630,0,241,0,0,0,0,0,0,0,3,0
1995,First Unit of Quantity,6110909066,China,1995,dozens,22,427,50,100,0,121,0,0,0,0,0,0
1995,First Unit of Quantity,6110909072,China,1995,dozens,0,0,0,0,78,0,0,28,0,0,0,0
1995,First Unit of Quantity,6110909074,China,1995,dozens,8,103,5,0,138,"1,627",400,267,0,37,0,0
1995,First Unit of Quantity,6110909078,China,1995,dozens,0,0,0,0,0,0,0,54,0,0,0,0
1995,First Unit of Quantity,6110909088,China,1995,dozens,923,"1,502","3,751",0,0,0,0,0,0,0,0,0
1995,First Unit of Quantity,6110909090,China,1995,dozens,"3,380","7,461","2,522","3,334","2,592",477,0,29,378,0,0,113
1995,First Unit of Quantity,6111100010,China,1995,dozens,0,0,0,0,0,0,64,17,0,0,0,0
1995,First Unit of Quantity,6111100030,China,1995,dozens,0,0,0,0,0,0,24,0,0,0,0,0
1995,First Unit of Quantity,6111201000,China,1995,dozens,0,"2,272",462,766,533,0,652,"1,917","3,128","1,976","1,050","1,657"
1995,First Unit of Quantity,6111202000,China,1995,dozens,70,"1,577","5,285",0,"1,023",0,"9,000",0,422,0,465,102
1995,First Unit of Quantity,6111203000,China,1995,dozens,"2,351","1,574","1,721","1,214",132,166,"2,153","1,546","2,463","2,790","1,205","1,660"
1995,First Unit of Quantity,6111204000,China,1995,dozens,0,146,0,0,484,270,0,0,461,386,70,107
1995,First Unit of Quantity,6111205000,China,1995,dozens,0,971,650,328,241,"4,780",124,669,216,301,161,123
1995,First Unit of Quantity,6111206010,China,1995,dozens,"22,252","15,103","10,990","9,524","6,788","4,633","1,446","4,617","8,894","16,951","6,324","3,159"
1995,First Unit of Quantity,6111206020,China,1995,dozens,"20,849","24,212","1,789","5,007","20,169","15,862","21,333","12,125","11,412","7,732","4,056","8,837"
1995,First Unit of Quantity,6111206030,China,1995,dozens,"23,123","17,756","2,319",0,352,"9,493","16,923","20,802","3,897","18,453","20,185","15,328"
1995,First Unit of Quantity,6111206040,China,1995,dozens,"47,807","68,201","18,964","54,539","68,642","107,015","70,692","99,937","74,445","96,310","59,578","67,420"
1995,First Unit of Quantity,6111302000,China,1995,dozens,0,0,0,0,0,0,0,17,0,0,0,0
1995,First Unit of Quantity,6111304000,China,1995,dozens,0,0,0,624,0,410,258,"1,458",422,"2,136",20,0
1995,First Unit of Quantity,6111305010,China,1995,dozens,0,0,215,0,0,0,0,0,0,0,0,0
1995,First Unit of Quantity,6111305020,China,1995,dozens,0,"2,804",0,0,0,"1,820","3,154",880,"1,276","3,000",0,0
1995,First Unit of Quantity,6111305030,China,1995,dozens,"1,031",0,0,0,0,0,0,562,0,0,0,0
1995,First Unit of Quantity,6111305040,China,1995,dozens,313,"1,226","8,496","1,344","1,008","1,405","4,298","4,110","4,674","2,142","3,321","2,000"
1995,First Unit of Quantity,6111904000,China,1995,dozens,0,0,0,0,0,0,60,0,0,0,0,0
1995,First Unit of Quantity,6111905040,China,1995,dozens,0,0,0,0,0,0,0,180,0,0,0,0
1995,First Unit of Quantity,6111909000,China,1995,dozens,272,630,0,0,0,415,0,0,100,164,0,0
1995,First Unit of Quantity,6112110020,China,1995,dozens,0,0,0,0,0,0,0,0,0,396,0,0
1995,First Unit of Quantity,6112110060,China,1995,dozens,0,0,0,0,0,0,0,0,0,396,0,0
1995,First Unit of Quantity,6112120010,China,1995,dozens,0,0,0,0,0,0,"1,300","2,064",0,"1,000",832,0
1995,First Unit of Quantity,6112120020,China,1995,dozens,"5,000",0,0,0,0,0,"3,101",767,"1,052","1,222","1,078",380
1995,First Unit of Quantity,6112120030,China,1995,dozens,0,0,0,0,750,0,0,0,"1,000",0,0,0
1995,First Unit of Quantity,6112120040,China,1995,dozens,"1,508",0,"1,965",0,"9,471","10,933","14,967","25,518","44,037","9,787",100,0
1995,First Unit of Quantity,6112120050,China,1995,dozens,0,0,0,0,750,0,"1,300","2,380","1,000","1,000",826,0
1995,First Unit of Quantity,6112120060,China,1995,dozens,"6,510",0,"1,965",0,"10,291","10,933","15,067","25,678","45,024","11,009","1,178",380
1995,First Unit of Quantity,6112194040,China,1995,dozens,0,0,0,0,0,62,0,0,0,0,0,0
1995,First Unit of Quantity,6112201010,China,1995,dozens,0,0,0,0,0,0,41,0,0,0,0,0
1995,First Unit of Quantity,6112310010,China,1995,dozens,0,0,"1,399",250,158,500,130,0,171,0,64,634
1995,First Unit of Quantity,6112310020,China,1995,dozens,0,0,0,441,100,0,0,0,0,0,0,0
1995,First Unit of Quantity,6112390010,China,1995,dozens,0,0,603,0,0,626,0,0,0,0,0,0
1995,First Unit of Quantity,6112410010,China,1995,dozens,"5,736",605,"12,811","8,075","2,588","4,921","1,757","3,835","1,721","1,811","1,641","4,727"
1995,First Unit of Quantity,6112410030,China,1995,dozens,"2,229",62,"1,589",273,286,0,0,0,0,0,0,134
1995,First Unit of Quantity,6112490010,China,1995,dozens,532,829,762,132,330,80,0,0,0,0,0,"1,453"
1995,First Unit of Quantity,6113001005,China,1995,dozens,44,133,160,0,0,0,"2,221",208,0,76,"1,065","1,270"
1995,First Unit of Quantity,6113001010,China,1995,dozens,652,85,0,193,346,153,"1,365","2,021",450,"5,500","3,946",387
1995,First Unit of Quantity,6113001012,China,1995,dozens,0,152,62,29,15,495,748,935,272,"2,089","2,585",959
1995,First Unit of Quantity,6113009025,China,1995,dozens,0,0,0,0,0,0,0,316,0,0,0,0
1995,First Unit of Quantity,6113009065,China,1995,dozens,984,539,622,191,35,220,156,371,59,0,0,0
1995,First Unit of Quantity,6113009070,China,1995,dozens,8,13,18,75,8,0,70,0,1,0,0,0
1995,First Unit of Quantity,6113009084,China,1995,dozens,389,76,345,208,9,83,48,436,37,3,54,0
1995,First Unit of Quantity,6113009086,China,1995,dozens,"1,322",9,174,5,0,0,22,30,3,0,17,0
1995,First Unit of Quantity,6114100020,China,1995,dozens,12,0,0,0,0,0,0,0,0,0,0,0
1995,First Unit of Quantity,6114100040,China,1995,dozens,17,0,0,0,0,0,0,0,0,0,0,0
1995,First Unit of Quantity,6114200010,China,1995,dozens,42,0,0,57,0,100,"1,895",533,0,0,0,0
1995,First Unit of Quantity,6114200015,China,1995,dozens,42,96,0,0,852,0,0,163,247,0,0,0
1995,First Unit of Quantity,6114200020,China,1995,dozens,"1,469","9,561","2,946","2,282","4,800",250,596,44,4,"1,898",800,0
1995,First Unit of Quantity,6114200035,China,1995,dozens,0,0,750,974,0,703,0,0,37,0,0,0
1995,First Unit of Quantity,6114200040,China,1995,dozens,"46,366","44,540","21,494","16,183","12,079","1,532",0,120,0,49,852,0
1995,First Unit of Quantity,6114200044,China,1995,dozens,0,0,0,0,0,0,0,50,3,0,0,0
1995,First Unit of Quantity,6114200046,China,1995,dozens,"5,424",800,"1,600","2,098",404,"2,000",438,0,57,100,0,0
1995,First Unit of Quantity,6114200052,China,1995,dozens,0,0,0,0,0,0,0,0,0,331,252,0
1995,First Unit of Quantity,6114200060,China,1995,dozens,0,721,41,801,42,0,642,41,0,0,0,0
1995,First Unit of Quantity,6114302010,China,1995,dozens,0,58,0,0,0,0,0,123,15,0,0,0
1995,First Unit of Quantity,6114302060,China,1995,dozens,885,586,0,0,332,0,0,0,0,22,0,0
1995,First Unit of Quantity,6114303012,China,1995,dozens,0,0,0,0,0,0,43,41,355,0,168,0
1995,First Unit of Quantity,6114303014,China,1995,dozens,0,0,27,0,0,0,0,0,0,0,0,0
1995,First Unit of Quantity,6114303030,China,1995,dozens,"1,004","2,370","2,130","3,861",652,0,100,0,0,167,0,0
1995,First Unit of Quantity,6114303044,China,1995,dozens,125,0,0,0,0,0,0,0,0,0,0,0
1995,First Unit of Quantity,6114303052,China,1995,dozens,0,0,0,0,0,0,0,0,41,0,0,0
1995,First Unit of Quantity,6114303054,China,1995,dozens,250,0,0,0,0,0,0,"1,250",0,0,0,0
1995,First Unit of Quantity,6114303060,China,1995,dozens,0,0,17,101,0,334,514,98,0,0,0,0
1995,First Unit of Quantity,6114303070,China,1995,dozens,64,0,360,40,0,208,11,20,417,0,0,0
1995,First Unit of Quantity,6114901010,China,1995,dozens,0,95,0,0,0,0,0,0,0,0,0,0
1995,First Unit of Quantity,6114901020,China,1995,dozens,45,289,"1,136",30,0,160,0,67,3,52,0,0
1995,First Unit of Quantity,6114901030,China,1995,dozens,0,0,240,0,0,0,0,0,0,0,0,0
1995,First Unit of Quantity,6114901050,China,1995,dozens,11,0,87,0,0,0,69,0,0,41,35,0
1995,First Unit of Quantity,6114901060,China,1995,dozens,814,9,47,8,1,389,29,"1,226",55,169,102,193
1995,First Unit of Quantity,6114909010,China,1995,dozens,0,0,336,268,0,39,0,0,0,0,0,0
1995,First Unit of Quantity,6115110010,China,1995,dozen pairs,566,0,0,0,0,0,0,0,0,0,0,0
1995,First Unit of Quantity,6115110020,China,1995,dozen pairs,0,0,450,0,0,0,0,0,"2,692",0,0,0
1995,First Unit of Quantity,6115199010,China,1995,dozen pairs,0,0,0,0,0,0,0,0,0,0,0,0
1995,First Unit of Quantity,6115922000,China,1995,dozen pairs,"39,376","13,098","11,580","2,060","13,155","30,738","24,905","2,265",0,"1,020",0,0
1995,First Unit of Quantity,6115932020,China,1995,dozen pairs,"2,474",0,346,"24,196","2,000","4,507","12,472",309,43,"8,100",0,0
1995,First Unit of Quantity,6115994000,China,1995,dozen pairs,"1,500",181,48,0,614,720,"1,309","2,118","2,314",245,"1,568",280
1995,First Unit of Quantity,6115998000,China,1995,dozen pairs,0,0,0,0,0,570,0,0,0,0,0,0
1995,First Unit of Quantity,6116100800,China,1995,dozen pairs,"8,881","7,343","7,919","12,040","14,912","22,705","23,019","17,089","14,868","8,817","4,401","9,887"
1995,First Unit of Quantity,6116101300,China,1995,dozen pairs,"49,741","43,444","91,986","28,562","80,349","57,805","84,678","62,929","42,631","37,765","40,945","43,917"
1995,First Unit of Quantity,6116101720,China,1995,dozen pairs,"22,000",0,"10,000","17,700",0,"20,000","1,812","4,150",0,"12,159",820,"6,000"
1995,First Unit of Quantity,6116101730,China,1995,dozen pairs,0,0,0,0,0,0,0,0,0,162,0,0
1995,First Unit of Quantity,6116104400,China,1995,dozen pairs,"68,677","2,500","64,668","25,388","26,067","28,329","35,060","48,449","37,581","18,411","77,792","56,869"
1995,First Unit of Quantity,6116104820,China,1995,dozen pairs,0,0,0,0,0,0,"1,500",0,0,"4,100",0,0
1995,First Unit of Quantity,6116105520,China,1995,dozen pairs,0,0,0,"3,552","17,200","20,085","8,502","18,920","5,138",0,0,0
1995,First Unit of Quantity,6116105530,China,1995,dozen pairs,0,"2,500",0,0,0,0,0,0,0,0,0,0
1995,First Unit of Quantity,6116106500,China,1995,dozen pairs,"67,724","64,461","46,220","65,572","68,363","83,759","99,120","71,722","43,000","37,994","51,256","43,674"
1995,First Unit of Quantity,6116107520,China,1995,dozen pairs,0,0,0,510,"3,400",0,"6,500","4,000","13,933",600,0,0
1995,First Unit of Quantity,6116109500,China,1995,dozen pairs,"66,957","65,570","41,266","14,754","34,732","75,022","164,181","25,698","22,654","32,792","33,198","38,485"
1995,First Unit of Quantity,6116910000,China,1995,dozen pairs,"21,847","3,072","6,475","3,354","22,677","21,774","39,838","22,542","7,833",883,0,11
1995,First Unit of Quantity,6116920800,China,1995,dozen pairs,716,325,91,0,0,500,300,0,"1,111",0,0,630
1995,First Unit of Quantity,6116926410,China,1995,dozen pairs,0,0,0,"3,216",0,0,0,0,0,0,0,0
1995,First Unit of Quantity,6116926420,China,1995,dozen pairs,"135,050","70,070","162,272","57,000","264,684","73,340","147,004","203,198","132,251","135,111","117,996","46,920"
1995,First Unit of Quantity,6116926440,China,1995,dozen pairs,"14,935","14,200","58,600",0,"16,025","7,000","40,856","11,666",225,"27,100","15,000","28,900"
1995,First Unit of Quantity,6116927450,China,1995,dozen pairs,0,0,0,0,0,0,"5,700","1,001",0,0,0,0
1995,First Unit of Quantity,6116927460,China,1995,dozen pairs,0,0,0,0,"18,100","3,500",0,"3,500",0,0,0,0
1995,First Unit of Quantity,6116927470,China,1995,dozen pairs,0,"1,200",0,0,0,0,0,"1,296",0,0,"2,100",0
1995,First Unit of Quantity,6116928800,China,1995,dozen pairs,"1,600","1,234",0,"3,050",200,0,"3,336","3,101",250,"15,500",260,0
1995,First Unit of Quantity,6116929400,China,1995,dozen pairs,120,"1,267",0,0,"1,300","7,300","40,659",0,523,417,"3,400","1,475"
1995,First Unit of Quantity,6116930500,China,1995,dozen pairs,0,8,0,0,0,40,160,0,"1,780","1,780",105,152
1995,First Unit of Quantity,6116930800,China,1995,dozen pairs,126,"2,691",507,"3,051","4,823","12,790","14,771","18,704","23,780","18,383","4,918","2,312"
1995,First Unit of Quantity,6116936400,China,1995,dozen pairs,"4,111",0,0,400,"5,520",0,"2,647",606,0,0,"2,376","3,360"
1995,First Unit of Quantity,6116937400,China,1995,dozen pairs,219,116,0,0,0,0,"3,030",500,0,0,0,0
1995,First Unit of Quantity,6116938800,China,1995,dozen pairs,105,0,0,"2,925","48,289","39,275","37,105","162,128","65,200","17,983","7,025",822
1995,First Unit of Quantity,6116939400,China,1995,dozen pairs,"23,592","21,144",800,"3,798","8,300","19,343","53,035","93,954","86,811","53,248","1,586",52
1995,First Unit of Quantity,6116993500,China,1995,dozen pairs,101,0,0,0,0,0,0,0,0,817,0,0
1995,First Unit of Quantity,6116994800,China,1995,dozen pairs,"7,033",0,0,0,"8,923",0,0,0,0,247,0,0
1995,First Unit of Quantity,6116995400,China,1995,dozen pairs,0,0,0,0,0,228,240,0,0,"3,720",0,0
1995,First Unit of Quantity,6116997500,China,1995,dozen pairs,740,190,40,0,839,992,"1,183","1,647","1,339","1,165",850,444
1995,First Unit of Quantity,6116999530,China,1995,dozen pairs,0,0,0,0,0,0,0,0,0,900,0,0
1995,First Unit of Quantity,6116999560,China,1995,dozen pairs,0,"2,000",0,0,0,0,"20,800",0,0,"15,000",0,0
1995,First Unit of Quantity,6117101000,China,1995,dozens,682,38,9,0,18,121,"2,107",482,76,101,0,0
1995,First Unit of Quantity,6117102010,China,1995,dozens,0,0,0,0,0,0,200,0,0,79,0,0
1995,First Unit of Quantity,6117102030,China,1995,dozens,"3,740",639,276,63,212,"5,154",203,716,92,293,"1,760",62
1995,First Unit of Quantity,6117104000,China,1995,dozens,0,0,180,0,0,192,145,323,0,360,35,24
1995,First Unit of Quantity,6117201000,China,1995,dozens,0,0,0,0,0,0,0,0,0,0,0,100
1995,First Unit of Quantity,6117801000,China,1995,dozens,242,0,86,0,0,34,294,47,292,183,175,276
1995,First Unit of Quantity,6117809010,China,1995,dozens,0,"7,001","1,925","5,581","11,488","2,713","4,947","3,233","4,329",100,700,992
1995,First Unit of Quantity,6117809020,China,1995,dozens,110,0,0,0,0,0,144,478,0,0,0,0
1995,First Unit of Quantity,6117809030,China,1995,dozens,0,5,0,0,0,0,0,0,278,0,0,0
1995,First Unit of Quantity,6117809040,China,1995,dozens,"4,515","4,696","3,334",843,"4,450","4,471","19,575","19,676","1,314","1,718","1,083","1,476"
1995,First Unit of Quantity,6117909080,China,1995,dozens,0,0,0,0,0,0,300,0,0,833,0,0
1995,First Unit of Quantity,6117909090,China,1995,dozens,0,0,0,0,0,0,8,"3,428",0,0,0,0
1995,First Unit of Quantity,6201110010,China,1995,dozens,0,0,0,0,0,36,325,"1,285",426,223,149,"1,256"
1995,First Unit of Quantity,6201121000,China,1995,dozens,286,35,1,45,555,"1,143","4,704","7,246",646,0,0,26
1995,First Unit of Quantity,6201122010,China,1995,dozens,0,0,0,"2,163","1,250",0,0,485,0,0,0,0
1995,First Unit of Quantity,6201122025,China,1995,dozens,0,0,0,0,0,0,0,376,376,0,0,0
1995,First Unit of Quantity,6201122035,China,1995,dozens,0,0,0,0,0,0,0,0,792,0,0,0
1995,First Unit of Quantity,6201122050,China,1995,dozens,7,400,922,383,556,"1,496",570,"1,671","1,502",716,"1,100",109
1995,First Unit of Quantity,6201122060,China,1995,dozens,183,0,125,0,0,273,617,208,0,0,0,0
1995,First Unit of Quantity,6201131000,China,1995,dozens,99,3,2,133,"1,278","7,169","7,232","11,705",828,0,102,214
1995,First Unit of Quantity,6201133010,China,1995,dozens,0,0,0,0,0,0,0,0,0,0,61,0
1995,First Unit of Quantity,6201134015,China,1995,dozens,0,95,0,0,0,7,"1,141","1,064",56,17,125,182
1995,First Unit of Quantity,6201134030,China,1995,dozens,1,356,300,0,0,"2,574",107,308,"1,131",99,309,0
1995,First Unit of Quantity,6201134040,China,1995,dozens,4,0,0,0,0,0,0,"1,166",0,0,2,0
1995,First Unit of Quantity,6201191000,China,1995,dozens,"2,541",0,30,898,69,15,389,470,166,313,46,1
1995,First Unit of Quantity,6201199060,China,1995,dozens,97,"1,556",0,0,0,0,"2,717",0,0,90,0,0
1995,First Unit of Quantity,6201912011,China,1995,dozens,2,0,0,0,0,0,25,572,802,400,47,0
1995,First Unit of Quantity,6201912021,China,1995,dozens,0,0,0,0,0,69,0,0,0,0,0,0
1995,First Unit of Quantity,6201921000,China,1995,dozens,"1,186","1,442",261,"2,995","12,782","19,470","23,417","7,856","6,223",254,575,12
1995,First Unit of Quantity,6201921500,China,1995,dozens,0,151,0,"7,076","4,833",0,"3,270",142,"5,397","11,307","3,983",0
1995,First Unit of Quantity,6201922010,China,1995,dozens,280,573,0,0,0,0,0,0,"2,425",0,0,0
1995,First Unit of Quantity,6201922021,China,1995,dozens,0,0,0,0,338,0,385,"1,881",221,67,0,0
1995,First Unit of Quantity,6201922031,China,1995,dozens,0,593,"2,133","1,162","4,763","2,278","7,957","3,468","2,517","1,801","1,065",0
1995,First Unit of Quantity,6201922041,China,1995,dozens,0,0,0,19,"7,126",488,"1,771",732,"7,018",763,500,84
1995,First Unit of Quantity,6201922051,China,1995,dozens,"4,707","4,747","2,430","5,131","15,104","31,982","36,272","22,513","10,734","9,118","8,060","1,164"
1995,First Unit of Quantity,6201922061,China,1995,dozens,0,0,6,0,"2,439","7,422","10,784","6,435",925,277,289,7
1995,First Unit of Quantity,6201931000,China,1995,dozens,"3,098","2,622","1,669","3,776","18,621","38,504","58,018","41,857","4,828","1,010",775,632
1995,First Unit of Quantity,6201932020,China,1995,dozens,49,80,0,0,0,714,0,456,0,0,0,0
1995,First Unit of Quantity,6201933000,China,1995,dozens,"16,518","13,538","11,863","20,283","32,919","40,920","59,830","85,122","52,885","21,909","6,759","3,142"
1995,First Unit of Quantity,6201933511,China,1995,dozens,"2,246","1,548",700,372,312,"1,497","3,138","9,357","2,075","3,446",388,51
1995,First Unit of Quantity,6201933521,China,1995,dozens,213,79,0,0,0,17,"1,937","2,810","1,422",97,0,0
1995,First Unit of Quantity,6201991000,China,1995,dozens,"22,353","7,611","8,776","5,637","9,145","9,061","5,520","12,548","10,581","8,753","7,747","4,962"
1995,First Unit of Quantity,6201999030,China,1995,dozens,0,0,0,0,0,0,400,0,0,0,0,21
1995,First Unit of Quantity,6201999060,China,1995,dozens,"3,116","4,130","12,602","8,639","30,308","16,972","5,845","4,853",0,"1,522","1,517",27
1995,First Unit of Quantity,6202110010,China,1995,dozens,78,0,0,0,0,99,21,32,399,0,0,0
1995,First Unit of Quantity,6202121000,China,1995,dozens,39,0,0,0,"1,668","1,418","1,287","1,068",67,0,259,0
1995,First Unit of Quantity,6202122010,China,1995,dozens,"1,358",14,421,749,"1,125","1,996","2,751",445,333,179,66,109
1995,First Unit of Quantity,6202122025,China,1995,dozens,0,0,0,0,250,0,37,"1,477",0,0,0,0
1995,First Unit of Quantity,6202122050,China,1995,dozens,6,663,161,"2,132","2,054","6,861","4,564",854,659,0,"1,520",224
1995,First Unit of Quantity,6202122060,China,1995,dozens,0,0,200,574,500,431,733,0,33,0,0,0
1995,First Unit of Quantity,6202131000,China,1995,dozens,255,350,0,"1,480","1,644","2,587","4,921","7,394",381,0,0,1
1995,First Unit of Quantity,6202134005,China,1995,dozens,"2,497",358,146,26,417,433,"2,497",603,927,310,208,66
1995,First Unit of Quantity,6202134020,China,1995,dozens,77,278,73,0,0,794,"2,743","1,870",496,764,"1,164",227
1995,First Unit of Quantity,6202134030,China,1995,dozens,0,0,0,0,0,0,0,21,0,0,0,0
1995,First Unit of Quantity,6202191000,China,1995,dozens,823,640,"1,241",35,"1,067","3,977","8,391","4,114","1,583","10,069","2,463",791
1995,First Unit of Quantity,6202199060,China,1995,dozens,800,222,330,0,0,0,0,"1,500",0,0,0,0
1995,First Unit of Quantity,6202911000,China,1995,dozens,0,0,0,0,0,0,64,0,0,2,0,0
1995,First Unit of Quantity,6202912011,China,1995,dozens,0,0,0,0,11,107,161,52,482,554,0,0
1995,First Unit of Quantity,6202912021,China,1995,dozens,0,0,0,0,0,0,0,0,755,13,0,0
1995,First Unit of Quantity,6202921000,China,1995,dozens,503,422,333,167,"2,109","7,903","4,677","2,777",83,0,87,0
1995,First Unit of Quantity,6202921500,China,1995,dozens,8,136,0,0,"2,150","1,629","3,192","1,807",650,0,"5,983",0
1995,First Unit of Quantity,6202922010,China,1995,dozens,0,0,77,0,0,0,0,0,0,0,0,0
1995,First Unit of Quantity,6202922020,China,1995,dozens,0,0,0,165,0,0,0,0,337,613,0,393
1995,First Unit of Quantity,6202922026,China,1995,dozens,0,0,0,125,680,0,142,968,117,75,0,0
1995,First Unit of Quantity,6202922031,China,1995,dozens,0,0,0,0,0,8,0,0,0,0,0,0
1995,First Unit of Quantity,6202922061,China,1995,dozens,"3,705","2,679","4,101","4,771","14,874","31,224","33,304","27,268","10,564","7,025","5,010","5,656"
1995,First Unit of Quantity,6202922071,China,1995,dozens,378,52,48,648,"6,282","11,393","11,330","7,516","2,804","1,140",666,"1,217"
1995,First Unit of Quantity,6202931000,China,1995,dozens,828,331,544,"1,518","11,959","10,636","27,867","20,879","1,846",88,803,3
1995,First Unit of Quantity,6202932020,China,1995,dozens,2,0,0,0,0,0,0,327,250,0,0,0
1995,First Unit of Quantity,6202934011,China,1995,dozens,0,0,0,0,0,0,14,0,0,0,0,0
1995,First Unit of Quantity,6202934500,China,1995,dozens,"5,576","3,808","4,528","4,862","23,238","52,568","61,421","76,503","49,136","22,827","11,722","8,253"
1995,First Unit of Quantity,6202935011,China,1995,dozens,"1,533",677,"1,858",335,205,"1,458","1,415","2,596","1,763",475,660,516
1995,First Unit of Quantity,6202935021,China,1995,dozens,0,0,0,0,0,0,0,500,0,185,0,0
1995,First Unit of Quantity,6202991000,China,1995,dozens,"43,708","15,982","8,539","9,573","22,896","48,611","99,327","98,911","96,823","92,240","57,464","25,486"
1995,First Unit of Quantity,6202999061,China,1995,dozens,"1,014","1,214",932,772,178,"3,882",0,"1,650",33,155,272,"3,500"
1995,First Unit of Quantity,6203112000,China,1995,number,"18,392","10,452","22,366","3,670","5,567","21,235","19,120","10,735","22,452","4,980",0,0
1995,First Unit of Quantity,6203121000,China,1995,number,0,0,"2,000",0,0,0,0,0,0,0,0,"6,030"
1995,First Unit of Quantity,6203122010,China,1995,number,"14,884","30,131","20,675","27,351","28,456","34,515","43,780","25,383","30,996","30,589","32,165","43,428"
1995,First Unit of Quantity,6203122020,China,1995,number,"15,588","12,476","7,766",0,0,52,0,"5,270","4,716",0,0,0
1995,First Unit of Quantity,6203191010,China,1995,dozens,0,183,177,0,0,0,0,0,0,0,0,0
1995,First Unit of Quantity,6203191020,China,1995,dozens,0,247,177,0,0,0,0,0,0,0,0,0
1995,First Unit of Quantity,6203193000,China,1995,number,0,0,"2,500",0,655,0,0,0,0,0,0,0
1995,First Unit of Quantity,6203195000,China,1995,number,"7,186",0,580,279,0,0,0,0,0,0,0,0
1995,First Unit of Quantity,6203199050,China,1995,number,0,0,0,0,0,0,0,"10,176",0,0,0,0
1995,First Unit of Quantity,6203199080,China,1995,number,"1,808",0,"2,200",0,0,0,0,0,0,0,0,0
1995,First Unit of Quantity,6203221000,China,1995,dozens,0,0,500,"1,274",20,0,0,0,0,0,0,0
1995,First Unit of Quantity,6203223015,China,1995,dozens,0,0,0,0,0,0,0,0,0,0,12,0
1995,First Unit of Quantity,6203223020,China,1995,dozens,0,0,0,0,0,0,0,0,0,300,12,0
1995,First Unit of Quantity,6203223030,China,1995,dozens,0,0,0,0,0,0,0,0,8,0,0,0
1995,First Unit of Quantity,6203223050,China,1995,dozens,0,0,0,0,0,0,0,0,0,300,12,0
1995,First Unit of Quantity,6203230050,China,1995,dozens,0,0,0,0,0,"4,197",0,"4,296",0,0,200,0
1995,First Unit of Quantity,6203230060,China,1995,dozens,0,0,0,0,0,"4,197",0,"4,296",0,0,200,0
1995,First Unit of Quantity,6203310020,China,1995,dozens,"1,380",792,383,484,"1,737","2,812","2,143","2,760","1,523",549,"1,241",206
1995,First Unit of Quantity,6203322010,China,1995,dozens,188,8,0,0,417,374,"4,229","3,566",531,"1,640",158,0
1995,First Unit of Quantity,6203322040,China,1995,dozens,738,154,10,0,600,777,"2,055","1,316",86,72,128,57
1995,First Unit of Quantity,6203322050,China,1995,dozens,26,0,0,0,0,0,0,0,445,73,0,0
1995,First Unit of Quantity,6203331040,China,1995,dozens,0,125,0,0,0,208,0,333,112,0,0,0
1995,First Unit of Quantity,6203332010,China,1995,dozens,"7,155","4,836","4,092","1,854","4,076","5,837","3,962","5,790","4,147","3,035","2,948","1,118"
1995,First Unit of Quantity,6203332020,China,1995,dozens,"1,904","3,305",0,0,0,953,0,650,0,200,0,0
1995,First Unit of Quantity,6203391020,China,1995,dozens,0,0,0,0,0,0,0,0,0,0,11,0
1995,First Unit of Quantity,6203392010,China,1995,dozens,267,10,14,0,573,0,223,378,131,159,595,234
1995,First Unit of Quantity,6203395000,China,1995,dozens,"2,337","1,402","2,622",42,482,82,217,678,218,216,135,"1,815"
1995,First Unit of Quantity,6203399010,China,1995,dozens,0,0,0,2,0,0,0,0,0,0,0,0
1995,First Unit of Quantity,6203399020,China,1995,dozens,417,167,0,0,0,168,0,0,0,342,0,0
1995,First Unit of Quantity,6203399030,China,1995,dozens,0,0,0,0,0,0,42,89,0,0,0,0
1995,First Unit of Quantity,6203399060,China,1995,dozens,"3,433","3,124","1,963","1,786",453,124,181,52,81,53,226,416
1995,First Unit of Quantity,6203410510,China,1995,dozens,133,0,0,0,0,0,0,0,0,0,0,0
1995,First Unit of Quantity,6203411510,China,1995,dozens,"12,591","4,918","2,920","4,203","3,780","7,315","8,090","10,831","6,602","9,416","3,126",0
1995,First Unit of Quantity,6203422005,China,1995,dozens,0,0,0,0,233,258,165,348,0,0,0,0
1995,First Unit of Quantity,6203422010,China,1995,dozens,0,275,0,0,0,150,903,0,0,0,354,702
1995,First Unit of Quantity,6203422025,China,1995,dozens,"38,272","23,288","3,641","1,266","2,555","2,308","11,710","9,404","1,557","12,697","17,915","5,527"
1995,First Unit of Quantity,6203422050,China,1995,dozens,"6,613","7,270","1,039","11,831","6,643","16,754","13,245","7,076","5,868","22,884","6,560","6,191"
1995,First Unit of Quantity,6203422090,China,1995,dozens,0,0,0,0,0,944,400,334,0,0,0,308
1995,First Unit of Quantity,6203424005,China,1995,dozens,0,33,0,0,0,"4,708","10,484","9,934","15,157","5,207","5,226","1,238"
1995,First Unit of Quantity,6203424010,China,1995,dozens,"1,927","10,869","1,325","5,587","2,435","4,273","19,064","8,581","17,285","15,636","5,400",706
1995,First Unit of Quantity,6203424015,China,1995,dozens,"42,147","47,552","41,871","34,294","45,772","78,442","81,730","84,017","64,824","61,380","24,938","27,519"
1995,First Unit of Quantity,6203424020,China,1995,dozens,0,0,0,0,0,"1,473","4,186","1,008",155,"2,205",0,0
1995,First Unit of Quantity,6203424025,China,1995,dozens,0,0,0,0,0,360,0,0,100,"4,250",0,0
1995,First Unit of Quantity,6203424030,China,1995,dozens,"1,833",0,600,0,"1,200","19,003","18,621","11,365","12,206","1,336","1,924","3,208"
1995,First Unit of Quantity,6203424035,China,1995,dozens,"2,172",188,200,"1,312",206,"4,949",719,"3,255",55,451,"1,200",76
1995,First Unit of Quantity,6203424040,China,1995,dozens,"7,319",150,426,0,"8,479","20,658","8,669","22,562","12,869",0,"2,350","4,408"
1995,First Unit of Quantity,6203424045,China,1995,dozens,"6,587","11,522","5,671","1,811","19,089","16,309","11,901","14,178","16,238","6,810","1,805","3,983"
1995,First Unit of Quantity,6203424050,China,1995,dozens,"123,847","141,478","109,134","52,124","25,770","23,596","5,006","3,834","5,418","2,884","56,123","21,497"
1995,First Unit of Quantity,6203424055,China,1995,dozens,"56,372","13,735","5,792",0,349,0,"2,350","2,767",0,99,"4,502","3,853"
1995,First Unit of Quantity,6203424060,China,1995,dozens,"12,138","14,082","8,003","7,727","3,164","3,031","2,251",180,0,"1,388",604,160
1995,First Unit of Quantity,6203431000,China,1995,dozens,0,0,0,0,0,199,577,98,0,0,0,0
1995,First Unit of Quantity,6203431500,China,1995,dozens,551,166,278,66,880,"1,068","4,104","3,111",53,183,102,0
1995,First Unit of Quantity,6203432005,China,1995,dozens,0,0,0,0,"1,185","1,109",0,0,0,0,0,1
1995,First Unit of Quantity,6203432010,China,1995,dozens,0,5,0,0,0,0,817,283,63,389,0,0
1995,First Unit of Quantity,6203432050,China,1995,dozens,0,0,0,0,0,0,0,450,0,0,0,0
1995,First Unit of Quantity,6203432090,China,1995,dozens,0,0,0,0,0,965,0,0,0,0,0,0
1995,First Unit of Quantity,6203433010,China,1995,dozens,"1,098",0,0,"1,801",733,0,259,285,"1,063",0,0,0
1995,First Unit of Quantity,6203433500,China,1995,dozens,"6,730","5,297","2,656","5,498","5,643","11,732","10,138","20,677","12,090","15,487","1,297","2,557"
1995,First Unit of Quantity,6203434010,China,1995,dozens,"82,276","43,942","32,659","25,876","16,045","48,948","61,582","71,408","62,111","48,071","61,603","74,760"
1995,First Unit of Quantity,6203434020,China,1995,dozens,"26,504","46,285","9,998","5,026","31,563","60,726","46,017","25,973","15,663","26,351","14,369",700
1995,First Unit of Quantity,6203434030,China,1995,dozens,"41,423","75,185","35,101","24,334","21,203","5,078","5,421","2,812","1,638","6,447","6,540","17,090"
1995,First Unit of Quantity,6203434035,China,1995,dozens,0,0,0,0,0,0,0,0,0,0,0,0
1995,First Unit of Quantity,6203434040,China,1995,dozens,"58,888","16,641","5,240",0,"2,036","6,368","2,000","1,750",0,"3,888",0,26
1995,First Unit of Quantity,6203491005,China,1995,dozens,0,0,0,0,0,0,0,0,34,0,0,0
1995,First Unit of Quantity,6203492010,China,1995,dozens,"3,701","1,273","4,820","5,396","2,008","1,366","3,732","4,070","2,379","4,260","5,302","5,284"
1995,First Unit of Quantity,6203492040,China,1995,dozens,423,147,"1,424",801,0,0,0,0,320,0,"2,330","4,334"
1995,First Unit of Quantity,6203492060,China,1995,dozens,10,0,0,0,0,0,0,"3,316","1,849",0,0,7
1995,First Unit of Quantity,6203494010,China,1995,dozens,0,0,38,60,0,0,0,0,0,0,0,0
1995,First Unit of Quantity,6203494020,China,1995,dozens,"2,157","4,568","2,232","3,189","5,326","5,443","2,599","17,924","11,708","5,978","4,247","3,448"
1995,First Unit of Quantity,6203494030,China,1995,dozens,"90,501","41,391","33,460","79,967","71,605","26,133","52,330","92,649","62,758","136,066","145,076","74,463"
1995,First Unit of Quantity,6203498020,China,1995,dozens,0,146,340,"1,541",0,0,4,0,0,0,4,0
1995,First Unit of Quantity,6203498045,China,1995,dozens,"11,794","34,473","17,595","9,391","25,401","25,250","6,741","2,718",0,"3,599","8,899","5,016"
1995,First Unit of Quantity,6203498060,China,1995,dozens,"39,375","142,702","91,950","50,969","20,662","13,051","2,059","1,096","1,544","12,274",724,"8,187"
1995,First Unit of Quantity,6204110000,China,1995,number,"1,133",0,0,"6,100","10,300","23,056","29,421","84,190","17,362","14,760","10,917","4,122"
1995,First Unit of Quantity,6204120010,China,1995,dozens,0,0,18,0,0,0,0,0,0,0,0,0
1995,First Unit of Quantity,6204120020,China,1995,dozens,0,0,18,0,0,0,0,0,0,0,0,0
1995,First Unit of Quantity,6204132010,China,1995,number,"153,608","140,630","105,207","64,045","55,840","65,598","107,897","175,867","111,427","143,143","109,654","121,781"
1995,First Unit of Quantity,6204132020,China,1995,number,0,5,0,0,0,0,0,0,0,0,0,0
1995,First Unit of Quantity,6204191000,China,1995,number,0,0,0,0,193,0,0,0,0,0,0,0
1995,First Unit of Quantity,6204192000,China,1995,number,"62,404","24,434","21,027","18,466","28,481","15,187","37,551","91,492","58,795","43,911","64,543","51,978"
1995,First Unit of Quantity,6204194000,China,1995,number,"23,936","38,941","22,298","16,382","14,193","8,733","20,290","34,249","12,081","7,240","12,391","23,797"
1995,First Unit of Quantity,6204198060,China,1995,number,"29,084",696,0,0,0,0,0,91,0,0,0,0
1995,First Unit of Quantity,6204198090,China,1995,number,"131,586","183,923","226,626","102,394","57,152","51,068","42,800","32,990","55,174","28,659","52,254","45,607"
1995,First Unit of Quantity,6204221000,China,1995,dozens,0,0,"1,388",0,0,"1,646",0,0,0,298,0,0
1995,First Unit of Quantity,6204223030,China,1995,dozens,98,131,239,131,0,0,0,0,0,0,0,0
1995,First Unit of Quantity,6204223065,China,1995,dozens,98,131,239,131,0,0,0,0,0,0,0,0
1995,First Unit of Quantity,6204230035,China,1995,dozens,0,0,0,0,0,0,25,0,0,0,0,0
1995,First Unit of Quantity,6204230040,China,1995,dozens,0,77,0,0,0,0,0,0,0,0,0,0
1995,First Unit of Quantity,6204230055,China,1995,dozens,900,"1,277",900,"1,836",0,0,25,0,0,0,0,0
1995,First Unit of Quantity,6204292015,China,1995,dozens,14,943,900,450,450,77,0,0,240,0,0,0
1995,First Unit of Quantity,6204292020,China,1995,dozens,0,750,0,"2,710",0,73,5,0,6,0,0,0
1995,First Unit of Quantity,6204292025,China,1995,dozens,900,450,0,0,0,0,0,0,0,0,0,0
1995,First Unit of Quantity,6204292040,China,1995,dozens,0,943,0,"1,324",450,150,5,0,246,0,0,0
1995,First Unit of Quantity,6204294016,China,1995,dozens,0,0,0,16,"1,230",35,564,25,0,0,130,0
1995,First Unit of Quantity,6204294022,China,1995,dozens,0,0,0,0,0,0,22,0,0,0,0,0
1995,First Unit of Quantity,6204294028,China,1995,dozens,290,38,194,178,119,111,111,173,124,"1,199","1,028","1,620"
1995,First Unit of Quantity,6204294034,China,1995,dozens,0,0,0,0,0,0,15,0,0,0,0,0
1995,First Unit of Quantity,6204294040,China,1995,dozens,240,118,50,110,"1,230",0,580,58,78,68,216,370
1995,First Unit of Quantity,6204294047,China,1995,dozens,0,0,85,0,0,0,0,0,0,0,0,0
1995,First Unit of Quantity,6204294076,China,1995,dozens,505,156,244,272,119,93,121,206,203,"1,232","1,114","1,990"
1995,First Unit of Quantity,6204294080,China,1995,dozens,0,0,85,0,0,0,0,0,0,0,0,0
1995,First Unit of Quantity,6204294088,China,1995,dozens,25,0,0,0,0,0,0,0,0,0,0,0
1995,First Unit of Quantity,6204311010,China,1995,dozens,0,0,0,0,0,0,0,111,250,0,0,0
1995,First Unit of Quantity,6204312010,China,1995,dozens,163,54,25,0,497,"1,952","1,956","5,373","2,992",682,"2,023",74
1995,First Unit of Quantity,6204321000,China,1995,dozens,0,0,0,0,0,0,0,0,0,0,0,0
1995,First Unit of Quantity,6204322010,China,1995,dozens,0,0,0,0,0,0,0,0,522,0,0,0
1995,First Unit of Quantity,6204322030,China,1995,dozens,"2,433",205,"2,556",345,126,314,400,709,469,550,393,174
1995,First Unit of Quantity,6204322040,China,1995,dozens,0,0,0,0,100,0,0,0,196,26,0,0
1995,First Unit of Quantity,6204331000,China,1995,dozens,0,0,13,0,0,0,0,0,0,0,0,0
1995,First Unit of Quantity,6204334010,China,1995,dozens,0,0,0,0,0,0,68,55,115,0,0,8
1995,First Unit of Quantity,6204335010,China,1995,dozens,944,"2,964","3,469","1,069","1,751","1,686","3,888","2,611","4,174","3,694","2,111","1,240"
1995,First Unit of Quantity,6204335020,China,1995,dozens,0,0,0,0,0,0,750,0,0,0,0,0
1995,First Unit of Quantity,6204392010,China,1995,dozens,0,0,0,0,0,0,105,22,0,34,0,0
1995,First Unit of Quantity,6204393010,China,1995,dozens,"1,125","2,038","3,387","2,924","1,262","2,591","4,440","6,119","2,875","3,849","4,154","2,968"
1995,First Unit of Quantity,6204393020,China,1995,dozens,0,34,0,0,0,0,0,0,0,6,0,0
1995,First Unit of Quantity,6204396000,China,1995,dozens,"25,015","19,428","15,619","13,171","21,829","15,667","20,266","22,601","10,602","27,821","10,601","15,719"
1995,First Unit of Quantity,6204398030,China,1995,dozens,0,0,0,0,0,0,100,400,7,0,0,0
1995,First Unit of Quantity,6204398050,China,1995,dozens,"2,561","1,180","1,289","1,671",633,296,62,104,7,0,751,"2,991"
1995,First Unit of Quantity,6204398060,China,1995,dozens,"21,641","22,261","9,364","9,863","11,215",857,"1,062",167,"1,169","1,140",763,"2,061"
1995,First Unit of Quantity,6204412010,China,1995,dozens,13,0,0,0,0,114,262,"1,779",723,305,259,0
1995,First Unit of Quantity,6204423020,China,1995,dozens,4,0,0,0,140,0,0,0,0,0,0,0
1995,First Unit of Quantity,6204423030,China,1995,dozens,"5,141","10,360","10,416","8,158","14,080",969,326,0,0,0,0,400
1995,First Unit of Quantity,6204423040,China,1995,dozens,0,280,954,0,"3,678",0,0,0,0,0,0,0
1995,First Unit of Quantity,6204423050,China,1995,dozens,"10,880","14,099","29,580","12,085","14,011",976,"1,371",0,0,0,0,964
1995,First Unit of Quantity,6204423060,China,1995,dozens,541,137,119,69,"1,758",0,26,0,0,0,0,0
1995,First Unit of Quantity,6204433010,China,1995,dozens,0,0,0,0,0,0,0,0,11,0,0,0
1995,First Unit of Quantity,6204434010,China,1995,dozens,"1,483","1,624","4,246",108,41,94,144,0,0,0,0,0
1995,First Unit of Quantity,6204434020,China,1995,dozens,12,0,0,0,44,84,0,0,0,0,0,0
1995,First Unit of Quantity,6204434030,China,1995,dozens,"17,374","25,430","20,722","24,607","25,163","26,404","15,681","8,658","3,359","3,276","3,757","2,132"
1995,First Unit of Quantity,6204434040,China,1995,dozens,610,342,997,188,176,843,316,29,168,1,0,33
1995,First Unit of Quantity,6204444010,China,1995,dozens,"50,443","83,985","52,938","46,731","42,590","26,376","14,782","4,737","1,608",337,"1,138","1,945"
1995,First Unit of Quantity,6204444020,China,1995,dozens,0,"1,943",500,861,0,0,0,0,0,0,0,0
1995,First Unit of Quantity,6204491000,China,1995,dozens,"29,506","16,766","19,381","20,872","18,184","9,355","6,589","10,534","8,528","9,065","14,462","14,275"
1995,First Unit of Quantity,6204495030,China,1995,dozens,0,0,0,0,0,12,0,0,0,0,0,0
1995,First Unit of Quantity,6204495050,China,1995,dozens,"1,726","3,684","1,074",328,487,48,50,14,1,0,255,"1,114"
1995,First Unit of Quantity,6204495060,China,1995,dozens,"28,628","30,054","35,927","20,400","15,210","8,324","3,038","2,793","2,341","3,274","4,764","10,373"
1995,First Unit of Quantity,6204510010,China,1995,dozens,188,41,0,0,"1,803","2,733","3,183","6,909","2,706",564,364,56
1995,First Unit of Quantity,6204522010,China,1995,dozens,0,0,0,0,0,"2,897","5,271","1,798",659,0,0,591
1995,First Unit of Quantity,6204522020,China,1995,dozens,0,0,0,0,"1,562",35,"4,129","1,352",40,0,22,745
1995,First Unit of Quantity,6204522030,China,1995,dozens,"10,835","8,925","2,353","11,064","14,621","11,010",548,"4,002",0,0,0,363
1995,First Unit of Quantity,6204522040,China,1995,dozens,"5,576","9,442","2,145",646,"6,943","4,010","6,754","1,465",0,0,0,"1,501"
1995,First Unit of Quantity,6204522070,China,1995,dozens,"41,452","30,058","22,773","28,619","30,627","41,624","9,125","4,525",816,0,7,"1,152"
1995,First Unit of Quantity,6204522080,China,1995,dozens,"3,475","4,392",700,"1,480","5,811","11,003","4,889","5,422",0,0,0,814
1995,First Unit of Quantity,6204532010,China,1995,dozens,0,0,0,0,0,0,0,126,103,77,0,20
1995,First Unit of Quantity,6204533010,China,1995,dozens,"14,217","8,307","14,536","8,643","9,297","9,376","28,338","7,398","2,883","4,186",224,284
1995,First Unit of Quantity,6204533020,China,1995,dozens,0,124,0,0,"2,182","4,770","4,088",0,0,"2,634",0,0
1995,First Unit of Quantity,6204592010,China,1995,dozens,0,0,0,0,0,0,78,0,0,0,0,0
1995,First Unit of Quantity,6204593010,China,1995,dozens,"11,851","22,789","14,080","24,562","22,718","20,116","30,028","16,391","1,808","2,689",644,"1,092"
1995,First Unit of Quantity,6204594030,China,1995,dozens,0,0,6,0,0,0,0,0,0,0,0,0
1995,First Unit of Quantity,6204594040,China,1995,dozens,"31,509","28,461","25,190","19,541","33,145","23,074","17,665","20,907","13,592","20,370","23,724","30,310"
1995,First Unit of Quantity,6204594050,China,1995,dozens,"1,846","1,414","1,422","1,720",248,39,0,50,0,0,179,"9,211"
1995,First Unit of Quantity,6204594060,China,1995,dozens,"30,932","23,089","15,476","12,858","5,596","1,815","3,856",167,759,"1,706","6,565","3,292"
1995,First Unit of Quantity,6204611010,China,1995,dozens,0,0,0,0,0,0,0,124,195,0,0,0
1995,First Unit of Quantity,6204619010,China,1995,dozens,867,73,707,0,"1,767","2,816","2,544","8,078",614,0,0,0
1995,First Unit of Quantity,6204619030,China,1995,dozens,4,0,0,0,290,64,6,139,104,0,0,0
1995,First Unit of Quantity,6204622005,China,1995,dozens,88,202,0,0,150,834,666,20,0,0,0,0
1995,First Unit of Quantity,6204622010,China,1995,dozens,"1,892","8,304","26,510","8,789","5,434","10,054","9,847","1,915","2,907","2,932",636,783
1995,First Unit of Quantity,6204622025,China,1995,dozens,"1,950","4,350",0,0,0,"2,320","4,134","2,703","4,000","4,650",0,400
1995,First Unit of Quantity,6204622050,China,1995,dozens,"46,270","90,717","24,699","9,413","24,843","50,257","45,092","33,009","16,449","35,265","25,969","26,502"
1995,First Unit of Quantity,6204624005,China,1995,dozens,58,612,808,0,"2,703","5,047","13,938","8,404","4,562",59,0,"1,973"
1995,First Unit of Quantity,6204624010,China,1995,dozens,"4,462","2,052","1,748","2,271","10,494","8,567","12,094","3,562","4,444","2,370","3,559","1,279"
1995,First Unit of Quantity,6204624020,China,1995,dozens,"27,305","32,118","16,329","7,210","57,018","47,804","34,063","27,371","16,883","25,605","5,754","7,373"
1995,First Unit of Quantity,6204624030,China,1995,dozens,0,0,0,0,0,236,793,96,0,0,0,0
1995,First Unit of Quantity,6204624035,China,1995,dozens,"2,486",0,0,5,"1,000","3,046","10,030","7,180","8,483","1,478","3,174","4,643"
1995,First Unit of Quantity,6204624040,China,1995,dozens,"2,735","1,466",20,4,"5,210","4,050","6,558","2,365",107,185,15,400
1995,First Unit of Quantity,6204624045,China,1995,dozens,"1,552",0,0,0,0,"1,482","3,810","4,512","3,068",688,"3,350",715
1995,First Unit of Quantity,6204624050,China,1995,dozens,886,"4,030",30,684,"2,746","5,600","1,856","4,243","6,229","1,721","2,273",624
1995,First Unit of Quantity,6204624055,China,1995,dozens,"74,009","97,360","46,620","12,450","10,696","19,191","15,125","12,187","6,383","2,219","11,413","5,349"
1995,First Unit of Quantity,6204624060,China,1995,dozens,"15,424","9,725","11,039",132,"3,792","3,216","5,061","6,032",0,"2,263",0,800
1995,First Unit of Quantity,6204624065,China,1995,dozens,"5,035","24,986","4,429","4,528","2,000","3,919",0,0,"3,000","13,900","6,999","2,756"
1995,First Unit of Quantity,6204631000,China,1995,dozens,0,0,0,0,0,12,95,232,0,0,0,0
1995,First Unit of Quantity,6204631200,China,1995,dozens,940,0,0,0,"3,043","5,893","9,137","10,581",0,0,0,0
1995,First Unit of Quantity,6204631505,China,1995,dozens,0,0,0,0,0,779,0,56,0,0,0,2
1995,First Unit of Quantity,6204631510,China,1995,dozens,0,141,0,0,0,0,0,0,0,0,1,0
1995,First Unit of Quantity,6204631525,China,1995,dozens,0,0,0,0,0,0,569,0,0,0,0,0
1995,First Unit of Quantity,6204631550,China,1995,dozens,"3,006",400,0,0,0,0,500,550,0,0,0,0
1995,First Unit of Quantity,6204632510,China,1995,dozens,0,0,0,0,0,0,0,0,58,0,0,0
1995,First Unit of Quantity,6204633000,China,1995,dozens,"2,450","2,982","4,702","1,950","3,176","6,450","4,972","13,345","14,661","12,757",720,440
1995,First Unit of Quantity,6204633510,China,1995,dozens,"12,506","7,052","9,629","6,472","14,328","32,913","19,019","35,303","27,195","21,539","17,634","15,459"
1995,First Unit of Quantity,6204633530,China,1995,dozens,0,0,8,0,"13,998","3,800",870,0,"2,500",349,0,0
1995,First Unit of Quantity,6204633532,China,1995,dozens,"3,493","12,452","9,305","4,544","26,737","1,034","2,850",447,785,540,"1,188","2,263"
1995,First Unit of Quantity,6204633535,China,1995,dozens,0,0,905,"1,908",0,0,0,0,0,0,0,0
1995,First Unit of Quantity,6204633540,China,1995,dozens,"8,657","30,646","2,050","4,752","8,249","21,863","5,765","1,750",0,"3,775","9,100","4,506"
1995,First Unit of Quantity,6204691005,China,1995,dozens,0,0,0,0,0,0,0,0,4,0,0,0
1995,First Unit of Quantity,6204691010,China,1995,dozens,"2,941","2,142",0,"2,238","5,386","1,181",0,74,33,0,162,341
1995,First Unit of Quantity,6204691025,China,1995,dozens,0,600,0,0,0,0,0,0,0,0,0,0
1995,First Unit of Quantity,6204691050,China,1995,dozens,"4,400",0,0,0,0,0,0,0,0,0,0,0
1995,First Unit of Quantity,6204692010,China,1995,dozens,0,0,0,0,0,0,12,0,0,0,0,0
1995,First Unit of Quantity,6204692510,China,1995,dozens,"9,289","7,352","9,738","10,674","16,459","15,288","13,675","14,272","6,335","9,275","6,739","8,558"
1995,First Unit of Quantity,6204692530,China,1995,dozens,26,0,45,0,"5,000",0,0,0,0,0,8,54
1995,First Unit of Quantity,6204692540,China,1995,dozens,"10,912","25,537","4,682","10,993","9,403",200,106,264,568,368,391,"1,229"
1995,First Unit of Quantity,6204692550,China,1995,dozens,0,347,0,0,0,0,0,0,0,0,0,0
1995,First Unit of Quantity,6204692560,China,1995,dozens,500,0,0,0,0,0,0,0,0,0,0,0
1995,First Unit of Quantity,6204694010,China,1995,dozens,"146,828","101,396","93,061","97,014","78,621","63,334","112,992","96,024","102,915","109,589","87,943","74,034"
1995,First Unit of Quantity,6204694020,China,1995,dozens,0,0,18,518,0,0,0,10,19,0,0,0
1995,First Unit of Quantity,6204696010,China,1995,dozens,19,0,0,0,0,0,0,0,0,0,0,0
1995,First Unit of Quantity,6204696040,China,1995,dozens,"7,071","1,367","2,707","3,875","1,538",380,131,10,47,68,"2,200","4,559"
1995,First Unit of Quantity,6204696050,China,1995,dozens,"1,167","3,769",668,90,271,141,65,205,0,0,173,78
1995,First Unit of Quantity,6204699044,China,1995,dozens,"27,186","58,366","33,814","14,851","4,653","1,642","2,198",285,"1,167","1,981","2,678","6,116"
1995,First Unit of Quantity,6204699046,China,1995,dozens,"66,909","142,835","91,679","48,313","14,198","3,137","6,165","2,138","2,154","3,006","7,086","4,972"
1995,First Unit of Quantity,6204699050,China,1995,dozens,0,"1,082",0,740,203,0,0,0,0,0,0,0
1995,First Unit of Quantity,6205102010,China,1995,dozens,0,333,0,150,25,148,0,"1,634","5,449",283,205,0
1995,First Unit of Quantity,6205202015,China,1995,dozens,0,0,0,0,774,"1,773",0,"4,401",148,476,29,0
1995,First Unit of Quantity,6205202025,China,1995,dozens,0,0,"4,990",491,500,"1,461","3,826","2,009","3,670","3,869","4,412",775
1995,First Unit of Quantity,6205202030,China,1995,dozens,0,0,0,0,144,"2,040",0,0,0,0,0,0
1995,First Unit of Quantity,6205202035,China,1995,dozens,0,0,0,641,"2,047","6,350",982,"10,304","7,131","8,113",0,0
1995,First Unit of Quantity,6205202040,China,1995,dozens,0,0,0,0,"7,737","10,509","2,075",0,"2,517",0,0,0
1995,First Unit of Quantity,6205202045,China,1995,dozens,0,0,0,0,0,0,0,"1,070","1,500",0,0,0
1995,First Unit of Quantity,6205202046,China,1995,dozens,333,0,"11,904","32,258","35,808","23,551","8,998","32,914","10,452","4,652","1,858",0
1995,First Unit of Quantity,6205202050,China,1995,dozens,"9,191","7,957","5,063","8,917","10,864","20,231","28,264","31,076","23,519","14,359","4,840","5,641"
1995,First Unit of Quantity,6205202055,China,1995,dozens,"9,147",0,0,0,"2,603","15,745","18,965","8,671","7,147",0,"1,000",0
1995,First Unit of Quantity,6205202060,China,1995,dozens,0,"1,761",916,"2,571","1,614",408,"4,573",713,"1,525",410,0,0
1995,First Unit of Quantity,6205202065,China,1995,dozens,"8,494","21,768","10,217","9,757","18,899","27,086","52,062","64,478","35,233","25,310","11,090","6,392"
1995,First Unit of Quantity,6205202070,China,1995,dozens,"33,621","17,299","2,598",770,"1,304","8,534","10,800","15,732","5,882","1,000","6,376","9,203"
1995,First Unit of Quantity,6205202075,China,1995,dozens,350,318,0,"3,782","2,105","1,397","7,059","2,128","5,413",908,165,"2,004"
1995,First Unit of Quantity,6205301510,China,1995,dozens,0,0,0,0,16,"3,228",844,741,"4,666","1,870",186,0
1995,First Unit of Quantity,6205302010,China,1995,dozens,"14,950","6,657","5,795","8,032","9,712","7,919","11,232","11,028","10,947","13,701","6,432","4,275"
1995,First Unit of Quantity,6205302020,China,1995,dozens,0,0,0,0,598,0,0,650,0,0,0,0
1995,First Unit of Quantity,6205302030,China,1995,dozens,"15,696","13,973","7,049","12,350","12,724","9,382","14,364","16,871","9,511","17,342","15,643","12,094"
1995,First Unit of Quantity,6205302040,China,1995,dozens,10,"2,335",208,68,393,0,0,43,0,0,32,0
1995,First Unit of Quantity,6205302050,China,1995,dozens,"74,831","37,841","57,236","18,312","46,604","49,332","33,334","68,578","34,856","22,323","11,542","39,989"
1995,First Unit of Quantity,6205302060,China,1995,dozens,300,0,0,600,"2,346","1,218","5,100",855,280,0,0,0
1995,First Unit of Quantity,6205302070,China,1995,dozens,"68,818","62,710","34,984","32,209","31,778","43,309","41,760","64,925","51,571","62,864","64,729","47,945"
1995,First Unit of Quantity,6205302075,China,1995,dozens,0,930,0,0,0,0,0,0,0,0,0,0
1995,First Unit of Quantity,6205302080,China,1995,dozens,"16,434","9,443","1,400","1,452","19,329","28,291","28,553","17,957","24,329","10,859","6,901","8,387"
1995,First Unit of Quantity,6205901000,China,1995,dozens,"126,599","70,097","45,973","44,691","48,343","19,659","26,157","25,886","50,027","58,361","49,017","29,090"
1995,First Unit of Quantity,6205903010,China,1995,dozens,0,7,0,0,0,2,0,0,0,0,0,0
1995,First Unit of Quantity,6205903050,China,1995,dozens,0,"1,967",44,0,249,0,0,0,0,0,91,0
1995,First Unit of Quantity,6205904040,China,1995,dozens,"6,935","19,263","45,035","14,994","37,367","19,193","7,664","1,184","8,310","4,124","8,341","2,986"
1995,First Unit of Quantity,6206100010,China,1995,dozens,0,83,0,56,138,0,0,0,0,0,0,0
1995,First Unit of Quantity,6206100040,China,1995,dozens,"411,165","291,153","294,055","249,945","186,247","204,490","292,147","229,396","168,187","217,494","195,584","171,453"
1995,First Unit of Quantity,6206100050,China,1995,dozens,"1,463","1,697","2,422",101,96,245,0,202,327,0,587,170
1995,First Unit of Quantity,6206202010,China,1995,dozens,0,0,0,0,0,0,110,0,0,0,0,0
1995,First Unit of Quantity,6206203010,China,1995,dozens,0,0,0,0,0,0,95,110,14,0,0,0
1995,First Unit of Quantity,6206302000,China,1995,dozens,0,0,0,0,46,0,0,0,0,0,0,0
1995,First Unit of Quantity,6206303010,China,1995,dozens,"21,303","19,674","20,914","24,783","13,549","30,318","56,545","27,312","19,928","7,177","1,524","2,008"
1995,First Unit of Quantity,6206303020,China,1995,dozens,"1,798",0,0,0,500,331,"7,575",0,832,"1,900",0,0
1995,First Unit of Quantity,6206303030,China,1995,dozens,"1,650","3,753",513,709,"1,155","10,728","11,648","4,668",416,"2,135",0,811
1995,First Unit of Quantity,6206303040,China,1995,dozens,"53,100","39,582","26,458","18,063","20,796","50,794","57,924","61,245","43,151","41,736","13,049","5,235"
1995,First Unit of Quantity,6206303050,China,1995,dozens,"2,302","2,340",0,0,81,"5,312","2,500","1,800",0,0,"3,350",800
1995,First Unit of Quantity,6206303060,China,1995,dozens,"2,122",709,369,339,"5,380","1,373","3,137","1,250",290,"1,432","1,494","3,157"
1995,First Unit of Quantity,6206402000,China,1995,dozens,0,85,0,0,0,0,592,44,743,"1,777",0,0
1995,First Unit of Quantity,6206403010,China,1995,dozens,"4,110","5,163","4,249","12,134","5,251","2,104","7,171","2,532","2,667","3,275",261,667
1995,First Unit of Quantity,6206403025,China,1995,dozens,0,0,0,0,"1,288","12,128","6,828",0,0,0,0,120
1995,First Unit of Quantity,6206403030,China,1995,dozens,"101,854","130,510","86,937","70,632","86,841","86,377","140,494","114,908","99,578","69,582","41,398","64,343"
1995,First Unit of Quantity,6206403050,China,1995,dozens,"6,200","3,879",25,"6,114","4,577",728,"1,270",288,"2,018",0,226,0
1995,First Unit of Quantity,6206900030,China,1995,dozens,0,0,0,41,0,0,0,0,0,333,0,0
1995,First Unit of Quantity,6206900040,China,1995,dozens,"20,614","61,544","44,308","26,995","14,628","2,898","4,268","3,369","4,696","6,284","3,230","11,924"
1995,First Unit of Quantity,6207110000,China,1995,dozens,"6,596",734,"21,353","12,045","7,526","7,200",0,"2,200",0,0,0,0
1995,First Unit of Quantity,6207191000,China,1995,dozens,"33,587","32,058","34,753","96,273","51,502","57,397","65,182","41,891","33,165","121,810","105,303","49,598"
1995,First Unit of Quantity,6207199010,China,1995,dozens,"13,268","37,151","5,280","2,668","39,050","3,559","34,760","2,512","25,572","13,200","4,431",478
1995,First Unit of Quantity,6207199030,China,1995,dozens,0,0,0,0,0,0,0,0,0,0,18,0
1995,First Unit of Quantity,6207210010,China,1995,dozens,500,0,0,0,"3,294","14,135","1,008","1,794","3,006",750,750,0
1995,First Unit of Quantity,6207210030,China,1995,dozens,"4,254","1,719",0,"3,464","16,640","28,857","21,594","20,483","8,091","4,459","1,416","1,620"
1995,First Unit of Quantity,6207220000,China,1995,dozens,"21,454","13,310","7,079","3,082",280,"6,874","5,511","4,707",0,"10,691","11,859","10,064"
1995,First Unit of Quantity,6207291000,China,1995,dozens,"2,186",96,161,"2,787",869,823,"1,492","1,932","2,578","5,099","2,273",363
1995,First Unit of Quantity,6207911000,China,1995,dozens,"5,769","7,315","1,312","1,128","3,906","13,135","4,238","12,710","6,148","2,893","1,631","8,629"
1995,First Unit of Quantity,6207913010,China,1995,dozens,0,0,0,162,0,"1,364","8,008","8,914","1,177","3,318",0,5
1995,First Unit of Quantity,6207913020,China,1995,dozens,0,0,0,"3,300",0,0,0,0,0,0,0,0
1995,First Unit of Quantity,6207922020,China,1995,dozens,647,"1,666","1,932",244,710,196,234,"3,019",0,156,304,"4,000"
1995,First Unit of Quantity,6207924010,China,1995,dozens,0,0,0,0,0,0,0,0,0,0,0,333
1995,First Unit of Quantity,6207924020,China,1995,dozens,0,"12,000",0,0,0,0,0,0,"5,400",0,0,0
1995,First Unit of Quantity,6207992000,China,1995,dozens,0,0,0,0,0,0,0,0,0,0,0,5
1995,First Unit of Quantity,6207997010,China,1995,dozens,477,202,"1,453","1,545","1,511","2,713","1,619","2,642","1,045","5,902","5,677",666
1995,First Unit of Quantity,6207997020,China,1995,dozens,0,0,92,12,669,309,732,537,472,"1,719",982,430
1995,First Unit of Quantity,6207997030,China,1995,dozens,"2,198","3,267","1,534","1,854",422,"3,450","3,059",261,742,"6,390",182,289
1995,First Unit of Quantity,6208110000,China,1995,dozens,"6,844","3,258","9,649","2,677","6,287","10,799","6,701","2,867","12,269","17,264","6,967","8,848"
1995,First Unit of Quantity,6208195000,China,1995,dozens,"18,164","3,612","8,181","5,996","10,468","10,026","5,958","2,648","5,659","13,707","18,721","5,051"
1995,First Unit of Quantity,6208199000,China,1995,dozens,161,0,0,0,0,0,0,0,0,0,0,0
1995,First Unit of Quantity,6208210010,China,1995,dozens,590,858,"1,334","3,715","9,017","2,584","22,494","10,573","9,762","1,026",0,276
1995,First Unit of Quantity,6208210020,China,1995,dozens,"10,592","14,431","4,183","9,611","1,762","11,795","25,367","32,085","15,051","13,615","2,266",283
1995,First Unit of Quantity,6208210030,China,1995,dozens,0,0,0,20,763,0,0,0,0,0,0,0
1995,First Unit of Quantity,6208220000,China,1995,dozens,"60,174","25,383","26,184","19,139","27,416","24,777","39,068","52,748","57,827","67,606","53,618","32,039"
1995,First Unit of Quantity,6208291000,China,1995,dozens,"17,148","10,585","17,158","14,609","20,168","13,574","25,945","9,655","15,783","26,409","22,575","6,665"
1995,First Unit of Quantity,6208299030,China,1995,dozens,49,0,0,19,0,0,0,79,5,3,2,1
1995,First Unit of Quantity,6208911010,China,1995,dozens,612,751,479,"1,790","1,140",588,"4,932","2,421",607,"2,765",929,864
1995,First Unit of Quantity,6208913010,China,1995,dozens,"14,400",0,80,0,0,0,0,0,0,0,0,0
1995,First Unit of Quantity,6208920010,China,1995,dozens,"5,976","3,584","2,644","4,376","2,263","4,447","7,176","6,388","10,356","9,025","12,962","2,231"
1995,First Unit of Quantity,6208920030,China,1995,dozens,"84,789","43,810","63,062","43,568","102,930","81,332","76,005","118,258","103,959","134,580","78,310","12,886"
1995,First Unit of Quantity,6208920040,China,1995,dozens,0,0,0,0,0,0,0,0,676,0,0,0
1995,First Unit of Quantity,6208993010,China,1995,dozens,"4,319","3,247","3,375","1,767","1,806","4,168","2,500",721,"5,340","7,022","9,754","4,143"
1995,First Unit of Quantity,6208993020,China,1995,dozens,"73,309","39,561","69,057","63,090","40,045","30,457","40,331","38,342","35,791","75,066","64,346","51,291"
1995,First Unit of Quantity,6208995010,China,1995,dozens,134,0,0,0,0,0,1,162,3,2,1,0
1995,First Unit of Quantity,6208995020,China,1995,dozens,0,0,0,0,0,0,4,2,0,0,4,0
1995,First Unit of Quantity,6208998010,China,1995,dozens,0,0,0,0,0,1,5,0,1,1,1,2
1995,First Unit of Quantity,6208998020,China,1995,dozens,0,0,0,0,0,0,0,0,0,0,2,0
1995,First Unit of Quantity,6209201000,China,1995,dozens,216,"2,874","1,292",770,"2,057","1,474","1,886","2,186",280,"3,699","1,229",0
1995,First Unit of Quantity,6209202000,China,1995,dozens,50,"2,768",449,412,599,"1,178","2,161","1,574",0,0,0,248
1995,First Unit of Quantity,6209203000,China,1995,dozens,"1,774","5,392","2,215","1,570","3,072","5,636","4,041","1,240",859,"5,586","2,049",266
1995,First Unit of Quantity,6209205030,China,1995,dozens,"3,394","19,144","5,147","1,990","4,892","1,649","1,808","1,012","1,562","3,337","1,046","2,191"
1995,First Unit of Quantity,6209205035,China,1995,dozens,"17,810","10,013","1,622","1,402",906,"4,980","10,454","9,437","3,184","2,015","9,421","11,362"
1995,First Unit of Quantity,6209205040,China,1995,dozens,"7,650","99,475","3,500","2,500","13,000","20,300",0,0,"10,500",0,"28,542","14,395"
1995,First Unit of Quantity,6209205045,China,1995,dozens,"22,104","13,130",236,0,352,"5,721","16,923","19,925","10,267","11,861","19,919","12,193"
1995,First Unit of Quantity,6209205050,China,1995,dozens,"16,788","16,176","17,260","22,399","11,731","37,902","87,934","39,665","30,950","29,472","16,923","14,042"
1995,First Unit of Quantity,6209301000,China,1995,dozens,0,0,0,0,94,0,75,0,0,0,0,0
1995,First Unit of Quantity,6209302000,China,1995,dozens,0,0,0,0,0,73,0,0,0,0,0,0
1995,First Unit of Quantity,6209303010,China,1995,dozens,"2,795","2,500",0,0,0,0,236,0,0,0,0,752
1995,First Unit of Quantity,6209303020,China,1995,dozens,"21,900","49,623","21,064",350,"9,234","6,871","4,437","2,090","5,680","1,227","2,092","19,300"
1995,First Unit of Quantity,6209303030,China,1995,dozens,998,0,"2,095",0,0,0,0,18,"7,500",0,0,"1,686"
1995,First Unit of Quantity,6209303040,China,1995,dozens,"6,043","4,990",897,884,"2,183","6,973","8,633","16,326","3,958","5,163","1,411",200
1995,First Unit of Quantity,6209901000,China,1995,dozens,0,0,0,0,0,0,0,0,0,0,13,0
1995,First Unit of Quantity,6209902000,China,1995,dozens,8,0,0,0,0,0,0,0,0,0,0,0
1995,First Unit of Quantity,6209903040,China,1995,dozens,0,0,0,0,0,690,0,0,0,0,0,0
1995,First Unit of Quantity,6209905000,China,1995,dozens,0,0,0,0,0,0,0,1,0,0,0,0
1995,First Unit of Quantity,6209909000,China,1995,dozens,0,738,"1,199",0,0,0,0,0,0,0,0,45
1995,First Unit of Quantity,6210102000,China,1995,dozens,0,0,0,0,0,0,211,0,0,0,0,0
1995,First Unit of Quantity,6210105000,China,1995,dozens,"99,512","114,645","66,533","157,560","221,498","150,612","184,912","252,915","145,234","185,134","306,278","293,790"
1995,First Unit of Quantity,6210107000,China,1995,dozens,0,0,0,0,0,0,0,0,0,0,"3,200",0
1995,First Unit of Quantity,6210109010,China,1995,dozens,0,0,0,0,0,0,0,0,0,0,"1,800",0
1995,First Unit of Quantity,6210109040,China,1995,dozens,0,0,0,0,42,"3,346",779,0,0,0,0,0
1995,First Unit of Quantity,6210203000,China,1995,dozens,"7,609","6,800","3,658","2,112","4,681","4,840","7,005","6,610","10,755","9,756","8,348","4,856"
1995,First Unit of Quantity,6210205000,China,1995,dozens,0,0,0,0,101,533,0,395,82,0,0,0
1995,First Unit of Quantity,6210207000,China,1995,dozens,"2,344","2,169","1,071","2,529","3,519","3,892","7,255","1,493","1,089","1,088",0,0
1995,First Unit of Quantity,6210303000,China,1995,dozens,"2,759","2,496",174,"2,749","1,913","2,970","1,592",516,"1,264",650,841,"8,878"
1995,First Unit of Quantity,6210305000,China,1995,dozens,"4,350",0,91,0,0,"2,704","1,352","4,071",459,0,108,"1,752"
1995,First Unit of Quantity,6210307000,China,1995,dozens,0,0,0,0,0,0,0,192,724,500,522,0
1995,First Unit of Quantity,6210403000,China,1995,dozens,"24,019","20,470","24,247","23,495","57,628","30,022","27,604","24,933","19,953","27,061","28,041","21,010"
1995,First Unit of Quantity,6210405020,China,1995,dozens,"2,227","1,382","3,219","1,711","2,303","9,716","6,948","6,251","2,993","1,513",735,0
1995,First Unit of Quantity,6210405030,China,1995,dozens,456,330,"1,562",217,154,"1,319","2,449","1,834","1,829",710,109,695
1995,First Unit of Quantity,6210405040,China,1995,dozens,353,195,"1,211",0,83,184,688,"1,042",64,0,0,0
1995,First Unit of Quantity,6210405050,China,1995,dozens,137,0,0,99,0,128,300,36,224,197,0,0
1995,First Unit of Quantity,6210407000,China,1995,dozens,"2,066","1,257","1,144","1,549","1,809",597,"3,891","3,651","2,139",775,0,0
1995,First Unit of Quantity,6210409016,China,1995,dozens,0,0,0,0,0,0,0,0,59,0,0,0
1995,First Unit of Quantity,6210409017,China,1995,dozens,0,0,0,0,0,0,0,0,0,32,0,0
1995,First Unit of Quantity,6210409019,China,1995,dozens,0,0,752,0,0,0,0,0,0,0,0,0
1995,First Unit of Quantity,6210503000,China,1995,dozens,"5,236","5,850","9,377","8,409","4,203","11,230","11,528","12,112","16,356","2,991","3,754","4,232"
1995,First Unit of Quantity,6210505020,China,1995,dozens,400,543,51,298,"1,716",860,"1,014","2,519","1,884",301,5,"1,086"
1995,First Unit of Quantity,6210505035,China,1995,dozens,41,21,0,0,0,281,864,306,249,41,0,0
1995,First Unit of Quantity,6210505040,China,1995,dozens,0,0,21,0,3,0,28,120,140,26,0,0
1995,First Unit of Quantity,6210505055,China,1995,dozens,0,0,0,0,0,0,294,200,0,15,0,0
1995,First Unit of Quantity,6210507000,China,1995,dozens,0,0,16,0,69,39,687,"5,350","4,013","6,446",699,0
1995,First Unit of Quantity,6210509010,China,1995,dozens,0,0,0,0,0,0,6,0,0,0,0,167
1995,First Unit of Quantity,6210509020,China,1995,dozens,0,0,0,694,68,0,0,0,0,0,0,0
1995,First Unit of Quantity,6210509030,China,1995,dozens,0,0,0,0,338,0,0,0,0,0,0,0
1995,First Unit of Quantity,6210509040,China,1995,dozens,0,0,31,495,16,229,51,155,0,98,0,0
1995,First Unit of Quantity,6210509050,China,1995,dozens,0,0,0,0,0,0,0,0,0,0,0,0
1995,First Unit of Quantity,6211111010,China,1995,dozens,"38,183","40,435","35,146","26,315","13,969","3,595","1,407","2,103","6,193","10,021","30,703","19,645"
1995,First Unit of Quantity,6211111020,China,1995,dozens,"30,600","7,135","8,319","7,102","1,093",0,0,450,0,"8,689","10,475","11,690"
1995,First Unit of Quantity,6211118010,China,1995,dozens,"12,331","46,600","94,998","76,520","43,971","10,410","4,998","1,293","8,001","6,385",796,500
1995,First Unit of Quantity,6211118020,China,1995,dozens,"58,143","44,605","42,252",640,"5,502","2,505",0,"6,336","31,513","5,570","3,986",0
1995,First Unit of Quantity,6211121010,China,1995,dozens,813,0,0,0,0,0,0,0,0,0,0,0
1995,First Unit of Quantity,6211128010,China,1995,dozens,0,0,0,457,0,0,0,0,0,0,0,0
1995,First Unit of Quantity,6211200410,China,1995,dozens,0,0,0,0,0,0,0,109,0,0,0,0
1995,First Unit of Quantity,6211200420,China,1995,dozens,0,0,0,0,0,0,609,"1,557",0,0,0,0
1995,First Unit of Quantity,6211200430,China,1995,dozens,0,0,0,0,0,0,0,112,0,0,0,0
1995,First Unit of Quantity,6211200440,China,1995,dozens,0,0,0,0,0,0,63,641,0,0,0,0
1995,First Unit of Quantity,6211201515,China,1995,dozens,12,0,0,0,0,425,95,157,83,0,0,99
1995,First Unit of Quantity,6211201520,China,1995,dozens,0,0,0,0,0,0,0,0,13,0,0,0
1995,First Unit of Quantity,6211201525,China,1995,dozens,0,0,0,0,0,933,151,"2,041",137,0,0,81
1995,First Unit of Quantity,6211201535,China,1995,dozens,178,20,590,856,"1,444","2,338","1,510","2,360",0,16,52,3
1995,First Unit of Quantity,6211201540,China,1995,dozens,0,0,0,0,0,0,0,115,0,0,0,0
1995,First Unit of Quantity,6211201545,China,1995,dozens,0,0,0,0,0,158,0,0,13,0,0,49
1995,First Unit of Quantity,6211201555,China,1995,dozens,0,0,0,0,0,533,0,0,0,0,0,38
1995,First Unit of Quantity,6211201565,China,1995,dozens,566,0,410,939,"1,491","2,660","2,565","3,879",0,9,2,7
1995,First Unit of Quantity,6211202820,China,1995,dozens,0,0,0,0,0,0,0,3,0,0,0,0
1995,First Unit of Quantity,6211204835,China,1995,dozens,0,1,0,0,0,0,0,0,0,0,0,0
1995,First Unit of Quantity,6211206820,China,1995,dozens,0,0,0,0,0,0,0,0,0,0,0,4
1995,First Unit of Quantity,6211207820,China,1995,dozens,224,1,0,0,0,0,0,700,0,0,0,4
1995,First Unit of Quantity,6211310040,China,1995,dozens,0,0,0,0,0,43,0,"1,529",193,0,0,0
1995,First Unit of Quantity,6211320007,China,1995,dozens,0,0,0,0,"2,212","1,064","1,355",612,888,0,0,0
1995,First Unit of Quantity,6211320010,China,1995,dozens,0,0,0,0,600,0,0,0,0,0,0,0
1995,First Unit of Quantity,6211320015,China,1995,dozens,0,"6,860",0,264,390,"9,995","1,041","3,886","2,004","1,777",717,"3,048"
1995,First Unit of Quantity,6211320025,China,1995,dozens,0,0,0,0,655,75,206,0,0,0,0,0
1995,First Unit of Quantity,6211320030,China,1995,dozens,"4,282",0,0,550,825,"6,252",38,"4,171","2,062","2,008","1,248","1,552"
1995,First Unit of Quantity,6211320070,China,1995,dozens,"1,582","6,876","5,256","2,527","7,480","13,600","4,692","2,218","2,858","4,899",950,100
1995,First Unit of Quantity,6211320075,China,1995,dozens,0,0,0,12,0,0,500,0,0,0,0,0
1995,First Unit of Quantity,6211320081,China,1995,dozens,0,"3,934","1,323","1,008",105,"1,992",0,"1,722",8,0,0,0
1995,First Unit of Quantity,6211330003,China,1995,dozens,0,0,0,0,0,8,297,100,0,0,0,0
1995,First Unit of Quantity,6211330007,China,1995,dozens,0,0,0,0,0,0,477,568,33,0,0,0
1995,First Unit of Quantity,6211330010,China,1995,dozens,0,0,0,0,0,"1,221","3,507",0,69,0,0,0
1995,First Unit of Quantity,6211330015,China,1995,dozens,0,0,0,0,0,0,0,0,100,0,0,0
1995,First Unit of Quantity,6211330025,China,1995,dozens,0,0,0,0,"1,242",0,0,0,0,0,0,0
1995,First Unit of Quantity,6211330030,China,1995,dozens,"3,673","1,975","1,218","2,001",600,"7,067","3,697","2,281","1,206","1,997","1,007",33
1995,First Unit of Quantity,6211330035,China,1995,dozens,"2,011","2,184","2,089","2,000",600,"7,067","2,597","1,215","1,206","1,997","1,007",33
1995,First Unit of Quantity,6211330040,China,1995,dozens,"1,641",0,0,0,0,"1,616","1,016",0,0,0,0,0
1995,First Unit of Quantity,6211330052,China,1995,dozens,17,0,0,0,0,0,0,0,6,0,0,0
1995,First Unit of Quantity,6211330054,China,1995,dozens,"6,519","2,396","2,664",983,"2,473","3,383","1,084","5,464",988,750,175,"1,280"
1995,First Unit of Quantity,6211330058,China,1995,dozens,0,118,0,0,0,0,70,0,0,59,0,0
1995,First Unit of Quantity,6211330061,China,1995,dozens,0,0,189,0,120,0,0,250,0,0,0,0
1995,First Unit of Quantity,6211391010,China,1995,dozens,44,0,0,0,0,0,0,225,0,5,0,0
1995,First Unit of Quantity,6211391030,China,1995,dozens,0,400,0,0,0,0,0,0,0,0,0,0
1995,First Unit of Quantity,6211391040,China,1995,dozens,0,400,0,0,0,0,0,0,0,0,0,0
1995,First Unit of Quantity,6211391050,China,1995,dozens,200,383,0,0,0,0,0,0,0,0,0,0
1995,First Unit of Quantity,6211391060,China,1995,dozens,"1,426","1,212",985,802,65,333,246,"1,273","3,155","2,207","4,453",100
1995,First Unit of Quantity,6211391070,China,1995,dozens,0,0,921,0,0,0,0,0,7,0,0,0
1995,First Unit of Quantity,6211391090,China,1995,dozens,0,0,0,375,0,0,10,0,0,0,0,0
1995,First Unit of Quantity,6211399060,China,1995,dozens,462,"6,185","7,114","4,034","1,867","1,169",783,500,0,0,22,398
1995,First Unit of Quantity,6211399090,China,1995,dozens,0,0,540,0,70,0,0,0,0,0,0,0
1995,First Unit of Quantity,6211410030,China,1995,dozens,0,0,0,0,0,0,63,0,26,0,0,0
1995,First Unit of Quantity,6211410040,China,1995,dozens,0,0,0,0,42,"7,786","4,012","2,908",0,0,0,0
1995,First Unit of Quantity,6211410050,China,1995,dozens,35,0,0,0,17,0,816,"2,186",879,18,117,0
1995,First Unit of Quantity,6211420007,China,1995,dozens,0,0,0,0,0,25,545,64,0,0,0,0
1995,First Unit of Quantity,6211420010,China,1995,dozens,"1,075",318,"1,441","1,063",350,143,489,293,210,0,21,5
1995,First Unit of Quantity,6211420020,China,1995,dozens,"3,495",950,0,800,"2,622",299,"2,955","4,443","1,475",500,0,"1,030"
1995,First Unit of Quantity,6211420025,China,1995,dozens,"99,499","50,772","46,378","22,924","32,119","24,869","11,270","8,908","4,353","13,696","18,715","30,451"
1995,First Unit of Quantity,6211420054,China,1995,dozens,"2,803","1,849",620,505,0,0,494,17,0,0,0,0
1995,First Unit of Quantity,6211420056,China,1995,dozens,724,775,141,140,36,0,23,221,165,"2,710",372,0
1995,First Unit of Quantity,6211420060,China,1995,dozens,"19,182","26,742","9,604","6,272","31,529","37,395","56,858","14,977","5,431","3,538","4,780","4,050"
1995,First Unit of Quantity,6211420070,China,1995,dozens,"4,145","11,687","17,699","4,118","13,383","24,030","18,804","8,792","20,441","14,990","8,771","8,743"
1995,First Unit of Quantity,6211420075,China,1995,dozens,0,0,0,0,0,250,200,0,0,0,0,0
1995,First Unit of Quantity,6211420081,China,1995,dozens,"11,522","33,185","23,232","10,869","18,800","18,404","11,935","7,863","6,408","3,732","1,065",66
1995,First Unit of Quantity,6211430003,China,1995,dozens,0,0,0,0,0,0,0,32,0,0,0,0
1995,First Unit of Quantity,6211430007,China,1995,dozens,0,0,0,0,0,80,40,609,0,0,0,0
1995,First Unit of Quantity,6211430010,China,1995,dozens,"5,241","2,699","4,664","2,549","4,484",639,"1,156",922,893,"2,039",640,"1,809"
1995,First Unit of Quantity,6211430020,China,1995,dozens,0,"4,020","2,962","1,617",0,0,"2,250",0,0,0,0,0
1995,First Unit of Quantity,6211430030,China,1995,dozens,"172,738","108,743","84,866","53,897","24,216","18,672","1,629",944,640,0,"2,059","29,697"
1995,First Unit of Quantity,6211430040,China,1995,dozens,"2,496","1,924","2,728","3,721","2,566","17,670","8,360","17,256","13,345","7,274","1,532",0
1995,First Unit of Quantity,6211430050,China,1995,dozens,"3,746","2,349","2,728","3,721","2,566","13,625","5,256","16,489","13,345","6,994","1,532",0
1995,First Unit of Quantity,6211430060,China,1995,dozens,"9,138","12,854","4,251","2,144","2,582","2,094","13,136","1,869","2,345","4,616","1,167","10,397"
1995,First Unit of Quantity,6211430064,China,1995,dozens,0,0,0,0,0,"3,405","3,999","2,520",0,0,0,0
1995,First Unit of Quantity,6211430066,China,1995,dozens,93,"4,145","9,382",0,"3,716","14,759","11,214","2,143","2,186",0,0,"1,253"
1995,First Unit of Quantity,6211430074,China,1995,dozens,0,0,0,0,0,0,20,0,35,0,0,0
1995,First Unit of Quantity,6211430076,China,1995,dozens,"3,105","23,113","5,024","9,326","7,496","17,390","19,761","14,713","5,729",979,505,745
1995,First Unit of Quantity,6211430078,China,1995,dozens,0,0,25,0,0,"4,075","3,104",774,0,280,0,0
1995,First Unit of Quantity,6211430091,China,1995,dozens,635,"6,893",151,"3,316",0,"2,074","7,510","3,863","1,193",61,0,0
1995,First Unit of Quantity,6211491010,China,1995,dozens,39,31,85,185,67,42,5,80,90,66,58,220
1995,First Unit of Quantity,6211491020,China,1995,dozens,"1,153",517,50,144,987,7,9,0,8,5,"2,358","7,401"
1995,First Unit of Quantity,6211491030,China,1995,dozens,81,"3,513",552,0,555,69,89,"4,064","1,115","4,090",121,241
1995,First Unit of Quantity,6211491040,China,1995,dozens,81,"3,513",552,0,555,69,89,"4,064",715,"4,090",121,241
1995,First Unit of Quantity,6211491050,China,1995,dozens,"49,127","4,961","11,458","10,878","5,770","4,401","6,291","2,397","1,540","3,823","2,014","3,654"
1995,First Unit of Quantity,6211491060,China,1995,dozens,119,0,26,"3,088",22,105,197,40,30,8,5,315
1995,First Unit of Quantity,6211491070,China,1995,dozens,"22,642","25,108","17,682","26,140","19,562","11,847","8,925","9,682","6,052","8,163","8,000","18,232"
1995,First Unit of Quantity,6211491080,China,1995,dozens,418,50,432,36,0,64,533,135,471,576,159,122
1995,First Unit of Quantity,6211491090,China,1995,dozens,"3,777","1,084","19,977","1,618",698,360,342,"1,428","1,679","2,005",587,839
1995,First Unit of Quantity,6211499010,China,1995,dozens,3,54,0,58,0,0,0,0,0,0,0,0
1995,First Unit of Quantity,6211499020,China,1995,dozens,39,239,629,29,0,0,0,0,0,0,0,0
1995,First Unit of Quantity,6211499040,China,1995,dozens,69,0,0,0,0,0,0,0,0,0,0,0
1995,First Unit of Quantity,6211499050,China,1995,dozens,"1,019","1,802",534,"1,016",207,0,0,142,0,85,516,0
1995,First Unit of Quantity,6211499060,China,1995,dozens,0,"1,895",360,"1,140",0,0,0,0,0,192,0,0
1995,First Unit of Quantity,6211499070,China,1995,dozens,"3,938","16,535","14,191","5,828","1,181",688,538,219,0,0,42,518
1995,First Unit of Quantity,6211499080,China,1995,dozens,"1,704",794,224,0,92,0,0,0,0,0,0,0
1995,First Unit of Quantity,6211499090,China,1995,dozens,404,"1,219",189,876,"1,790",0,19,0,0,0,0,0
1995,First Unit of Quantity,6212103000,China,1995,dozens,0,0,523,0,26,0,37,0,0,0,"1,195",45
1995,First Unit of Quantity,6212105010,China,1995,dozens,"16,969","73,379","1,850","2,885","2,113","12,013","8,873","7,823","1,585","1,660","1,000","4,620"
1995,First Unit of Quantity,6212105020,China,1995,dozens,567,"53,097","9,032",798,"9,986","13,030","16,555","5,201",23,"4,805","2,827",0
1995,First Unit of Quantity,6212107000,China,1995,dozens,8,0,474,105,0,"1,130",467,814,552,157,30,0
1995,First Unit of Quantity,6212109010,China,1995,dozens,"36,881","76,516","56,518","85,462","99,686","159,765","133,057","103,066","49,658","21,377","14,343","11,440"
1995,First Unit of Quantity,6212109020,China,1995,dozens,"70,613","148,164","92,511","92,045","97,272","91,882","62,701","37,651","28,259","11,427",19,"1,000"
1995,First Unit of Quantity,6212109040,China,1995,dozens,0,0,0,0,0,4,22,41,13,8,2,0
1995,First Unit of Quantity,6212200010,China,1995,dozens,0,0,0,0,0,0,0,0,0,0,0,24
1995,First Unit of Quantity,6212200020,China,1995,dozens,85,0,0,0,0,0,0,0,0,0,0,0
1995,First Unit of Quantity,6212300010,China,1995,dozens,0,0,0,0,723,0,0,0,0,0,0,0
1995,First Unit of Quantity,6212300020,China,1995,dozens,0,"2,015","2,535",838,"1,115","1,000","1,283",4,"2,710","1,715",0,0
1995,First Unit of Quantity,6212300030,China,1995,dozens,0,0,80,0,40,0,0,0,0,0,0,0
1995,First Unit of Quantity,6212900010,China,1995,dozens,282,64,0,"4,838",614,0,48,0,0,0,0,"3,500"
1995,First Unit of Quantity,6212900030,China,1995,dozens,"4,116","2,799","6,137","3,027","1,780","1,155","2,146","5,386","1,712","1,618","1,564",720
1995,First Unit of Quantity,6212900050,China,1995,dozens,33,73,150,50,306,0,35,0,27,182,0,0
1995,First Unit of Quantity,6213101000,China,1995,dozens,630,"15,667","4,316","13,699","8,050","10,977","11,095","18,121","11,370",208,"1,045",67
1995,First Unit of Quantity,6213201000,China,1995,dozens,"114,117","170,792","365,234","244,980","300,697","509,090","169,287","52,270",0,"22,500","1,701",0
1995,First Unit of Quantity,6213202000,China,1995,dozens,"22,813","39,660","51,129","39,388","29,100","85,192","29,280","45,648","45,807","1,500",0,94
1995,First Unit of Quantity,6213901000,China,1995,dozens,"143,052","224,955","290,917","115,846","130,951","258,000","25,000","28,000","119,856",0,0,"12,875"
1995,First Unit of Quantity,6213902000,China,1995,dozens,0,0,0,0,0,0,0,0,0,82,0,0
1995,First Unit of Quantity,6214101000,China,1995,dozens,"11,030","11,029","8,153","8,987","13,260","22,133","18,960","20,016","14,786","14,734","13,984","14,258"
1995,First Unit of Quantity,6214102000,China,1995,dozens,0,0,0,0,0,0,0,0,0,0,0,0
1995,First Unit of Quantity,6214200000,China,1995,dozens,0,0,295,0,"3,500",0,477,311,"1,462",0,0,0
1995,First Unit of Quantity,6214300000,China,1995,dozens,"2,665","2,262","7,769","31,899","10,403","46,847","42,704","8,199","2,020",239,60,0
1995,First Unit of Quantity,6214400000,China,1995,dozens,124,125,"2,201",68,120,"3,363",662,"2,323",168,100,8,17
1995,First Unit of Quantity,6214900010,China,1995,dozens,0,0,0,0,0,0,0,0,23,0,0,0
1995,First Unit of Quantity,6214900090,China,1995,dozens,0,200,24,0,0,0,0,0,0,0,0,0
1995,First Unit of Quantity,6215100025,China,1995,dozens,0,0,0,400,258,0,0,483,992,0,0,0
1995,First Unit of Quantity,6215100040,China,1995,dozens,"8,564","2,233","4,071","3,693","2,365","8,008","2,479","4,660","5,766","8,533","11,938","2,371"
1995,First Unit of Quantity,6215100090,China,1995,dozens,0,0,11,0,0,0,0,0,0,0,0,0
1995,First Unit of Quantity,6215200000,China,1995,dozens,0,"2,943",266,0,83,0,0,400,"1,500",0,0,0
1995,First Unit of Quantity,6215900015,China,1995,dozens,450,0,0,0,0,0,0,306,0,0,0,0
1995,First Unit of Quantity,6216000500,China,1995,dozen pairs,5,68,0,0,0,0,0,0,0,0,0,0
1995,First Unit of Quantity,6216000800,China,1995,dozen pairs,"9,765","11,257","20,370","25,610","20,189","26,201","42,675","64,150","55,210","15,054","4,914","1,683"
1995,First Unit of Quantity,6216001300,China,1995,dozen pairs,"17,544","7,127","15,886","10,265","17,826","14,017","9,630","19,474","6,052","8,527","8,400","6,055"
1995,First Unit of Quantity,6216001720,China,1995,dozen pairs,0,0,0,"26,000","13,000","32,000","20,000","13,000","31,000","1,000",0,0
1995,First Unit of Quantity,6216001740,China,1995,dozen pairs,"2,000",0,0,0,"15,000",0,0,"16,000",0,0,0,0
1995,First Unit of Quantity,6216001900,China,1995,dozen pairs,840,0,807,0,263,120,0,0,0,0,"9,952",0
1995,First Unit of Quantity,6216002120,China,1995,dozen pairs,0,58,0,0,0,0,0,731,0,0,0,0
1995,First Unit of Quantity,6216002425,China,1995,dozen pairs,0,0,0,0,0,0,0,"1,894",52,0,0,0
1995,First Unit of Quantity,6216002600,China,1995,dozen pairs,"5,000","4,620",667,"1,840","11,150","5,590","2,494",648,0,"2,100","3,440","1,962"
1995,First Unit of Quantity,6216002925,China,1995,dozen pairs,0,7,0,0,0,"1,864","1,268","23,290","15,601",0,0,0
1995,First Unit of Quantity,6216003100,China,1995,dozen pairs,0,"3,400","4,600","4,758","10,450","3,570","2,236","2,933","8,556","4,036",500,0
1995,First Unit of Quantity,6216003300,China,1995,dozen pairs,0,0,0,59,23,27,0,7,1,0,0,0
1995,First Unit of Quantity,6216003500,China,1995,dozen pairs,18,0,0,0,"2,441","2,012","1,751","1,859",314,"2,082",251,0
1995,First Unit of Quantity,6216003800,China,1995,dozen pairs,"128,886","262,842","142,144","184,734","273,213","208,087","230,769","392,374","136,440","221,293","152,428","156,725"
1995,First Unit of Quantity,6216004100,China,1995,dozen pairs,"7,000",0,0,0,"2,280",978,"4,000","7,000",0,0,0,0
1995,First Unit of Quantity,6216004300,China,1995,dozen pairs,0,0,0,171,642,"1,070","1,002","9,212","2,784",373,136,109
1995,First Unit of Quantity,6216004600,China,1995,dozen pairs,"25,230","30,443","22,849","47,113","187,086","205,973","215,372","287,251","244,014","168,112","32,699","10,856"
1995,First Unit of Quantity,6216005410,China,1995,dozen pairs,0,0,0,0,0,0,"3,527",0,300,0,0,0
1995,First Unit of Quantity,6216005420,China,1995,dozen pairs,"2,462",0,0,0,"3,650","2,664","26,561","39,266","47,225","7,520",100,0
1995,First Unit of Quantity,6216005820,China,1995,dozen pairs,36,0,0,200,"14,430","17,595","23,031","25,587","24,654","9,538","3,430","1,132"
1995,First Unit of Quantity,6216008000,China,1995,dozen pairs,0,0,0,0,130,24,0,400,704,400,0,0
1995,First Unit of Quantity,6216009000,China,1995,dozen pairs,"161,839","56,000","19,000","20,000","74,755","11,350","48,500","29,000","16,894",0,"5,840","39,768"
1995,First Unit of Quantity,6217101000,China,1995,dozens,74,21,396,0,665,6,59,"3,871",730,55,84,32
1995,First Unit of Quantity,6217109010,China,1995,dozens,"6,744","10,116","9,914","6,057","2,872","4,087","45,213","3,483",120,550,0,510
1995,First Unit of Quantity,6217109020,China,1995,dozens,0,0,0,0,100,0,0,0,0,0,0,0
1995,First Unit of Quantity,6217109030,China,1995,dozens,"6,512","5,614","24,579","20,284","8,747","5,116","23,318","11,371","4,452","5,279","1,252","1,120"
1995,First Unit of Quantity,6217109050,China,1995,dozens,83,43,0,0,20,144,92,0,167,0,0,"4,021"
1995,First Unit of Quantity,6217901060,China,1995,dozens,20,0,57,11,11,9,52,40,0,0,21,26
1995,First Unit of Quantity,6217909075,China,1995,dozens,312,"1,258","1,511","3,322","18,529","10,905",417,"10,986",280,0,0,0
1995,First Unit of Quantity,6217909085,China,1995,dozens,251,0,"3,240","1,339",587,742,200,"8,229","17,127","5,509","5,200","3,000"
1995,First Unit of Quantity,6217909095,China,1995,dozens,0,246,0,0,0,0,0,0,0,0,0,0
1995,First Unit of Quantity,6301200010,China,1995,number,0,0,0,0,0,0,91,0,"5,100",0,0,0
1995,First Unit of Quantity,6301300010,China,1995,number,"27,780","92,260","244,694","86,052","79,712","196,552","219,765","126,100","62,308","6,000","7,000",0
1995,First Unit of Quantity,6301300020,China,1995,number,"10,780","3,023","18,000","6,300",0,0,0,0,"24,000",0,0,0
1995,First Unit of Quantity,6301400010,China,1995,number,"4,600",0,0,0,"5,040",110,0,"4,966","5,000",0,"8,560","7,726"
1995,First Unit of Quantity,6301400020,China,1995,number,"3,320","30,000",0,"36,000","10,536","19,200",0,0,0,"43,245","6,400","14,565"
1995,First Unit of Quantity,6301900020,China,1995,number,0,0,0,228,0,0,0,0,0,0,100,0
1995,First Unit of Quantity,6301900030,China,1995,number,0,0,"1,900","4,976",0,0,0,0,0,0,0,0
1995,First Unit of Quantity,6302100010,China,1995,number,0,0,0,"1,057",0,0,0,0,0,0,0,0
1995,First Unit of Quantity,6302100020,China,1995,number,0,"12,000",0,0,0,"12,000","6,000","6,000","6,075",0,"18,000","12,000"
1995,First Unit of Quantity,6302213020,China,1995,number,0,0,0,0,0,789,0,0,0,0,0,0
1995,First Unit of Quantity,6302215010,China,1995,number,"45,230",0,0,0,0,"3,978","13,920",0,0,"3,000",0,"1,037"
1995,First Unit of Quantity,6302215040,China,1995,number,0,0,0,0,0,0,0,0,0,"13,224",0,0
1995,First Unit of Quantity,6302215050,China,1995,number,0,"2,520",0,0,0,0,0,0,0,0,0,0
1995,First Unit of Quantity,6302217010,China,1995,number,"45,230",0,0,0,0,"40,000","60,000",0,0,0,0,0
1995,First Unit of Quantity,6302217020,China,1995,number,"35,454",0,0,0,0,0,0,0,0,0,0,0
1995,First Unit of Quantity,6302219010,China,1995,number,"71,746",0,"41,352",0,0,0,0,0,0,"17,280","50,400","19,872"
1995,First Unit of Quantity,6302219020,China,1995,number,"18,720",0,0,0,"27,600","33,600","23,400",0,0,"16,800","59,760","20,400"
1995,First Unit of Quantity,6302219030,China,1995,number,0,"60,000",0,0,0,0,0,0,0,0,0,0
1995,First Unit of Quantity,6302219040,China,1995,number,"10,500",0,"56,640",0,"11,060",0,"98,020",0,0,"55,400",0,"4,500"
1995,First Unit of Quantity,6302219050,China,1995,number,0,234,"1,308",0,0,0,0,0,0,0,0,0
1995,First Unit of Quantity,6302221020,China,1995,number,0,0,0,0,0,"3,252",0,0,0,0,"3,340",0
1995,First Unit of Quantity,6302222010,China,1995,number,0,0,0,0,0,0,"42,000","49,200",0,"51,000",0,"19,200"
1995,First Unit of Quantity,6302222020,China,1995,number,0,0,0,0,0,0,0,0,0,"17,340",0,0
1995,First Unit of Quantity,6302222030,China,1995,number,0,0,0,"2,352",0,"18,000",0,0,0,"26,310","2,547",0
1995,First Unit of Quantity,6302290010,China,1995,number,0,"1,073",0,0,0,"2,250",0,"3,000",150,10,0,0
1995,First Unit of Quantity,6302290020,China,1995,number,0,0,0,0,0,"14,976","6,638",0,0,0,"2,030",0
1995,First Unit of Quantity,6302313010,China,1995,number,"30,788",0,0,0,0,0,"16,514",300,0,0,0,800
1995,First Unit of Quantity,6302313020,China,1995,number,"12,998",0,0,0,0,0,0,300,0,0,0,0
1995,First Unit of Quantity,6302313040,China,1995,number,0,0,240,0,0,0,0,0,0,317,0,0
1995,First Unit of Quantity,6302313050,China,1995,number,543,0,"8,996",0,0,0,0,0,0,0,0,0
1995,First Unit of Quantity,6302315010,China,1995,number,"96,948","305,309","282,321","172,508","162,799","409,890","143,558","120,000","139,280","85,678","85,000","40,000"
1995,First Unit of Quantity,6302315020,China,1995,number,"94,712","7,054","64,006","106,631","30,822","108,736","80,772","108,755","161,571","91,383","34,800",0
1995,First Unit of Quantity,6302315040,China,1995,number,0,0,"1,152","5,224","2,820","8,500","187,300","9,982",0,0,0,0
1995,First Unit of Quantity,6302315050,China,1995,number,"133,579","243,910","81,985","15,506",0,0,0,0,0,0,0,"3,325"
1995,First Unit of Quantity,6302317010,China,1995,number,0,0,0,0,0,0,0,0,0,0,0,"72,000"
1995,First Unit of Quantity,6302317020,China,1995,number,"18,000","6,000",0,"16,107",0,0,0,0,0,"21,840",0,0
1995,First Unit of Quantity,6302317030,China,1995,number,"15,720","6,840","1,800","8,460","51,660","44,928","19,920","15,000","4,080","46,800","9,120",0
1995,First Unit of Quantity,6302317040,China,1995,number,"6,924",0,0,0,0,0,"30,670",0,0,0,0,0
1995,First Unit of Quantity,6302317050,China,1995,number,"12,211","12,703",0,0,0,0,0,0,0,0,0,0
1995,First Unit of Quantity,6302319010,China,1995,number,"297,408","69,604","15,000","80,760","116,688","315,072","328,968","358,572","149,544","107,568","54,072","79,233"
1995,First Unit of Quantity,6302319020,China,1995,number,"424,188","94,760","141,648","163,752","171,840","262,488","319,260","280,942","287,292","238,584","134,280","240,132"
1995,First Unit of Quantity,6302319040,China,1995,number,0,"23,950","322,180","11,300","308,925","941,200","776,436","723,980","2,889",0,"159,600","20,300"
1995,First Unit of Quantity,6302319050,China,1995,number,"70,436","160,355","42,035",0,0,0,0,0,0,0,0,"6,072"
1995,First Unit of Quantity,6302321020,China,1995,number,0,0,0,0,0,0,0,0,0,0,0,200
1995,First Unit of Quantity,6302321040,China,1995,number,0,0,0,"12,000",0,0,0,0,0,0,0,0
1995,First Unit of Quantity,6302321060,China,1995,number,0,0,0,"2,160",0,0,0,"1,660","1,950",0,0,141
1995,First Unit of Quantity,6302322010,China,1995,number,0,0,0,0,0,0,"48,000",0,0,0,0,0
1995,First Unit of Quantity,6302322020,China,1995,number,"187,488","120,000","82,896","84,696","216,096","238,320","76,596","125,144","112,500","63,202","56,532","149,952"
1995,First Unit of Quantity,6302322030,China,1995,number,0,"3,600",0,0,0,0,0,0,0,0,0,0
1995,First Unit of Quantity,6302322040,China,1995,number,"95,880","63,360","24,600","46,620","74,640","69,000","46,200","67,200","30,000","12,000","84,780","12,000"
1995,First Unit of Quantity,6302322060,China,1995,number,"24,000",0,0,0,0,0,800,0,"13,000","13,000","19,700","24,000"
1995,First Unit of Quantity,6302390010,China,1995,number,0,500,0,0,"9,864",0,0,0,0,0,0,0
1995,First Unit of Quantity,6302390020,China,1995,number,0,800,"3,047","3,500",898,0,215,"4,805","1,410","2,209","5,252","13,175"
1995,First Unit of Quantity,6302390030,China,1995,number,"20,000","21,893","16,339","25,647","16,562","2,551","39,082","14,663","115,524","101,414","47,698","9,754"
1995,First Unit of Quantity,6302401000,China,1995,number,0,0,"9,214","5,622","55,483",0,"9,000","10,316","1,970","31,444","2,787","8,176"
1995,First Unit of Quantity,6302402010,China,1995,number,"70,660","568,681","210,522","377,603","159,044","471,141","1,122,906","557,840","686,110","180,425","95,028","308,751"
1995,First Unit of Quantity,6302402020,China,1995,number,0,0,0,0,0,0,"42,329",0,0,"122,492","33,120",0
1995,First Unit of Quantity,6302511000,China,1995,number,0,0,0,0,"30,000",0,"59,820","28,509","24,000",0,0,0
1995,First Unit of Quantity,6302512000,China,1995,number,"1,280,747","594,575","1,219,028","991,590","2,149,026","2,321,498","1,855,930","2,664,352","1,136,379","161,392","240,812","31,455"
1995,First Unit of Quantity,6302513000,China,1995,number,"485,746","3,251,113","3,884,817","3,587,471","2,453,996","1,443,391","1,615,048","2,611,194","721,234","209,649","161,598","80,300"
1995,First Unit of Quantity,6302514000,China,1995,number,"1,025,284","1,112,091","2,213,927","1,458,275","1,277,273","2,233,322","1,695,233","1,003,817","762,870","121,592","12,400","66,708"
1995,First Unit of Quantity,6302521010,China,1995,number,0,0,0,0,0,"6,650",464,0,"7,276",0,490,0
1995,First Unit of Quantity,6302521020,China,1995,number,"15,461","48,941","77,816","50,865","127,750","11,601","125,436","16,410","33,326","19,861","37,328","43,837"
1995,First Unit of Quantity,6302522000,China,1995,number,"168,881","140,460","166,923","175,255","292,135","66,796","62,479","351,139","492,102","671,282","271,812","30,559"
1995,First Unit of Quantity,6302530020,China,1995,number,"136,925","96,988","56,834","43,327","38,389","16,143","59,632","227,253","232,106","161,388","63,225","96,120"
1995,First Unit of Quantity,6302530030,China,1995,number,"237,984","50,580","62,164","144,000","32,568","9,360","122,392","49,200","126,347","8,102","156,977","79,024"
1995,First Unit of Quantity,6302590010,China,1995,number,0,0,0,0,0,"6,560",0,0,0,77,0,0
1995,First Unit of Quantity,6302590020,China,1995,number,"96,480","466,842",984,"241,000","176,866","26,365","81,419","7,565","339,835","52,080","171,208","3,480"
1995,First Unit of Quantity,6302600010,China,1995,number,"1,594,320","636,168","577,920","1,194,421","927,798","2,102,928","2,601,756","2,288,617","684,804","2,210,290","2,708,688","1,604,752"
1995,First Unit of Quantity,6302600020,China,1995,number,"3,131,280","1,650,627","841,410","959,256","1,108,447","385,324","1,058,193","1,118,475","890,888","1,393,828","1,885,296","2,069,537"
1995,First Unit of Quantity,6302600030,China,1995,number,"526,259","7,808,464","13,084,924","8,147,528","10,563,568","5,722,000","6,561,316","7,274,744","2,645,472","228,816","1,347,072","48,960"
1995,First Unit of Quantity,6302910005,China,1995,number,"3,510,064","1,637,604","978,216","1,364,900","2,292,368","1,810,188","1,601,280","1,536,260","1,023,980","376,128","677,592","403,056"
1995,First Unit of Quantity,6302910015,China,1995,number,"879,329","734,642","682,737","608,618","459,456","245,636","167,628","396,685","192,804","198,600","194,040","175,508"
1995,First Unit of Quantity,6302910025,China,1995,number,0,0,0,"24,960","34,620",0,"15,000","190,080","46,426",0,0,0
1995,First Unit of Quantity,6302910035,China,1995,number,"187,152","32,756","128,376","144,756","98,544",720,"273,012","17,688",0,"182,400","20,640","52,440"
1995,First Unit of Quantity,6302910045,China,1995,number,"1,775,480","1,543,104","1,904,606","1,455,300","2,253,172","2,534,644","1,975,500","2,500,669","1,181,426","1,597,808","606,000","706,020"
1995,First Unit of Quantity,6302910050,China,1995,number,"69,592","58,800","475,258","162,391","217,968","834,541","90,560","106,766","37,848","159,108","1,500","18,310"
1995,First Unit of Quantity,6302910060,China,1995,number,"180,672","196,832","854,900","705,216","1,003,572","695,484","742,633","477,420","42,480","15,000","1,440","2,592"
1995,First Unit of Quantity,6302920010,China,1995,number,"37,476","23,676","66,552","32,052","15,456","67,728","71,532","43,572","10,560","75,708","30,180","3,912"
1995,First Unit of Quantity,6302920020,China,1995,number,0,0,0,0,0,0,0,0,"151,800","13,740",0,0
1995,First Unit of Quantity,6302931000,China,1995,number,0,0,0,0,0,0,0,0,0,0,"18,408","127,904"
1995,First Unit of Quantity,6302932000,China,1995,number,0,0,"2,988",0,"10,800",0,0,0,0,0,0,0
1995,First Unit of Quantity,6302991000,China,1995,number,0,0,0,0,0,0,0,0,0,240,0,"35,400"
1995,First Unit of Quantity,6302992000,China,1995,number,"12,197","252,192","588,000","12,000","180,000","8,968","293,543","47,040","206,200","244,716","168,480","475,537"
1995,First Unit of Quantity,6303110000,China,1995,number,"36,375",0,"15,545","46,364","9,015","6,367","9,009","10,214","16,157","6,315",862,0
1995,First Unit of Quantity,6303120000,China,1995,number,"25,336","50,112","2,980",0,0,"59,724","7,300","5,000","42,270","4,200","3,000","8,990"
1995,First Unit of Quantity,6303190020,China,1995,number,"34,822","3,014","11,092","5,000","9,035","9,955",0,"3,046",200,"8,000","22,720",0
1995,First Unit of Quantity,6303910000,China,1995,number,"290,531","941,824","818,639","774,952","496,828","708,265","1,268,509","616,471","473,907","130,331","73,868","12,692"
1995,First Unit of Quantity,6303921000,China,1995,number,"386,036","216,724",0,"2,500",0,0,0,"32,000","1,400",0,0,"14,590"
1995,First Unit of Quantity,6303922000,China,1995,number,"264,238","364,126","532,539","307,408","393,544","465,023","395,647","249,913","327,498","254,100","302,530","254,875"
1995,First Unit of Quantity,6303990030,China,1995,number,0,0,0,72,"3,920",0,0,0,"5,194",0,0,0
1995,First Unit of Quantity,6303990060,China,1995,number,"14,576","29,904","25,852","12,983","11,553","11,184","26,081","51,154","56,750","107,295","67,802","40,784"
1995,First Unit of Quantity,6304111000,China,1995,number,0,0,78,0,0,0,0,0,0,0,0,"2,886"
1995,First Unit of Quantity,6304112000,China,1995,number,0,0,0,0,0,0,0,0,"2,890","1,310","2,055",0
1995,First Unit of Quantity,6304113000,China,1995,number,0,0,0,0,971,0,0,0,150,0,0,0
1995,First Unit of Quantity,6304190500,China,1995,number,"4,666",45,400,0,0,0,0,0,0,0,0,0
1995,First Unit of Quantity,6304191000,China,1995,number,411,0,0,0,0,0,0,0,0,0,0,0
1995,First Unit of Quantity,6304191500,China,1995,number,0,0,0,0,0,0,0,"1,300","1,200",0,"2,495",100
1995,First Unit of Quantity,6304192000,China,1995,number,0,0,0,"2,856",0,0,"1,000",580,0,0,"4,400","1,000"
1995,First Unit of Quantity,6304193030,China,1995,number,0,0,0,0,151,0,0,0,0,0,0,0
1995,First Unit of Quantity,6304193060,China,1995,number,224,"6,704",92,477,"1,000",0,0,180,210,0,0,710
1995,First Unit of Quantity,6304910020,China,1995,number,"934,981","1,913,083","1,176,447","1,332,959","1,423,455","2,164,758","1,667,138","1,683,157","3,326,628","536,875","313,437","163,984"
1995,First Unit of Quantity,6304910040,China,1995,number,0,"10,968","38,994","18,456","15,156","15,960","6,037","11,040","1,700",0,192,"2,115"
1995,First Unit of Quantity,6304910050,China,1995,number,0,0,"7,503",0,"1,800",0,0,"11,200","4,500",100,0,0
1995,First Unit of Quantity,6304910070,China,1995,dozens,0,"12,919",333,0,"9,772","66,271","9,070","4,730",280,"12,108","2,160","2,618"
1995,First Unit of Quantity,6304920000,China,1995,number,"3,931,923","6,000,855","6,309,241","5,210,131","7,894,990","7,839,277","8,178,878","2,797,663","1,934,707","1,294,363","251,815","479,277"
1995,First Unit of Quantity,6304930000,China,1995,number,"396,553","53,140","233,352","278,830","153,699","760,934","372,061","788,115","447,601","466,002","970,385","818,289"
1995,First Unit of Quantity,6304991500,China,1995,square meters,0,0,0,0,0,0,0,0,0,0,0,75
1995,First Unit of Quantity,6304992500,China,1995,kilograms,0,102,0,0,0,0,243,"1,123",0,0,0,0
1995,First Unit of Quantity,6304993500,China,1995,kilograms,"5,360","6,686","2,717","4,693","9,968","17,680","10,333","19,510","4,043","9,555","9,306","5,821"
1995,First Unit of Quantity,6304996010,China,1995,kilograms,"12,100","13,275","13,965","11,007","11,181","10,401","11,096","14,086","6,052","3,660","2,460","1,941"
1995,First Unit of Quantity,6304996020,China,1995,kilograms,0,297,474,0,0,0,0,0,180,110,569,"1,714"
1995,First Unit of Quantity,6304996030,China,1995,kilograms,0,"7,202",628,"1,432",35,"1,493","16,172","2,713",817,"1,072",169,"7,019"
1995,First Unit of Quantity,6304996040,China,1995,kilograms,"1,880","5,655","4,234",0,380,643,"1,828",694,"1,074",706,"1,413",0
1995,First Unit of Quantity,6305100000,China,1995,kilograms,0,"1,347",0,"19,933",0,0,"20,453","5,737",0,"11,880",0,30
1995,First Unit of Quantity,6305200000,China,1995,kilograms,0,0,0,0,0,0,0,0,0,0,0,276
1995,First Unit of Quantity,6305310010,China,1995,kilograms,0,0,0,"5,600",0,"11,600","11,560",0,0,"14,970",0,0
1995,First Unit of Quantity,6305310020,China,1995,kilograms,"75,402","87,268","54,420","46,400","91,170","151,656","197,516","169,573","98,120","115,694","99,253","50,870"
1995,First Unit of Quantity,6305390000,China,1995,kilograms,"36,160",0,"14,765","30,200","27,460",0,0,"14,000",0,0,0,0
1995,First Unit of Quantity,6305900000,China,1995,kilograms,0,0,0,0,0,0,321,35,0,0,"1,300",0
1995,First Unit of Quantity,6306190010,China,1995,kilograms,0,0,"1,884",0,0,0,0,0,382,0,0,0
1995,First Unit of Quantity,6306190020,China,1995,kilograms,0,0,0,0,0,0,0,0,0,110,113,0
1995,First Unit of Quantity,6306221000,China,1995,number,"232,224","221,367","99,428","224,058","192,542","151,151","142,391","123,695","77,603","56,676","85,779","63,432"
1995,First Unit of Quantity,6306229010,China,1995,kilograms,"557,070","567,707","241,362","381,869","640,541","696,812","205,518","350,430","156,364","79,459","202,052","103,326"
1995,First Unit of Quantity,6306229030,China,1995,kilograms,"29,243","1,299",0,"29,443","16,764","18,898","8,122","3,213","3,550","5,000","8,273",0
1995,First Unit of Quantity,6306290000,China,1995,kilograms,0,233,0,20,0,0,0,"3,749",0,0,0,0
1995,First Unit of Quantity,6306310000,China,1995,kilograms,"5,498","12,028","11,665","7,634","12,342","3,591","7,316","2,895","8,491","6,550","9,706","2,966"
1995,First Unit of Quantity,6306390000,China,1995,kilograms,0,21,0,"1,952","1,319","2,754",65,4,0,48,115,0
1995,First Unit of Quantity,6306410000,China,1995,kilograms,0,"72,460","15,000",0,"9,000",0,0,"9,000",0,0,0,0
1995,First Unit of Quantity,6306490000,China,1995,kilograms,"47,783","69,041","309,557","88,146","109,413","152,791","302,824","541,520","20,523","1,560","4,951","19,755"
1995,First Unit of Quantity,6306910000,China,1995,kilograms,0,"20,399","14,143","22,796","57,420",0,0,0,725,0,"5,324",0
1995,First Unit of Quantity,6306990000,China,1995,kilograms,"2,724","9,855","23,264","33,746","11,289","6,430","1,895","1,295","1,099",0,"4,043","1,408"
1995,First Unit of Quantity,6307101000,China,1995,kilograms,"39,447","23,172","6,990","3,846","5,721","22,275","7,325","7,766",288,"1,400",612,"1,215"
1995,First Unit of Quantity,6307102015,China,1995,number,"471,650",0,0,0,"9,156","3,036",0,0,0,0,0,0
1995,First Unit of Quantity,6307102020,China,1995,number,0,0,"97,800","108,000",0,0,0,0,0,0,0,0
1995,First Unit of Quantity,6307102027,China,1995,number,"669,868","5,242,312","3,108,360","5,161,024","3,988,532","4,097,232","3,506,476","3,256,408","1,902,024","101,520",0,"358,800"
1995,First Unit of Quantity,6307102028,China,1995,number,0,"65,952",0,0,0,0,"12,000",0,0,"282,000",0,0
1995,First Unit of Quantity,6307102030,China,1995,kilograms,"25,199","2,975","3,048",0,"2,865","10,732","17,441",147,"3,376",32,"19,447",446
1995,First Unit of Quantity,6307200000,China,1995,kilograms,"9,170","6,030","13,456","22,641","5,833","2,842",0,150,"7,408","13,748","11,303","9,540"
1995,First Unit of Quantity,6307904020,China,1995,kilograms,0,407,429,"1,645",455,858,753,"4,160",455,0,0,0
1995,First Unit of Quantity,6307905010,China,1995,kilograms,0,0,41,0,0,0,0,0,0,0,0,0
1995,First Unit of Quantity,6307905020,China,1995,kilograms,0,"1,277",484,0,0,0,145,0,0,0,365,224
1995,First Unit of Quantity,6307906090,China,1995,kilograms,0,0,0,0,0,0,0,0,"1,226",0,0,300
1995,First Unit of Quantity,6307906800,China,1995,kilograms,0,0,0,0,0,0,0,320,0,0,0,0
1995,First Unit of Quantity,6307907200,China,1995,kilograms,84,0,0,0,0,0,0,0,0,0,0,0
1995,First Unit of Quantity,6307907500,China,1995,number,"316,604","745,484","515,318","471,024","300,869","1,311,352","644,329","947,208","1,283,020","1,793,041","1,522,432","935,390"
1995,First Unit of Quantity,6307908500,China,1995,kilograms,"5,717","10,799","5,442","4,355",699,"3,604","5,658","85,460","75,549","24,971","9,208","1,110"
1995,First Unit of Quantity,6307908910,China,1995,number,"2,932,000","11,575,000","11,408,976","4,637,200","9,165,760","7,208,600","7,540,120","6,135,532","8,733,972","4,582,600","1,055,920","1,776,000"
1995,First Unit of Quantity,6307908940,China,1995,number,0,"33,600","42,600",0,0,0,0,0,"1,440",0,0,0
1995,First Unit of Quantity,6307908945,China,1995,kilograms,"20,486","28,417","35,978","57,020","28,056","23,399","55,459","7,120","7,411","11,179",0,55
1995,First Unit of Quantity,6307908950,China,1995,kilograms,"57,629","36,386","42,609","37,721","37,049","26,523","46,518","39,726","33,836","59,454","22,495","22,737"
1995,First Unit of Quantity,6307908990,China,1995,number,"68,104","248,514","5,719","3,619",0,0,0,0,0,0,0,"5,756"
1995,First Unit of Quantity,6307909925,China,1995,number,0,"3,024",0,248,"951,139",0,"2,000","1,000",0,"1,000",200,"4,200"
1995,First Unit of Quantity,6307909935,China,1995,number,720,"16,992","1,920","61,920","55,104","46,708","16,902","21,350","26,616","13,287","14,244","8,352"
1995,First Unit of Quantity,6307909982,China,1995,number,0,0,0,0,0,"28,080","168,000",0,0,0,0,0
1995,First Unit of Quantity,6307909985,China,1995,number,"11,413","9,843","3,420","4,608","4,608",0,0,"5,800",0,0,"1,104",0
1995,First Unit of Quantity,6307909987,China,1995,number,"62,918","61,249","13,620","34,936","136,256","47,692","80,087","31,968","10,980","21,581","23,728","51,707"
1995,First Unit of Quantity,6307909989,China,1995,number,"39,530,026","32,920,255","30,043,731","39,029,673","41,807,580","45,552,085","62,349,833","58,849,623","43,198,985","45,741,466","46,312,235","42,789,866"
1995,First Unit of Quantity,6308000010,China,1995,kilograms,0,0,0,0,75,0,0,224,0,132,93,0
1995,First Unit of Quantity,6309000010,China,1995,kilograms,0,19,0,0,0,0,0,0,0,90,0,0
1995,First Unit of Quantity,6309000020,China,1995,kilograms,0,0,0,0,285,0,0,0,0,0,430,580
1995,First Unit of Quantity,6401100000,China,1995,pairs,"2,256",84,"3,828","8,952","6,480","5,820","5,340",138,"2,160","3,414","8,520",0
1995,First Unit of Quantity,6401910000,China,1995,pairs,"51,360","30,444","16,044","24,816","65,424","30,840","80,908","15,794","31,319","5,592","35,359","64,872"
1995,First Unit of Quantity,6401923000,China,1995,pairs,"1,385",0,0,0,0,0,0,0,0,8,0,0
1995,First Unit of Quantity,6401926000,China,1995,pairs,"3,840",0,0,0,"2,400","82,068","37,402","125,718","11,872","6,228",10,0
1995,First Unit of Quantity,6401929030,China,1995,pairs,"20,088","35,212","31,860","17,845","71,039","27,120","24,348","35,268","53,520","34,628","35,838","7,200"
1995,First Unit of Quantity,6401929060,China,1995,pairs,"162,098","111,754","99,616","127,310","77,946","168,678","95,559","244,839","355,972","242,252","59,098","73,920"
1995,First Unit of Quantity,6401993000,China,1995,pairs,"33,190","43,180","37,152","24,300","41,396","165,166","70,350","48,794","79,482","67,816","66,379","20,645"
1995,First Unit of Quantity,6401996000,China,1995,pairs,"8,580","24,342","10,662",242,"10,679","40,854","50,159","88,933","43,200","33,546","8,988","33,500"
1995,First Unit of Quantity,6401998000,China,1995,pairs,"2,000","23,742","23,064","29,215",267,"16,560",0,"13,294",0,"1,440",0,"11,543"
1995,First Unit of Quantity,6401999000,China,1995,pairs,"12,600",0,"15,708","32,040",522,0,0,"7,500","1,200","2,400","2,286",0
1995,First Unit of Quantity,6402110000,China,1995,pairs,70,0,0,0,0,0,"3,000",0,"11,215","10,614","1,254","1,692"
1995,First Unit of Quantity,6402190530,China,1995,pairs,"70,818","35,700","146,474","95,565","80,220","26,664","41,194","30,096","5,556","31,897","36,512","27,780"
1995,First Unit of Quantity,6402190560,China,1995,pairs,"19,476","6,324","23,852","14,317","22,611","14,232","2,337","11,364",564,"5,568","12,902","10,644"
1995,First Unit of Quantity,6402190590,China,1995,pairs,0,"1,008",0,0,0,0,0,0,0,0,"14,704",0
1995,First Unit of Quantity,6402191520,China,1995,pairs,"539,221","408,109","219,912","180,580","268,957","168,547","209,945","78,263","91,140","166,069","170,871","323,383"
1995,First Unit of Quantity,6402191540,China,1995,pairs,"502,478","429,858","208,171","80,294","89,040","189,077","124,780","36,046","11,800","22,299","77,779","195,714"
1995,First Unit of Quantity,6402191560,China,1995,pairs,"13,230","8,220","4,968","16,078","27,155","38,848",720,"10,446","4,082","32,820","50,770","7,180"
1995,First Unit of Quantity,6402191580,China,1995,pairs,"111,052","67,432","61,288","137,468","67,604","89,526","118,222","27,595","55,250","44,805","6,966","63,606"
1995,First Unit of Quantity,6402193030,China,1995,pairs,0,0,0,"2,400",0,"4,500",0,0,0,0,"1,980",0
1995,First Unit of Quantity,6402193060,China,1995,pairs,0,"1,440","1,440","10,890",0,93,0,0,0,205,0,0
1995,First Unit of Quantity,6402195030,China,1995,pairs,"3,600","2,880",0,0,0,100,0,0,282,0,0,0
1995,First Unit of Quantity,6402195060,China,1995,pairs,0,0,0,0,0,0,270,0,"12,896",0,0,0
1995,First Unit of Quantity,6402197030,China,1995,pairs,"4,056","4,800","8,588","13,478",170,"6,400","4,800","1,860","5,457",31,0,0
1995,First Unit of Quantity,6402197060,China,1995,pairs,0,0,60,"6,560",200,0,0,0,0,0,0,50
1995,First Unit of Quantity,6402199030,China,1995,pairs,"59,040","54,150","11,160","11,400","1,978","30,000","17,727","15,536","11,328","30,541","34,377","6,462"
1995,First Unit of Quantity,6402199060,China,1995,pairs,0,"6,000","6,094",0,"1,110",110,0,0,36,69,0,0
1995,First Unit of Quantity,6402200000,China,1995,pairs,"1,371,628","1,069,640","901,096","862,168","526,392","602,880","432,496","373,006","225,159","49,674","315,688","637,235"
1995,First Unit of Quantity,6402303000,China,1995,pairs,"51,690","51,858","19,422","40,104","79,884","48,072","61,944","80,406","124,612","107,118","66,408","37,026"
1995,First Unit of Quantity,6402305000,China,1995,pairs,"2,064",0,0,0,0,0,0,0,"3,000","2,400",0,0
1995,First Unit of Quantity,6402309000,China,1995,pairs,0,24,0,0,0,0,0,0,0,0,0,0
1995,First Unit of Quantity,6402914005,China,1995,pairs,"42,576","59,127","42,212","18,578","91,364","43,062","147,516","73,773","131,815","67,596","62,078","35,384"
1995,First Unit of Quantity,6402914010,China,1995,pairs,"703,659","696,800","477,350","437,265","873,662","1,286,914","1,216,876","1,138,989","1,084,202","1,399,270","743,726","286,186"
1995,First Unit of Quantity,6402914030,China,1995,pairs,"476,808","675,824","366,422","368,933","558,874","1,232,261","1,255,912","1,327,846","679,087","758,284","562,036","305,502"
1995,First Unit of Quantity,6402914040,China,1995,pairs,"19,716","23,052","16,524",0,"31,650","187,996","161,568","181,258","98,075","41,136","1,080","63,654"
1995,First Unit of Quantity,6402914050,China,1995,pairs,"1,333,715","667,045","352,520","507,472","1,240,395","2,917,766","4,421,387","5,313,232","4,314,079","3,168,912","1,386,329","697,238"
1995,First Unit of Quantity,6402914060,China,1995,pairs,"313,726","273,598","97,987","105,724","346,091","619,861","843,244","804,286","510,089","526,540","304,554","93,252"
1995,First Unit of Quantity,6402914075,China,1995,pairs,"1,041,072","513,520","331,727","454,546","1,113,650","2,144,521","2,562,486","2,122,605","1,862,227","1,549,506","822,385","321,825"
1995,First Unit of Quantity,6402915020,China,1995,pairs,"6,000","2,196","3,528","5,286","2,322","4,020","15,726","11,322","1,824","44,678","16,212",216
1995,First Unit of Quantity,6402915045,China,1995,pairs,0,0,0,0,0,0,0,0,0,"3,594",0,0
1995,First Unit of Quantity,6402915050,China,1995,pairs,"5,760","18,600","2,424",0,0,"61,332","53,497","46,673","123,992","72,074","20,400","38,652"
1995,First Unit of Quantity,6402915090,China,1995,pairs,"37,620",0,0,"2,880",0,0,"19,104","50,457","209,690","108,912","27,726","4,872"
1995,First Unit of Quantity,6402916030,China,1995,pairs,0,0,0,0,"5,760",600,0,0,0,0,0,0
1995,First Unit of Quantity,6402916060,China,1995,pairs,0,0,0,0,"5,400",0,0,"22,128",0,0,0,0
1995,First Unit of Quantity,6402916090,China,1995,pairs,0,"7,548",0,0,0,0,0,0,0,"12,480",0,0
1995,First Unit of Quantity,6402917030,China,1995,pairs,"5,100",0,0,"6,414","4,068","1,038","3,258",0,"1,668",0,132,0
1995,First Unit of Quantity,6402917060,China,1995,pairs,"1,080",0,"1,152",0,"36,527","13,638",84,"6,924",0,"5,244",0,"3,393"
1995,First Unit of Quantity,6402917090,China,1995,pairs,0,"4,074",0,0,0,269,0,996,"21,803","112,620","25,848","1,328"
1995,First Unit of Quantity,6402918010,China,1995,pairs,0,0,0,"3,573","1,178",0,"1,500",0,210,0,"10,390",560
1995,First Unit of Quantity,6402918020,China,1995,pairs,"116,457","58,416","35,884","13,347","47,832","29,729","38,430","32,921","14,161","14,362","10,865","23,119"
1995,First Unit of Quantity,6402918045,China,1995,pairs,0,0,0,0,"19,530","1,200",0,882,0,0,0,0
1995,First Unit of Quantity,6402918050,China,1995,pairs,"7,386","1,776",201,"7,282","87,999","30,072","50,523","54,884","54,062","22,747","9,067","11,759"
1995,First Unit of Quantity,6402918090,China,1995,pairs,"18,743","49,765","17,690","10,065","10,321","3,563","17,428","11,604","42,780","1,765","21,361","30,068"
1995,First Unit of Quantity,6402919010,China,1995,pairs,0,"2,700",0,0,0,0,588,0,0,0,0,0
1995,First Unit of Quantity,6402919020,China,1995,pairs,"452,189","358,537","297,785","283,028","458,880","702,864","730,457","613,988","545,204","845,604","507,368","591,296"
1995,First Unit of Quantity,6402919045,China,1995,pairs,42,0,0,0,0,0,0,"2,496",0,0,0,0
1995,First Unit of Quantity,6402919050,China,1995,pairs,"7,567","18,012","13,190","51,541","33,096","27,390","62,901","69,858","55,461","18,666","31,228","51,144"
1995,First Unit of Quantity,6402919090,China,1995,pairs,"100,530","66,764","13,276","32,193","45,206","12,578","40,225","26,406","40,048","26,760","18,576","33,966"
1995,First Unit of Quantity,6402991030,China,1995,pairs,0,0,0,0,"9,120",0,0,0,0,0,0,0
1995,First Unit of Quantity,6402991060,China,1995,pairs,0,"8,820","8,364","11,796","16,320",0,"3,150",0,0,0,0,0
1995,First Unit of Quantity,6402991090,China,1995,pairs,0,0,"2,520",0,"6,336",0,"2,304",720,0,0,"9,510",0
1995,First Unit of Quantity,6402991430,China,1995,pairs,"332,334","219,614","441,608","392,948","299,508","329,058","86,772","87,620","37,692","73,348","17,688","57,912"
1995,First Unit of Quantity,6402991460,China,1995,pairs,"332,701","366,177","401,770","231,544","207,352","173,597","104,754","10,018","16,992","20,880","95,034","381,072"
1995,First Unit of Quantity,6402991490,China,1995,pairs,"485,537","422,168","378,698","231,444","248,247","58,698","3,600","3,600","3,024","1,890","14,544","15,768"
1995,First Unit of Quantity,6402991810,China,1995,pairs,"734,698","477,432","411,415","669,793","419,832","503,790","351,354","476,130","460,602","355,578","527,596","110,350"
1995,First Unit of Quantity,6402991815,China,1995,pairs,"2,947,902","2,972,215","1,535,247","2,193,921","3,111,886","3,270,877","2,606,431","2,008,403","927,123","1,558,397","1,793,114","1,778,703"
1995,First Unit of Quantity,6402991835,China,1995,pairs,"138,120","75,252","24,804","46,398","1,788","4,560","15,871","6,204","19,200","75,103","6,804","8,172"
1995,First Unit of Quantity,6402991845,China,1995,pairs,"3,118,693","3,860,416","3,406,595","3,462,215","3,341,667","2,165,120","1,581,874","2,142,866","1,920,242","2,556,065","2,104,802","1,644,922"
1995,First Unit of Quantity,6402991850,China,1995,pairs,"1,036,207","1,563,429","1,200,922","887,325","840,817","916,601","753,701","408,138","228,880","595,408","420,705","699,580"
1995,First Unit of Quantity,6402991855,China,1995,pairs,"173,532","150,726","107,371","112,374","10,905","3,600","48,191","4,827","1,667","14,076","15,126",720
1995,First Unit of Quantity,6402991865,China,1995,pairs,"14,347,361","17,702,894","11,663,220","13,561,439","12,840,472","13,916,506","13,446,266","13,140,759","10,620,841","12,454,576","12,143,938","12,363,500"
1995,First Unit of Quantity,6402991870,China,1995,pairs,"1,909,631","1,438,575","1,064,131","946,505","1,346,999","2,017,614","1,608,873","1,367,064","1,005,441","970,235","1,174,664","1,291,606"
1995,First Unit of Quantity,6402991880,China,1995,pairs,"2,928,021","2,863,046","1,908,612","1,777,368","2,130,280","2,045,931","1,608,663","1,278,047","1,126,462","1,058,121","1,285,224","1,477,240"
1995,First Unit of Quantity,6402991890,China,1995,pairs,"1,888,111","2,195,629","1,308,237","1,591,344","1,387,193","1,344,991","1,039,085","1,227,680","793,914","803,738","855,229","1,512,148"
1995,First Unit of Quantity,6402992020,China,1995,pairs,"6,528","6,276","40,672","5,400","7,548","9,769","7,120","11,292","15,644","7,976","13,320",0
1995,First Unit of Quantity,6402992045,China,1995,pairs,0,0,0,0,0,0,0,"6,072",0,840,0,0
1995,First Unit of Quantity,6402992050,China,1995,pairs,"25,284","3,324",504,"1,080","11,208",0,"47,772","44,542","33,492","28,563","3,473",0
1995,First Unit of Quantity,6402992090,China,1995,pairs,0,0,0,0,0,0,"4,686","2,412",0,"7,140","18,000",0
1995,First Unit of Quantity,6402993020,China,1995,pairs,0,0,0,0,"10,056",0,0,0,"13,860",0,0,0
1995,First Unit of Quantity,6402993040,China,1995,pairs,"99,144","84,048","112,098","121,870","76,323","22,625","2,691","7,188",418,0,"1,500","33,037"
1995,First Unit of Quantity,6402993060,China,1995,pairs,"23,242","35,111","28,680","69,604","22,522","56,033","1,182","20,328","82,648","66,102","92,853","25,914"
1995,First Unit of Quantity,6402993080,China,1995,pairs,"74,820","6,240","10,692","25,110","6,600","2,400","14,300","3,360","2,471","42,972","10,656","22,160"
1995,First Unit of Quantity,6402996030,China,1995,pairs,"30,846",0,"4,500","68,028","28,512",0,"25,200",0,0,704,0,"53,016"
1995,First Unit of Quantity,6402996060,China,1995,pairs,0,"8,496",600,"2,208","7,200","54,936","17,280","8,364","8,586",250,"4,440",0
1995,First Unit of Quantity,6402996090,China,1995,pairs,0,"125,124","44,172","3,634",0,"44,562","36,006","14,400","3,288","4,752","95,490","67,536"
1995,First Unit of Quantity,6402997030,China,1995,pairs,99,0,0,0,0,48,0,"10,800",0,0,"2,911",0
1995,First Unit of Quantity,6402997060,China,1995,pairs,"2,088",0,"9,984","9,864",0,"16,938","2,424","14,054","9,882","16,518",270,"26,160"
1995,First Unit of Quantity,6402997090,China,1995,pairs,"6,558","2,208","2,232","5,400",840,"16,318","5,142","8,006","8,886","11,526",253,"2,828"
1995,First Unit of Quantity,6402998030,China,1995,pairs,"18,515","32,992","33,405","48,931","37,116","27,769","14,946","13,010","11,918","21,232","27,046","7,516"
1995,First Unit of Quantity,6402998060,China,1995,pairs,"8,690","51,708","25,378","33,382","34,718","6,020","22,424","47,789","25,307","27,616","45,064","41,214"
1995,First Unit of Quantity,6402998090,China,1995,pairs,"38,797","3,850","57,527","35,458","40,597","59,934","101,500","25,311","6,434","21,806","26,135","74,517"
1995,First Unit of Quantity,6402999030,China,1995,pairs,"502,271","226,664","392,823","260,175","362,758","447,210","329,372","323,868","307,142","307,921","163,995","218,297"
1995,First Unit of Quantity,6402999060,China,1995,pairs,"104,032","67,844","35,070","20,842","44,142","181,199","71,164","96,017","36,359","28,268","55,310","16,236"
1995,First Unit of Quantity,6402999090,China,1995,pairs,"1,656","16,224","28,728","28,440","16,416","11,829","11,642","4,186","20,718","5,936","1,332","15,740"
1995,First Unit of Quantity,6403113000,China,1995,pairs,0,0,96,0,0,0,0,0,0,0,0,0
1995,First Unit of Quantity,6403116000,China,1995,pairs,"4,992","3,060",0,708,0,24,0,774,"15,248","16,037","29,608","17,747"
1995,First Unit of Quantity,6403191000,China,1995,pairs,0,0,0,0,0,0,0,0,0,4,0,0
1995,First Unit of Quantity,6403192000,China,1995,pairs,0,10,0,279,635,0,0,0,0,648,0,0
1995,First Unit of Quantity,6403193030,China,1995,pairs,0,"8,438",0,0,0,0,0,0,0,360,"4,500",0
1995,First Unit of Quantity,6403193090,China,1995,pairs,"140,118","122,871","184,686","134,660","122,444","83,086","55,232","85,243","108,423","97,189","170,520","104,358"
1995,First Unit of Quantity,6403194030,China,1995,pairs,"26,960","26,858","27,801","65,772","34,566","42,157","25,187","24,979",24,"9,245","4,097","3,212"
1995,First Unit of Quantity,6403194090,China,1995,pairs,"123,787","74,756","73,732","57,095","150,722","110,747","90,209","76,378","49,580","51,012","80,379","81,434"
1995,First Unit of Quantity,6403195030,China,1995,pairs,0,"1,854",0,"32,850",0,0,0,0,0,0,0,0
1995,First Unit of Quantity,6403195060,China,1995,pairs,"20,280","40,266","39,094","27,890","17,984","15,292","9,461","17,568","34,498","46,086","41,444","22,905"
1995,First Unit of Quantity,6403195090,China,1995,pairs,"1,812",0,"1,500",0,0,0,0,"3,036","10,800",0,0,"3,480"
1995,First Unit of Quantity,6403197030,China,1995,pairs,0,22,38,0,0,30,0,273,0,0,0,0
1995,First Unit of Quantity,6403197060,China,1995,pairs,"55,708","29,961","13,937","38,262","65,874","68,566","45,870","49,359","27,302","30,425","36,342","40,449"
1995,First Unit of Quantity,6403197090,China,1995,pairs,882,"1,248","4,740",0,0,0,0,"1,104",0,"1,216",0,50
1995,First Unit of Quantity,6403200000,China,1995,pairs,36,0,0,"24,420","3,588","15,455",23,"2,016",0,0,33,"2,988"
1995,First Unit of Quantity,6403300000,China,1995,pairs,0,"6,240",0,0,0,0,"2,400",0,"3,552","2,520",0,0
1995,First Unit of Quantity,6403403030,China,1995,pairs,"2,496",0,0,720,"8,034","14,016","3,912","8,340",0,"5,508","8,016",0
1995,First Unit of Quantity,6403403090,China,1995,pairs,"222,466","118,504","154,694","195,495","184,663","135,809","234,999","270,016","246,358","258,513","303,145","265,530"
1995,First Unit of Quantity,6403406000,China,1995,pairs,"154,007","86,425","93,463","161,333","136,266","83,112","105,466","166,860","127,543","144,550","106,213","135,666"
1995,First Unit of Quantity,6403513015,China,1995,pairs,0,0,0,0,0,"3,612","12,006","6,012","47,850","14,904","1,200",0
1995,First Unit of Quantity,6403513030,China,1995,pairs,"12,286","35,150","18,001","26,806","6,351","35,808","28,539","29,248","32,065","33,492","28,349","42,816"
1995,First Unit of Quantity,6403513045,China,1995,pairs,"1,215",0,0,0,0,"2,292","2,400","2,292","2,100","5,040","1,686",0
1995,First Unit of Quantity,6403513060,China,1995,pairs,0,"1,500",600,0,0,0,70,"1,374","5,400",0,"5,850","8,434"
1995,First Unit of Quantity,6403513075,China,1995,pairs,495,"3,804",276,0,0,0,0,0,0,"3,600",0,0
1995,First Unit of Quantity,6403516015,China,1995,pairs,0,"6,000",159,"6,000","5,991","1,056",0,0,"5,820",18,0,0
1995,First Unit of Quantity,6403516030,China,1995,pairs,"17,377","47,011","25,158","36,107","14,607","58,649","25,556","50,888","76,283","46,716","20,559","8,995"
1995,First Unit of Quantity,6403516060,China,1995,pairs,0,"6,360","6,030","3,360",0,0,"7,702","16,104","12,928","1,884",720,0
1995,First Unit of Quantity,6403519015,China,1995,pairs,684,"1,728",0,"1,488","6,152",510,"1,203","4,480","26,118","2,392","4,740",888
1995,First Unit of Quantity,6403519030,China,1995,pairs,"22,085","20,243","9,907","4,752","7,650","60,367","30,615","57,049","157,251","85,654","114,419","3,596"
1995,First Unit of Quantity,6403519045,China,1995,pairs,466,0,0,0,0,0,"26,136","5,310","1,087",0,"1,646","4,500"
1995,First Unit of Quantity,6403519060,China,1995,pairs,0,0,0,636,0,0,350,"1,200",600,0,0,"9,880"
1995,First Unit of Quantity,6403519075,China,1995,pairs,"4,424","9,600","6,000","3,696","1,800","23,822","23,036","28,798","16,932","45,288","6,192","15,326"
1995,First Unit of Quantity,6403591520,China,1995,pairs,"3,996","8,016","2,838","13,296","20,730","35,424","26,880","133,356","56,949","89,558","32,274","5,802"
1995,First Unit of Quantity,6403591530,China,1995,pairs,0,0,0,0,0,0,"2,640","19,032","1,440",0,0,0
1995,First Unit of Quantity,6403591545,China,1995,pairs,0,126,"1,748","16,426","6,508","25,448","49,080","134,550","84,576","89,694","77,569","1,213"
1995,First Unit of Quantity,6403591550,China,1995,pairs,"3,018","3,000",0,0,"6,090",0,0,0,0,0,0,0
1995,First Unit of Quantity,6403591560,China,1995,pairs,"33,456","32,172","21,912","1,992","5,272","3,840","12,660","32,092","3,312","23,658","11,652",120
1995,First Unit of Quantity,6403593020,China,1995,pairs,0,0,0,0,0,0,0,0,"8,496",0,"2,700",0
1995,First Unit of Quantity,6403593040,China,1995,pairs,"12,492","18,084","21,330","4,200","10,930","19,014","3,600","6,708","2,821","8,856","25,435","1,128"
1995,First Unit of Quantity,6403593045,China,1995,pairs,0,0,0,0,96,0,0,"3,918",0,"1,744",54,0
1995,First Unit of Quantity,6403593060,China,1995,pairs,"2,400","5,064",0,"2,820","3,540",0,300,378,"1,296","1,692",271,0
1995,First Unit of Quantity,6403593080,China,1995,pairs,0,0,0,0,0,0,0,0,300,0,0,0
1995,First Unit of Quantity,6403596040,China,1995,pairs,"4,212","11,915",0,"24,906","2,080","5,364","16,950","22,469","24,804","44,985","9,252","11,232"
1995,First Unit of Quantity,6403596060,China,1995,pairs,"76,549","141,281","108,499","153,328","181,448","190,150","294,666","493,447","372,660","503,060","338,079","119,620"
1995,First Unit of Quantity,6403596080,China,1995,pairs,"2,892","1,606","11,070","62,898","37,122","5,512","18,116","76,999","22,284","26,132","31,395","36,000"
1995,First Unit of Quantity,6403599030,China,1995,pairs,"11,455",810,0,"1,128","3,918","2,856","68,444","10,244","4,290","6,673","7,246",0
1995,First Unit of Quantity,6403599045,China,1995,pairs,"219,062","110,065","127,313","97,116","132,056","276,526","420,596","529,983","414,815","707,238","467,354","347,450"
1995,First Unit of Quantity,6403599060,China,1995,pairs,"6,990","11,430","17,156","27,930","3,792","18,316","21,440","43,230","18,582","103,157","3,788","35,830"
1995,First Unit of Quantity,6403599075,China,1995,pairs,"10,884","31,776","8,736","1,452","1,032","25,080","6,660","28,659","40,056","10,595","6,253","7,584"
1995,First Unit of Quantity,6403599090,China,1995,pairs,"23,121","9,156","1,200",0,"1,830","24,103","2,616","66,033","6,096","71,764",0,"19,356"
1995,First Unit of Quantity,6403913010,China,1995,pairs,"366,515","472,133","272,258","282,146","285,294","412,347","628,989","540,265","548,244","575,997","335,041","282,460"
1995,First Unit of Quantity,6403913025,China,1995,pairs,"18,672","15,155","16,980","14,112","51,810","17,166","40,456","59,284","20,052","29,820","31,680","13,608"
1995,First Unit of Quantity,6403913035,China,1995,pairs,"2,388","3,000",0,"5,028","8,160","30,534","4,723","3,288","8,556","1,860","6,020",0
1995,First Unit of Quantity,6403913040,China,1995,pairs,"124,692","85,765","61,042","101,330","129,050","214,140","295,194","372,649","242,459","260,447","240,420","130,610"
1995,First Unit of Quantity,6403913070,China,1995,pairs,"5,928","8,268","6,408","10,090","8,268","13,176","40,944","28,148","12,658","24,805","24,552","12,114"
1995,First Unit of Quantity,6403913080,China,1995,pairs,"1,854","1,200",0,72,"3,198","15,350","2,700","44,868","35,853","44,820",0,0
1995,First Unit of Quantity,6403913090,China,1995,pairs,"2,400",0,0,0,194,0,"7,380",0,"1,310","1,620",0,0
1995,First Unit of Quantity,6403916010,China,1995,pairs,"20,890","11,580","12,678","20,632","60,938","82,344","107,198","164,955","102,576","96,762","59,616","22,110"
1995,First Unit of Quantity,6403916030,China,1995,pairs,"2,682","1,188",0,0,484,"1,800","2,460",0,0,0,0,0
1995,First Unit of Quantity,6403916040,China,1995,pairs,"767,898","789,816","506,667","538,526","509,750","1,294,250","1,167,744","922,903","932,681","1,399,101","840,641","679,885"
1995,First Unit of Quantity,6403916050,China,1995,pairs,"7,392",864,0,588,0,0,0,0,0,0,0,0
1995,First Unit of Quantity,6403916060,China,1995,pairs,"319,918","223,202","162,732","181,488","409,992","514,524","568,408","208,947","405,561","203,762","178,841","159,102"
1995,First Unit of Quantity,6403916065,China,1995,pairs,"4,200","3,648","8,884","2,532","29,286",0,"24,223","36,030","24,040","45,428","22,440","9,462"
1995,First Unit of Quantity,6403916075,China,1995,pairs,"457,009","357,583","450,100","435,073","681,695","1,177,379","1,678,556","2,071,592","2,080,678","2,306,484","1,227,680","528,475"
1995,First Unit of Quantity,6403916090,China,1995,pairs,"77,278","61,414","35,383","80,133","390,168","374,525","545,386","610,264","414,938","346,041","234,059","108,153"
1995,First Unit of Quantity,6403919015,China,1995,pairs,"1,350",0,168,288,"4,994","20,688","22,909","49,526","20,298","7,284",0,"1,140"
1995,First Unit of Quantity,6403919025,China,1995,pairs,"7,323","24,340","18,216","16,096","55,242","48,534","193,419","442,339","201,931","93,716","101,894","4,148"
1995,First Unit of Quantity,6403919045,China,1995,pairs,"554,674","416,498","449,655","541,539","1,768,327","2,956,261","3,405,867","3,623,598","3,330,939","2,445,110","920,920","432,360"
1995,First Unit of Quantity,6403919050,China,1995,pairs,"112,527","146,472","78,329","108,828","388,572","399,846","324,449","480,230","304,237","244,430","79,998","121,421"
1995,First Unit of Quantity,6403919060,China,1995,pairs,"471,819","274,913","177,245","294,164","650,101","869,280","920,017","689,409","513,191","609,627","259,592","321,961"
1995,First Unit of Quantity,6403919070,China,1995,pairs,"230,851","190,791","234,620","185,093","317,820","492,261","643,284","682,598","435,838","442,442","169,135","162,139"
1995,First Unit of Quantity,6403992030,China,1995,pairs,"17,900",0,72,0,0,0,"3,528",0,0,0,0,0
1995,First Unit of Quantity,6403992060,China,1995,pairs,"15,756","28,694","3,736",0,"1,440","1,260","1,562",540,0,"1,188",0,0
1995,First Unit of Quantity,6403992090,China,1995,pairs,0,0,0,0,0,"9,000",0,0,0,0,0,0
1995,First Unit of Quantity,6403994010,China,1995,pairs,"30,546","46,551","46,434","43,715","35,478","67,802","32,526","35,898","56,814","73,620","44,728","36,108"
1995,First Unit of Quantity,6403994020,China,1995,pairs,"9,360","1,200",300,"2,502",0,0,264,0,0,"1,002",324,0
1995,First Unit of Quantity,6403994035,China,1995,pairs,"1,200","1,200",120,0,0,0,0,0,0,0,0,0
1995,First Unit of Quantity,6403994055,China,1995,pairs,"58,932","46,746","33,738","24,026","32,718","59,526","49,094","76,544","40,736","38,032","40,882","42,264"
1995,First Unit of Quantity,6403994070,China,1995,pairs,"28,164","16,728","14,100",120,"18,720","12,132","6,093","9,785","7,353",234,"6,712",0
1995,First Unit of Quantity,6403994080,China,1995,pairs,0,0,0,0,0,0,"19,044","3,732","12,336","25,860",0,"25,200"
1995,First Unit of Quantity,6403994090,China,1995,pairs,0,0,0,0,0,"13,028",0,0,0,0,0,0
1995,First Unit of Quantity,6403996015,China,1995,pairs,"10,968","13,226","17,172","14,340","13,830","6,354","39,488","216,961","180,983","168,759","71,568","7,630"
1995,First Unit of Quantity,6403996025,China,1995,pairs,"6,120","1,704","5,405","17,208","7,584","14,784","26,400","21,489","34,998","81,189","1,386","2,904"
1995,First Unit of Quantity,6403996030,China,1995,pairs,"13,090","4,102","35,054",642,"8,660","66,332","19,470","5,308","1,896","4,236",0,"1,084"
1995,First Unit of Quantity,6403996040,China,1995,pairs,"1,880,560","2,193,027","1,825,964","1,810,428","2,039,515","2,495,663","2,153,519","1,691,364","1,620,124","1,787,287","1,467,541","1,668,401"
1995,First Unit of Quantity,6403996050,China,1995,pairs,0,0,0,0,0,0,0,"1,200",0,0,0,0
1995,First Unit of Quantity,6403996060,China,1995,pairs,"599,032","403,967","259,966","210,692","307,718","294,918","365,795","335,113","200,456","308,925","243,937","440,552"
1995,First Unit of Quantity,6403996065,China,1995,pairs,"193,738","173,708","107,537","116,084","53,682","53,414","65,842","60,591","35,826","19,157","16,720","34,976"
1995,First Unit of Quantity,6403996075,China,1995,pairs,"2,256,064","2,283,393","2,273,058","2,587,903","2,470,053","2,636,997","2,558,808","2,623,930","2,454,793","2,719,843","2,153,865","2,214,113"
1995,First Unit of Quantity,6403996090,China,1995,pairs,"195,355","207,799","175,714","175,148","357,524","262,383","411,466","314,388","318,491","192,457","172,210","334,068"
1995,First Unit of Quantity,6403997515,China,1995,pairs,0,"1,400",0,0,0,0,"7,800","6,888",0,0,"4,254",0
1995,First Unit of Quantity,6403997530,China,1995,pairs,"28,080","10,800",0,"2,208",0,0,"1,622","85,550","99,000","1,506","4,116",0
1995,First Unit of Quantity,6403997560,China,1995,pairs,"181,323","197,604","125,480","180,114","402,498","28,198","20,373",127,"22,416","8,280","37,634",0
1995,First Unit of Quantity,6403997590,China,1995,pairs,"120,498","145,689","257,064","279,876","58,632","30,702","2,172","4,320","3,346","6,588","5,976","10,900"
1995,First Unit of Quantity,6403999005,China,1995,pairs,"53,550","46,404","26,934","11,070","3,000",951,"5,160","126,527","88,699","212,928","14,077","2,404"
1995,First Unit of Quantity,6403999015,China,1995,pairs,"17,682","6,495","4,200","13,884","10,584","30,540","1,320","22,664","166,296","2,016","36,010","13,668"
1995,First Unit of Quantity,6403999020,China,1995,pairs,"38,320","34,992","67,292","237,544","8,240","5,640","4,986","46,561","13,203","58,374","5,652","1,095"
1995,First Unit of Quantity,6403999030,China,1995,pairs,"1,653,441","1,587,943","1,722,413","2,074,289","2,992,959","2,839,276","3,320,558","2,472,561","1,942,306","2,024,119","2,071,317","2,015,926"
1995,First Unit of Quantity,6403999040,China,1995,pairs,"808,671","711,816","325,528","422,531","640,978","1,317,091","767,773","838,901","531,106","810,327","560,886","864,579"
1995,First Unit of Quantity,6403999055,China,1995,pairs,"986,707","665,249","299,781","136,014","403,294","491,275","770,550","520,501","601,864","461,464","458,981","583,240"
1995,First Unit of Quantity,6403999065,China,1995,pairs,"5,983,317","5,901,954","5,048,809","4,486,105","5,441,277","7,637,458","8,433,782","8,814,360","5,764,377","4,758,150","5,665,032","5,425,659"
1995,First Unit of Quantity,6403999070,China,1995,pairs,"458,680","646,344","302,534","154,202","240,329","456,986","500,402","280,724","165,161","172,019","138,408","345,305"
1995,First Unit of Quantity,6403999080,China,1995,pairs,"568,530","665,814","348,570","453,226","488,579","622,116","442,764","443,907","266,062","221,507","419,032","473,375"
1995,First Unit of Quantity,6403999090,China,1995,pairs,"717,043","503,248","492,311","741,783","543,206","662,990","432,751","594,051","240,653","301,630","343,338","454,923"
1995,First Unit of Quantity,6404112030,China,1995,pairs,"253,945","419,201","432,956","383,112","347,854","396,712","256,450","230,188","134,039","239,910","166,721","88,602"
1995,First Unit of Quantity,6404112045,China,1995,pairs,"29,358","83,549","36,005","38,448","33,828","50,346","25,488","14,344","4,452",262,"3,762","13,361"
1995,First Unit of Quantity,6404112060,China,1995,pairs,"141,180","204,960","135,360","103,832","139,452","120,994","118,831","80,197","88,012","116,416","145,714","92,159"
1995,First Unit of Quantity,6404112075,China,1995,pairs,0,0,0,0,0,"6,000",0,"5,385",0,"6,000",0,"11,076"
1995,First Unit of Quantity,6404112090,China,1995,pairs,"6,264","80,844","33,384","28,368","34,320","32,968","7,886","11,171",0,"7,504","18,000","44,876"
1995,First Unit of Quantity,6404114000,China,1995,pairs,"39,510","38,580","55,645","51,240","151,541","26,952","143,856","105,722","30,711","14,040","71,838","2,984"
1995,First Unit of Quantity,6404115000,China,1995,pairs,"1,975,995","2,142,460","2,662,290","4,466,787","5,436,347","4,472,338","2,449,336","1,580,572","1,375,421","824,212","1,538,149","2,832,811"
1995,First Unit of Quantity,6404116030,China,1995,pairs,0,"1,038","6,408",0,"5,016",396,0,"14,328",0,0,0,0
1995,First Unit of Quantity,6404116060,China,1995,pairs,"20,160","3,096","3,186",0,"30,006",138,0,"10,314","18,996","11,904","3,612","3,120"
1995,First Unit of Quantity,6404116090,China,1995,pairs,0,0,"5,232","15,708",0,0,0,0,0,0,"2,507","11,344"
1995,First Unit of Quantity,6404117030,China,1995,pairs,"36,247","62,072","51,035","152,738","60,225","30,967","4,726","11,412","2,460",0,"4,596","6,510"
1995,First Unit of Quantity,6404117060,China,1995,pairs,"100,161","44,596","62,807","106,956","33,810","32,531","8,538","63,974","70,404","63,606","68,620","151,579"
1995,First Unit of Quantity,6404117090,China,1995,pairs,"59,572","93,166","88,491","66,394","30,420","15,443",126,"9,223","2,424","10,044","107,755","43,146"
1995,First Unit of Quantity,6404118030,China,1995,pairs,"597,227","505,631","471,092","426,727","319,685","250,855","161,838","117,218","205,723","136,783","220,349","250,867"
1995,First Unit of Quantity,6404118060,China,1995,pairs,"425,040","400,161","348,334","228,283","213,628","187,652","96,911","99,452","142,222","215,455","146,326","307,610"
1995,First Unit of Quantity,6404118090,China,1995,pairs,"74,377","52,009","46,739","29,972","4,803","16,694","5,054","7,301","1,554","17,744","14,668","60,893"
1995,First Unit of Quantity,6404119030,China,1995,pairs,"552,410","358,938","400,386","414,104","195,734","384,157","205,656","186,607","181,800","336,070","323,273","409,330"
1995,First Unit of Quantity,6404119060,China,1995,pairs,"149,107","108,564","101,338","162,233","164,869","141,963","173,613","130,620","105,370","85,635","120,534","182,494"
1995,First Unit of Quantity,6404119090,China,1995,pairs,118,0,63,96,26,180,80,129,769,"4,785","2,412",588
1995,First Unit of Quantity,6404191520,China,1995,pairs,"204,699","305,171","324,498","384,078","236,456","307,995","177,096","236,682","144,975","93,325","117,763","73,778"
1995,First Unit of Quantity,6404191540,China,1995,pairs,"58,998","11,958","56,250","146,842","218,316","26,886","17,831","25,048","18,913","17,130","50,131","67,760"
1995,First Unit of Quantity,6404191560,China,1995,pairs,"289,143","223,988","239,307","315,132","258,476","159,911","156,498","72,791","33,198","22,692","35,742","85,860"
1995,First Unit of Quantity,6404191580,China,1995,pairs,"95,826","121,710","148,092","120,000","254,470","234,496","74,460","74,060","5,840","14,832","21,336","130,592"
1995,First Unit of Quantity,6404192030,China,1995,pairs,"9,986","6,086",0,"11,838","11,427","19,686","21,621","50,138","38,004","26,930","16,568",336
1995,First Unit of Quantity,6404192060,China,1995,pairs,497,"4,284","2,394","8,280",0,0,0,"38,830","53,106","94,758","5,688",0
1995,First Unit of Quantity,6404192090,China,1995,pairs,0,0,"2,880","2,100",0,0,0,"2,352","26,255","14,264","4,545",0
1995,First Unit of Quantity,6404192515,China,1995,pairs,250,0,0,0,0,0,"1,680","1,400",0,"3,705",0,0
1995,First Unit of Quantity,6404192520,China,1995,pairs,"1,450","1,125","20,234",114,"2,042","1,376",982,"10,500","12,993","16,354","64,567","13,188"
1995,First Unit of Quantity,6404192530,China,1995,pairs,"59,118","7,290","61,818","5,040","23,400","14,280",24,"1,943","5,460",0,"5,640",0
1995,First Unit of Quantity,6404192560,China,1995,pairs,"43,006","129,121","245,545","109,485","177,552","16,268","6,913","46,004",0,"28,800","34,644","24,000"
1995,First Unit of Quantity,6404192590,China,1995,pairs,"34,686","90,612","2,400","38,232","1,536",0,"9,288","22,820","5,400","33,480","9,984","4,016"
1995,First Unit of Quantity,6404193015,China,1995,pairs,"57,600",0,0,0,0,"1,872","18,504","20,580","40,731","71,553","12,160",0
1995,First Unit of Quantity,6404193020,China,1995,pairs,"2,618",500,"36,288",0,0,"34,032","10,656","21,792","119,778","52,032","66,780",0
1995,First Unit of Quantity,6404193040,China,1995,pairs,"24,930","1,715","21,804","10,992","14,448","2,172","3,600","144,600","48,636","10,896","29,520","29,520"
1995,First Unit of Quantity,6404193060,China,1995,pairs,"81,174","30,306","170,900","87,634","112,650","50,004","45,352","101,153","120,524","39,156","86,034","167,535"
1995,First Unit of Quantity,6404193080,China,1995,pairs,"18,108","55,122","10,636","13,548",0,0,"62,984","149,475","262,462","116,880","11,719","49,020"
1995,First Unit of Quantity,6404193515,China,1995,pairs,"475,655","445,778","437,262","374,504","450,360","344,642","855,740","593,441","904,008","411,752","341,770","760,730"
1995,First Unit of Quantity,6404193540,China,1995,pairs,"680,952","858,233","1,206,408","969,971","550,203","209,798","65,429","60,908","71,456","118,874","105,783","255,518"
1995,First Unit of Quantity,6404193560,China,1995,pairs,"5,680,206","5,966,256","5,069,123","3,769,935","2,345,668","2,002,411","1,983,915","2,175,339","2,902,989","1,441,357","1,541,875","1,666,361"
1995,First Unit of Quantity,6404193580,China,1995,pairs,"958,513","858,137","1,374,315","928,433","616,652","275,921","201,506","405,840","638,919","195,127","176,586","255,318"
1995,First Unit of Quantity,6404194030,China,1995,pairs,"113,050","76,566","60,864","74,076","43,494","85,180","195,917","56,646","45,252","95,940","81,978","78,792"
1995,First Unit of Quantity,6404194060,China,1995,pairs,"908,579","1,052,063","797,524","646,841","951,802","490,284","167,368","277,540","32,827","53,729","255,513","127,806"
1995,First Unit of Quantity,6404194090,China,1995,pairs,"155,882","298,572","122,835","151,291","188,628","193,744","71,538","24,612","45,894","13,578","28,860","31,500"
1995,First Unit of Quantity,6404195015,China,1995,pairs,"17,874","25,848","11,088","52,296","1,428",0,0,"25,268","19,944","15,390","48,900","24,804"
1995,First Unit of Quantity,6404195030,China,1995,pairs,"784,158","1,143,521","965,157","803,173","843,672","516,253","286,158","79,080","62,364","33,427","216,306","400,931"
1995,First Unit of Quantity,6404195060,China,1995,pairs,"7,589,871","7,408,081","5,024,754","5,981,653","5,534,488","4,010,754","3,200,986","1,017,845","729,218","1,060,673","1,714,334","3,157,154"
1995,First Unit of Quantity,6404195090,China,1995,pairs,"4,459,758","4,380,515","3,575,571","3,045,721","2,089,338","1,246,102","991,194","607,931","162,340","620,721","809,285","1,903,403"
1995,First Unit of Quantity,6404196030,China,1995,pairs,"27,156","67,626","63,492","114,800","14,114","2,100","1,200","6,842","38,546","5,784","3,478",207
1995,First Unit of Quantity,6404196060,China,1995,pairs,"1,198,424","1,064,827","486,800","390,563","152,118","41,881","32,911","31,117","73,589","113,225","102,576","109,016"
1995,First Unit of Quantity,6404196090,China,1995,pairs,"77,934","16,837","72,813","67,932","45,856","2,084","13,443","61,541","17,732","37,982","4,663","9,323"
1995,First Unit of Quantity,6404197015,China,1995,pairs,0,0,0,0,0,0,384,0,0,"3,240",0,0
1995,First Unit of Quantity,6404197030,China,1995,pairs,"22,839","100,548","118,072","100,469","71,710","59,848","22,901","57,341","3,480","69,121","90,201","60,544"
1995,First Unit of Quantity,6404197060,China,1995,pairs,"612,943","617,007","476,734","286,624","292,822","93,511","100,168","134,351","41,417","39,833","238,642","546,940"
1995,First Unit of Quantity,6404197090,China,1995,pairs,"128,450","131,309","126,227","16,290","31,379","52,272","31,368",0,"25,942","3,471","21,354","92,607"
1995,First Unit of Quantity,6404198030,China,1995,pairs,"173,349","223,435","258,238","236,949","181,430","208,757","109,547","84,159","32,877","33,452","53,642","152,404"
1995,First Unit of Quantity,6404198060,China,1995,pairs,"406,517","436,027","307,033","198,231","174,259","253,967","191,509","124,733","74,906","99,606","275,927","399,406"
1995,First Unit of Quantity,6404198090,China,1995,pairs,"35,838","40,314","32,004","26,338","13,669","26,767","33,969","1,092","7,578","10,872","32,344","2,052"
1995,First Unit of Quantity,6404199030,China,1995,pairs,"12,984","89,620","184,440","108,408","29,318","47,361","19,261","9,361","8,619","5,585","53,410","48,151"
1995,First Unit of Quantity,6404199060,China,1995,pairs,"30,929","19,238","42,851","48,263","40,155","60,406","11,269","18,163","26,031","4,284","32,089","12,489"
1995,First Unit of Quantity,6404199090,China,1995,pairs,0,0,0,0,594,20,175,552,0,"1,467",0,0
1995,First Unit of Quantity,6404202030,China,1995,pairs,324,0,"7,728",0,"1,200","2,400",0,0,0,0,0,0
1995,First Unit of Quantity,6404202060,China,1995,pairs,"10,397","89,544","28,804","63,720","263,320","271,884","262,734","233,598","846,450","403,288","225,076","20,808"
1995,First Unit of Quantity,6404202090,China,1995,pairs,"85,404","26,294","5,148","85,874","69,540","185,744","178,509","334,812","270,182","340,821","86,780","23,180"
1995,First Unit of Quantity,6404204030,China,1995,pairs,"5,736","3,600","10,792","3,306",0,0,"121,410","15,498","29,886","59,028","3,000",0
1995,First Unit of Quantity,6404204060,China,1995,pairs,"866,529","667,126","608,303","266,724","185,422","265,233","254,751","319,922","437,941","485,355","206,126","410,343"
1995,First Unit of Quantity,6404204090,China,1995,pairs,"12,165","2,868","4,122",0,0,"58,596","90,268","108,996","51,279","122,337","38,430","17,076"
1995,First Unit of Quantity,6404206040,China,1995,pairs,0,0,0,"6,840",0,0,0,"1,224","24,432","45,347","16,908",0
1995,First Unit of Quantity,6404206060,China,1995,pairs,"184,378","154,041","75,407","33,504","14,140","4,419","1,512","25,271","69,488","28,028","35,521","13,732"
1995,First Unit of Quantity,6404206080,China,1995,pairs,0,0,"3,204",0,0,0,"1,020","38,262","10,350","22,143","13,856",0
1995,First Unit of Quantity,6405100030,China,1995,pairs,0,0,"2,509","2,952","1,086",25,"30,432",0,15,"2,989",0,0
1995,First Unit of Quantity,6405100060,China,1995,pairs,729,234,"6,164","4,112","2,001","3,336","1,633","7,051","9,574","6,219","2,370",0
1995,First Unit of Quantity,6405100090,China,1995,pairs,0,"5,238","18,571","2,700","49,102","22,092","21,219","1,471","6,120","18,520","19,429",0
1995,First Unit of Quantity,6405203030,China,1995,pairs,"38,472","37,017","11,112","19,098","1,740","13,062","39,105","4,656","34,638","19,632",0,"3,840"
1995,First Unit of Quantity,6405203060,China,1995,pairs,"144,978","212,390","229,776","308,262","67,325","89,734","64,037","116,288","201,023","107,042","18,317","30,740"
1995,First Unit of Quantity,6405203090,China,1995,pairs,"1,267,628","899,759","432,755","471,027","497,530","663,105","721,308","697,525","648,615","513,702","350,496","484,434"
1995,First Unit of Quantity,6405209015,China,1995,pairs,"83,296","198,556","34,692","209,480","58,234","643,270","861,856","2,214,347","2,225,536","2,878,946","1,222,330","297,715"
1995,First Unit of Quantity,6405209030,China,1995,pairs,"33,885","62,544","56,886","44,586","10,968","22,170","7,164","7,358","54,391","37,790","16,566","8,653"
1995,First Unit of Quantity,6405209060,China,1995,pairs,"112,148","48,819","32,585","39,654","18,133","216,399","153,301","210,212","227,750","278,651","218,786","122,016"
1995,First Unit of Quantity,6405209090,China,1995,pairs,"415,813","197,450","337,704","446,879","410,526","880,085","720,032","1,157,396","1,058,764","881,662","512,018","243,460"
1995,First Unit of Quantity,6405902000,China,1995,pairs,"6,000",0,"7,000",0,172,"16,000","168,010",0,"469,950","312,000","10,000","10,000"
1995,First Unit of Quantity,6405909000,China,1995,pairs,"139,117","63,020","33,589","135,621","153,825","123,676","209,242","289,195","317,657","374,530","118,364","84,292"
1995,First Unit of Quantity,6406100500,China,1995,pairs,1,0,0,"10,600","20,587","65,983","26,700","10,298","43,595","37,033","32,292",0
1995,First Unit of Quantity,6406101000,China,1995,pairs,0,0,0,0,630,0,"1,861","3,365","4,352",498,"18,280","4,423"
1995,First Unit of Quantity,6406102500,China,1995,pairs,"1,800",0,0,0,0,0,0,0,0,0,0,0
1995,First Unit of Quantity,6406103000,China,1995,pairs,0,0,0,0,0,0,336,0,0,0,0,0
1995,First Unit of Quantity,6406104000,China,1995,pairs,0,0,0,0,0,0,0,0,0,0,60,0
1995,First Unit of Quantity,6406104500,China,1995,pairs,0,0,0,0,124,128,630,0,0,0,0,0
1995,First Unit of Quantity,6406106000,China,1995,pairs,"508,602","360,406","324,458","644,951","868,138","767,954","1,105,890","704,855","603,855","430,584","185,999","612,330"
1995,First Unit of Quantity,6406106500,China,1995,pairs,"490,343","357,453","392,944","403,984","572,488","725,612","578,413","412,281","499,086","388,037","538,650","237,941"
1995,First Unit of Quantity,6406107000,China,1995,pairs,0,"7,164",0,864,"28,692","15,800","14,916","6,120","3,492","7,848",0,"18,757"
1995,First Unit of Quantity,6406107200,China,1995,pairs,0,"24,648","3,744",0,0,0,0,0,0,0,0,0
1995,First Unit of Quantity,6406107700,China,1995,pairs,"693,486","552,798","107,085","93,323","178,952","102,248","697,172","180,216","6,048",0,"85,606","215,483"
1995,First Unit of Quantity,6406108500,China,1995,pairs,"89,565","68,292","80,256","50,351","116,428","66,328","66,050","33,340","7,692","36,132","73,812","158,076"
1995,First Unit of Quantity,6406109020,China,1995,pairs,"1,272",0,0,0,0,0,0,0,0,0,0,0
1995,First Unit of Quantity,6406109040,China,1995,pairs,"790,777","837,049","1,010,785","864,610","238,585","98,088","319,682","217,500","80,417","18,629","5,706","955,129"
1995,First Unit of Quantity,6406109060,China,1995,pairs,0,0,0,0,0,"9,505",0,0,0,0,0,0
1995,First Unit of Quantity,6406109090,China,1995,no units collected,0,0,0,0,0,0,0,0,0,0,0,0
1995,First Unit of Quantity,6406200000,China,1995,no units collected,0,0,0,0,0,0,0,0,0,0,0,0
1995,First Unit of Quantity,6406991540,China,1995,dozens,25,0,0,0,0,8,433,25,0,0,0,0
1995,First Unit of Quantity,6406991580,China,1995,dozens,0,0,0,0,0,0,0,200,0,0,4,"1,218"
1995,First Unit of Quantity,6406993030,China,1995,no units collected,0,0,0,0,0,0,0,0,0,0,0,0
1995,First Unit of Quantity,6406993060,China,1995,no units collected,0,0,0,0,0,0,0,0,0,0,0,0
1995,First Unit of Quantity,6406996000,China,1995,no units collected,0,0,0,0,0,0,0,0,0,0,0,0
1995,First Unit of Quantity,6406999000,China,1995,kilograms,"17,582","10,013","11,668","5,102","7,774","2,090","8,936","13,614","5,631","3,712","9,358","2,271"
1995,First Unit of Quantity,6501009000,China,1995,number,0,"5,100","181,524","102,132","127,700","331,644","48,000",0,0,0,0,0
1995,First Unit of Quantity,6502002000,China,1995,dozens,"2,680","3,100","4,728","7,190","3,730",500,"1,694",60,"4,850","1,320","5,790","6,281"
1995,First Unit of Quantity,6502004000,China,1995,dozens,"94,189","20,795","26,634","43,460","31,079","31,841","39,751","26,408","21,275","29,912","64,231","43,878"
1995,First Unit of Quantity,6502006030,China,1995,dozens,"44,346","41,145","16,419","38,600","26,636","14,721","17,484","28,386","13,150","21,899","37,150","52,943"
1995,First Unit of Quantity,6502006060,China,1995,dozens,"17,815","30,118","9,645","8,631","20,455","5,312","16,944","7,474","9,125","17,132","14,007","7,076"
1995,First Unit of Quantity,6502009030,China,1995,dozens,0,0,0,0,0,"3,400","1,000","1,100",0,900,0,0
1995,First Unit of Quantity,6502009060,China,1995,dozens,300,100,0,0,0,0,0,0,0,0,50,0
1995,First Unit of Quantity,6503003000,China,1995,dozens,0,0,13,0,0,200,0,0,0,0,0,0
1995,First Unit of Quantity,6503009000,China,1995,number,"1,950",0,0,0,"59,799","43,777","26,278",0,"4,531",0,0,0
1995,First Unit of Quantity,6504003000,China,1995,dozens,"109,331","71,239","52,721","19,018","10,708","35,302","6,295","6,572","31,109","38,725","97,394","86,442"
1995,First Unit of Quantity,6504006000,China,1995,dozens,"49,193","22,746","18,390","17,588","19,410","7,401","6,945","7,340","9,721","12,600","12,239","13,196"
1995,First Unit of Quantity,6504009015,China,1995,dozens,968,0,"1,120","1,400",500,735,0,565,"1,681","3,359",600,0
1995,First Unit of Quantity,6504009045,China,1995,dozens,0,208,0,0,0,0,892,0,0,538,33,0
1995,First Unit of Quantity,6504009060,China,1995,dozens,0,0,0,0,0,"1,300","1,300",0,0,0,0,0
1995,First Unit of Quantity,6504009075,China,1995,dozens,0,"3,983","3,360",318,0,300,0,0,0,0,0,185
1995,First Unit of Quantity,6505100000,China,1995,kilograms,"7,736","13,604","4,582",473,"14,967",0,"51,220","4,946","6,830","13,178","9,516","8,214"
1995,First Unit of Quantity,6505901515,China,1995,dozens,"1,552","2,861","1,356","2,998",773,"1,584","12,247",811,"3,573","1,969","4,142","2,279"
1995,First Unit of Quantity,6505901525,China,1995,dozens,0,0,0,500,0,0,0,210,0,125,0,0
1995,First Unit of Quantity,6505901540,China,1995,dozens,"1,560","32,843","12,056","9,150","22,384","6,138","8,533","1,020","3,234","1,949",0,96
1995,First Unit of Quantity,6505901560,China,1995,dozens,0,0,0,0,0,0,0,380,0,0,0,0
1995,First Unit of Quantity,6505902030,China,1995,dozens,"15,374","3,686","11,445","12,529","2,986","16,253","10,382","4,903","13,131","21,700","12,800","6,164"
1995,First Unit of Quantity,6505902060,China,1995,dozens,"405,334","958,804","910,324","426,211","524,246","527,958","407,123","336,993","177,701","93,434","51,504","139,076"
1995,First Unit of Quantity,6505902545,China,1995,dozens,"12,372","8,961","13,513","21,337","14,060","13,615","12,617","16,255","2,903","1,314","1,441","8,572"
1995,First Unit of Quantity,6505902590,China,1995,dozens,"186,878","9,809","8,829",28,"8,567","6,365","7,219","2,549",167,0,0,870
1995,First Unit of Quantity,6505903045,China,1995,dozens,25,0,0,0,0,0,19,64,0,0,0,0
1995,First Unit of Quantity,6505903090,China,1995,dozens,"9,059","2,580",0,0,"8,947","7,090","11,770","1,791",40,0,14,0
1995,First Unit of Quantity,6505904045,China,1995,dozens,0,0,0,0,0,0,"1,083",0,0,0,0,0
1995,First Unit of Quantity,6505904090,China,1995,dozens,"7,451","11,486","9,923","9,554","16,395","36,130","43,326","20,172","8,738","2,550",196,920
1995,First Unit of Quantity,6505905030,China,1995,dozens,0,0,0,0,0,0,"3,868",0,"1,804",0,0,0
1995,First Unit of Quantity,6505905045,China,1995,dozens,0,300,0,0,0,0,0,0,0,0,0,0
1995,First Unit of Quantity,6505905090,China,1995,dozens,"64,779","27,540","48,136","38,629","47,721","59,122","58,644","32,126","16,332","22,238","18,608","20,852"
1995,First Unit of Quantity,6505906030,China,1995,dozens,0,0,0,0,851,"1,993",550,"1,521","1,711","5,299",564,0
1995,First Unit of Quantity,6505906040,China,1995,dozens,0,0,0,0,0,0,567,19,146,79,0,0
1995,First Unit of Quantity,6505906045,China,1995,dozens,0,240,0,0,0,0,0,0,0,0,0,0
1995,First Unit of Quantity,6505906090,China,1995,dozens,"1,801","5,955","7,227","8,808","18,979","22,116","22,879","39,136","23,716","5,555","3,954","3,150"
1995,First Unit of Quantity,6505907030,China,1995,dozens,360,0,525,0,0,960,0,12,500,0,0,0
1995,First Unit of Quantity,6505907045,China,1995,dozens,0,0,"3,554","3,576",0,"5,400",0,0,600,0,600,0
1995,First Unit of Quantity,6505907090,China,1995,dozens,"59,685","38,945","78,335","43,822","84,618","49,751","89,959","70,099","64,426","52,276","25,994","9,142"
1995,First Unit of Quantity,6505908015,China,1995,dozens,"1,171,917","1,363,812","769,259","732,317","1,301,082","1,148,563","1,085,938","1,042,897","982,395","1,353,330","1,365,262","1,634,285"
1995,First Unit of Quantity,6505908045,China,1995,dozens,517,373,0,344,0,0,0,0,0,"1,375",158,0
1995,First Unit of Quantity,6505908050,China,1995,dozens,"4,384","3,004",72,0,"1,464","1,307",716,"2,832",0,0,0,"9,371"
1995,First Unit of Quantity,6505908090,China,1995,dozens,"176,363","198,426","86,356","137,533","166,705","189,838","158,081","234,790","209,621","167,567","183,278","93,190"
1995,First Unit of Quantity,6505909030,China,1995,dozens,"2,534",417,627,0,50,305,357,220,827,104,164,59
1995,First Unit of Quantity,6505909045,China,1995,dozens,0,36,540,0,0,0,258,0,0,0,0,0
1995,First Unit of Quantity,6505909090,China,1995,dozens,"2,856","1,981","2,322","1,127","2,075",216,0,0,0,0,0,0
1995,First Unit of Quantity,6505909095,China,1995,dozens,0,0,0,0,0,0,"1,923",0,0,0,972,0
1995,First Unit of Quantity,6506103030,China,1995,number,"4,146",28,"2,040","4,248","4,032","4,080","4,958","5,844","5,871",0,"1,938","1,128"
1995,First Unit of Quantity,6506103045,China,1995,dozens,0,285,"8,377",665,"2,073","1,552",737,265,91,"4,248",26,292
1995,First Unit of Quantity,6506103075,China,1995,dozens,0,0,0,0,0,0,267,297,0,0,0,958
1995,First Unit of Quantity,6506106030,China,1995,number,0,0,0,48,564,0,0,0,"6,876",0,0,0
1995,First Unit of Quantity,6506106045,China,1995,dozens,158,285,401,94,"1,032",109,25,"2,274",0,"1,510",459,"3,447"
1995,First Unit of Quantity,6506106075,China,1995,dozens,406,"3,434",879,"1,566",606,"1,833",634,"1,684","1,586",292,423,304
1995,First Unit of Quantity,6506910030,China,1995,dozens,"136,115","175,664","27,970","67,313","88,856","244,933","251,973","44,149","224,231","73,568","136,576","180,609"
1995,First Unit of Quantity,6506910045,China,1995,dozens,"20,556","36,090","7,785","4,166",417,"4,873","6,078","16,352","6,126","11,399","5,760","5,261"
1995,First Unit of Quantity,6506910060,China,1995,dozens,"556,873","419,385","200,729","521,748","411,880","665,246","583,164","410,796","554,078","402,373","662,261","547,336"
1995,First Unit of Quantity,6506920000,China,1995,dozens,367,204,30,5,"4,336",3,"4,963","1,899","3,405","1,404","2,328","1,022"
1995,First Unit of Quantity,6506990000,China,1995,dozens,"3,950",553,"2,878",167,"11,319","13,786","12,105","8,843","3,434","2,702","2,541","2,278"
1995,First Unit of Quantity,6507000000,China,1995,dozens,"2,699","13,170","3,423","7,580","5,315","2,258","2,922","50,765","55,189","18,458","16,497","6,788"
1995,First Unit of Quantity,6601100000,China,1995,dozens,"50,592","45,869","89,486","52,810","32,847","10,718","11,101","1,235","3,897","7,023","11,798","29,548"
1995,First Unit of Quantity,6601910000,China,1995,dozens,"221,056","259,147","139,241","272,389","203,050","216,575","137,199","170,181","261,504","234,423","227,655","150,582"
1995,First Unit of Quantity,6601990000,China,1995,dozens,"232,641","140,978","141,621","198,867","207,966","164,752","174,299","141,238","129,398","149,267","116,399","109,757"
1995,First Unit of Quantity,6602000000,China,1995,number,0,"8,656","1,508","8,784",0,"32,336",100,"3,600","3,420","10,540","4,750","19,320"
1995,First Unit of Quantity,6603104000,China,1995,dozens,500,167,"1,844",0,"2,860","4,670","5,050",400,"1,000","3,100","2,399",0
1995,First Unit of Quantity,6603108000,China,1995,dozens,700,"8,083",0,438,"1,353",0,0,458,"2,750","14,774",0,0
1995,First Unit of Quantity,6603203000,China,1995,number,"74,481","7,815","5,400","11,688","9,225","17,820","26,964","52,520",0,"32,699","2,400",0
1995,First Unit of Quantity,6603209000,China,1995,number,"29,560","44,052","51,643","73,179","20,890","9,630","1,000","18,508","71,385","233,215","73,412","34,882"
1995,First Unit of Quantity,6603904000,China,1995,no units collected,0,0,0,0,0,0,0,0,0,0,0,0
1995,First Unit of Quantity,6603908000,China,1995,no units collected,0,0,0,0,0,0,0,0,0,0,0,0
1995,First Unit of Quantity,6701003000,China,1995,no units collected,0,0,0,0,0,0,0,0,0,0,0,0
1995,First Unit of Quantity,6701006000,China,1995,no units collected,0,0,0,0,0,0,0,0,0,0,0,0
1995,First Unit of Quantity,6702102000,China,1995,no units collected,0,0,0,0,0,0,0,0,0,0,0,0
1995,First Unit of Quantity,6702104000,China,1995,no units collected,0,0,0,0,0,0,0,0,0,0,0,0
1995,First Unit of Quantity,6702901000,China,1995,no units collected,0,0,0,0,0,0,0,0,0,0,0,0
1995,First Unit of Quantity,6702903500,China,1995,no units collected,0,0,0,0,0,0,0,0,0,0,0,0
1995,First Unit of Quantity,6702906500,China,1995,no units collected,0,0,0,0,0,0,0,0,0,0,0,0
1995,First Unit of Quantity,6703003000,China,1995,kilograms,"12,082","16,160","15,499","11,405","13,212","22,055","22,758","4,788","2,581","8,374","13,749","3,294"
1995,First Unit of Quantity,6703006000,China,1995,kilograms,0,"1,069",110,95,96,374,97,266,89,354,670,188
1995,First Unit of Quantity,6704110000,China,1995,number,"180,360","214,261","158,572","140,484","431,523","361,952","413,861","393,619","352,215","231,707","256,399","169,722"
1995,First Unit of Quantity,6704190000,China,1995,no units collected,0,0,0,0,0,0,0,0,0,0,0,0
1995,First Unit of Quantity,6704200000,China,1995,no units collected,0,0,0,0,0,0,0,0,0,0,0,0
1995,First Unit of Quantity,6704900000,China,1995,no units collected,0,0,0,0,0,0,0,0,0,0,0,0
1995,First Unit of Quantity,6801000000,China,1995,metric tons,0,0,0,0,0,0,17,0,0,0,0,40
1995,First Unit of Quantity,6802100000,China,1995,no units collected,0,0,0,0,0,0,0,0,0,0,0,0
1995,First Unit of Quantity,6802215000,China,1995,metric tons,0,35,0,0,1,26,7,17,0,16,42,13
1995,First Unit of Quantity,6802220000,China,1995,metric tons,9,2,0,0,0,0,0,18,8,0,8,0
1995,First Unit of Quantity,6802230000,China,1995,metric tons,106,109,742,819,21,56,0,301,11,183,53,59
1995,First Unit of Quantity,6802290000,China,1995,metric tons,1,0,0,0,0,0,4,0,1,4,0,6
1995,First Unit of Quantity,6802910500,China,1995,metric tons,185,124,85,84,185,38,101,118,38,111,108,169
1995,First Unit of Quantity,6802911500,China,1995,metric tons,220,211,239,210,358,214,274,264,329,290,116,152
1995,First Unit of Quantity,6802912500,China,1995,metric tons,8,0,0,0,0,0,0,0,0,0,0,0
1995,First Unit of Quantity,6802913000,China,1995,metric tons,0,0,0,0,0,0,0,0,0,0,1,0
1995,First Unit of Quantity,6802920000,China,1995,metric tons,163,141,91,154,247,143,131,145,291,75,94,38
1995,First Unit of Quantity,6802930010,China,1995,metric tons,140,80,26,70,77,66,90,101,0,81,19,21
1995,First Unit of Quantity,6802930020,China,1995,metric tons,91,101,206,29,61,54,32,61,59,121,42,103
1995,First Unit of Quantity,6802930030,China,1995,metric tons,23,0,15,16,48,37,27,83,0,40,18,50
1995,First Unit of Quantity,6802930045,China,1995,metric tons,0,51,0,17,53,65,19,35,0,0,17,0
1995,First Unit of Quantity,6802930050,China,1995,metric tons,16,0,26,36,34,56,29,2,43,51,46,41
1995,First Unit of Quantity,6802930090,China,1995,metric tons,246,146,116,272,175,146,155,158,121,71,101,54
1995,First Unit of Quantity,6802990000,China,1995,metric tons,243,272,138,181,215,328,300,182,373,170,257,102
1995,First Unit of Quantity,6803001000,China,1995,square meters,"17,484","14,395","10,658","11,875","21,816","20,659","9,803","35,280","37,340","11,711","10,637","22,838"
1995,First Unit of Quantity,6803005000,China,1995,no units collected,0,0,0,0,0,0,0,0,0,0,0,0
1995,First Unit of Quantity,6804100000,China,1995,number,0,"3,600",0,0,0,0,"8,500",0,0,0,0,"3,000"
1995,First Unit of Quantity,6804210000,China,1995,number,0,0,1,500,0,0,275,0,"12,750",166,"5,475","4,000"
1995,First Unit of Quantity,6804221000,China,1995,kilograms,"19,881","16,055",0,"16,000","1,800","13,739","5,200","32,000",0,"3,182","13,000",732
1995,First Unit of Quantity,6804224000,China,1995,no units collected,0,0,0,0,0,0,0,0,0,0,0,0
1995,First Unit of Quantity,6804226000,China,1995,no units collected,0,0,0,0,0,0,0,0,0,0,0,0
1995,First Unit of Quantity,6804230000,China,1995,number,"12,258",0,0,0,"5,800","40,000","20,000",0,0,0,"12,800",0
1995,First Unit of Quantity,6804300000,China,1995,number,"48,224","2,500","106,044","162,846","37,792","143,544","98,664","87,152","117,690","104,852","264,446","55,900"
1995,First Unit of Quantity,6805100000,China,1995,kilograms,"61,574","29,213","12,510","61,517","2,645","42,260","26,168","33,152","32,495","15,330","26,046","44,939"
1995,First Unit of Quantity,6805200000,China,1995,kilograms,"35,150","20,372","30,261","81,120","22,125","43,377","20,426","6,579","30,834","29,736","30,316","12,112"
1995,First Unit of Quantity,6805301000,China,1995,kilograms,"49,210","24,067","19,205","14,649","44,285","21,771","48,993","34,203","55,695","21,309","4,300","1,780"
1995,First Unit of Quantity,6805305000,China,1995,kilograms,"3,235","1,237","1,325","2,733",75,0,"28,865",0,"4,640","4,400",0,"2,026"
1995,First Unit of Quantity,6809190000,China,1995,no units collected,0,0,0,0,0,0,0,0,0,0,0,0
1995,First Unit of Quantity,6809900000,China,1995,no units collected,0,0,0,0,0,0,0,0,0,0,0,0
1995,First Unit of Quantity,6810191200,China,1995,square meters,0,0,0,0,0,0,0,664,0,0,0,0
1995,First Unit of Quantity,6810195000,China,1995,no units collected,0,0,0,0,0,0,0,0,0,0,0,0
1995,First Unit of Quantity,6810990000,China,1995,no units collected,0,0,0,0,0,0,0,0,0,0,0,0
1995,First Unit of Quantity,6811300000,China,1995,kilograms,0,0,0,0,0,180,0,0,0,0,0,0
1995,First Unit of Quantity,6812300000,China,1995,kilograms,0,0,0,0,0,0,0,0,"1,250",0,0,0
1995,First Unit of Quantity,6813100050,China,1995,no units collected,0,0,0,0,0,0,0,0,0,0,0,0
1995,First Unit of Quantity,6813900050,China,1995,no units collected,0,0,0,0,0,0,0,0,0,0,0,0
1995,First Unit of Quantity,6814100000,China,1995,kilograms,"16,244",200,0,"16,638",639,"3,585","32,216","23,300",0,53,0,"22,347"
1995,First Unit of Quantity,6814900000,China,1995,kilograms,0,475,155,819,0,"1,529",0,838,18,0,216,"1,759"
1995,First Unit of Quantity,6815100000,China,1995,no units collected,0,0,0,0,0,0,0,0,0,0,0,0
1995,First Unit of Quantity,6815910000,China,1995,no units collected,0,0,0,0,0,0,0,0,0,0,0,0
1995,First Unit of Quantity,6815992000,China,1995,kilograms,0,"17,100","72,073","3,233","82,155","72,851","35,299","129,051","85,120","30,743","81,444","33,909"
1995,First Unit of Quantity,6815994000,China,1995,no units collected,0,0,0,0,0,0,0,0,0,0,0,0
1995,First Unit of Quantity,6902101000,China,1995,thousand units,"17,925","179,468","55,608","162,036","306,115","214,416","605,970","122,087","512,795","232,770",105,"15,603"
1995,First Unit of Quantity,6902105000,China,1995,metric tons,0,0,0,0,0,0,0,0,0,0,0,2
1995,First Unit of Quantity,6902201010,China,1995,thousand units,0,0,0,0,0,7,0,0,2,0,9,1
1995,First Unit of Quantity,6902201020,China,1995,thousand units,3,1,3,7,3,38,0,8,19,35,4,38
1995,First Unit of Quantity,6902205010,China,1995,metric tons,3,15,0,0,4,0,0,18,21,0,0,0
1995,First Unit of Quantity,6902205020,China,1995,metric tons,3,10,0,6,37,29,6,22,18,47,15,21
1995,First Unit of Quantity,6902901010,China,1995,thousand units,0,0,0,0,0,0,0,0,11,0,0,0
1995,First Unit of Quantity,6902905020,China,1995,metric tons,66,0,36,0,0,0,0,33,33,0,12,0
1995,First Unit of Quantity,6903200000,China,1995,kilograms,0,"6,300",0,0,0,"30,000","69,320","32,293","61,256",0,"14,000","2,330"
1995,First Unit of Quantity,6903900010,China,1995,kilograms,612,0,0,0,0,0,0,0,0,0,0,0
1995,First Unit of Quantity,6903900050,China,1995,kilograms,"1,800","12,024","6,800","3,206",128,0,0,627,0,"13,777",0,"1,810"
1995,First Unit of Quantity,6904100020,China,1995,thousand units,0,0,0,0,0,0,0,114,0,0,0,0
1995,First Unit of Quantity,6905100000,China,1995,square meters,0,0,162,"3,424","2,471",0,0,0,0,0,160,0
1995,First Unit of Quantity,6905900050,China,1995,no units collected,0,0,0,0,0,0,0,0,0,0,0,0
1995,First Unit of Quantity,6906000000,China,1995,kilograms,0,0,0,0,0,0,0,0,0,"6,042",0,0
1995,First Unit of Quantity,6907100000,China,1995,square meters,0,0,0,0,0,368,0,0,0,0,0,0
1995,First Unit of Quantity,6907900000,China,1995,square meters,0,"2,049","4,018","1,524",277,"1,459",0,0,0,0,0,0
1995,First Unit of Quantity,6907900050,China,1995,square meters,0,0,0,0,0,0,"2,692","2,139",54,0,0,0
1995,First Unit of Quantity,6908101000,China,1995,square meters,0,0,"2,508",0,0,0,0,0,0,0,0,0
1995,First Unit of Quantity,6908102000,China,1995,square meters,0,0,0,129,832,291,0,588,0,0,0,0
1995,First Unit of Quantity,6908105000,China,1995,square meters,"14,455","3,125","9,358","5,174","2,453",0,"4,106",605,0,0,"2,307","6,954"
1995,First Unit of Quantity,6908900000,China,1995,square meters,"4,141","1,988",972,"4,583","1,037",242,0,0,0,0,0,0
1995,First Unit of Quantity,6908900010,China,1995,square meters,0,0,0,0,0,0,"1,931","2,215","6,587",0,362,"3,240"
1995,First Unit of Quantity,6908900050,China,1995,square meters,0,0,0,0,0,0,0,486,"3,263","2,710","11,946","3,183"
1995,First Unit of Quantity,6909112000,China,1995,no units collected,0,0,0,0,0,0,0,0,0,0,0,0
1995,First Unit of Quantity,6909114000,China,1995,no units collected,0,0,0,0,0,0,0,0,0,0,0,0
1995,First Unit of Quantity,6909191000,China,1995,no units collected,0,0,0,0,0,0,0,0,0,0,0,0
1995,First Unit of Quantity,6909195090,China,1995,no units collected,0,0,0,0,0,0,0,0,0,0,0,0
1995,First Unit of Quantity,6909900000,China,1995,no units collected,0,0,0,0,0,0,0,0,0,0,0,0
1995,First Unit of Quantity,6910100015,China,1995,number,0,0,0,0,0,0,0,0,107,0,0,0
1995,First Unit of Quantity,6910100020,China,1995,number,0,0,0,0,0,0,0,0,107,0,0,0
1995,First Unit of Quantity,6910100030,China,1995,number,0,0,0,0,0,0,0,0,442,640,0,0
1995,First Unit of Quantity,6910100050,China,1995,number,0,0,0,0,4,0,0,0,0,0,"2,400",69
1995,First Unit of Quantity,6910900000,China,1995,number,0,350,0,0,0,0,0,0,0,"12,000",0,0
1995,First Unit of Quantity,6911101000,China,1995,dozen pieces,"117,244","95,716","98,506","58,041","145,989","107,734","129,961","164,027","119,855","123,778","83,309","132,403"
1995,First Unit of Quantity,6911101500,China,1995,dozen pieces,0,0,0,"3,706",0,0,520,0,0,0,0,"3,086"
1995,First Unit of Quantity,6911102500,China,1995,dozen pieces,246,0,16,0,67,0,0,0,"11,064",8,0,11
1995,First Unit of Quantity,6911103510,China,1995,dozen pieces,"35,937","19,875","51,315","49,833","28,293","47,345","31,442","96,768","252,856","108,499","50,673","35,900"
1995,First Unit of Quantity,6911103550,China,1995,dozen pieces,"52,206","45,244","56,983","91,033","17,649","22,461","59,244","51,004","27,141","55,591","51,619","65,450"
1995,First Unit of Quantity,6911103710,China,1995,dozen pieces,"59,932","79,374","81,183","117,308","82,802","59,403","75,866","200,470","248,019","342,134","257,052","92,025"
1995,First Unit of Quantity,6911103750,China,1995,dozen pieces,"67,788","73,024","145,656","111,923","91,093","164,742","155,154","264,506","348,839","191,755","114,703","175,335"
1995,First Unit of Quantity,6911103810,China,1995,dozen pieces,"3,153",0,0,0,0,"1,250",71,751,20,98,0,"10,131"
1995,First Unit of Quantity,6911103850,China,1995,dozen pieces,"17,396","29,935","6,120","9,328","17,560","10,688",31,"11,721",0,"3,830","2,917",204
1995,First Unit of Quantity,6911104100,China,1995,dozen pieces,"51,800","20,536","8,384","29,355","27,606","39,578","202,232","89,986","32,722","39,850","66,437","23,925"
1995,First Unit of Quantity,6911104500,China,1995,dozen pieces,"209,069","335,756","236,677","266,744","112,647","149,426","177,537","226,274","155,630","152,774","111,204","96,900"
1995,First Unit of Quantity,6911105200,China,1995,dozen pieces,"49,567","44,063","42,594","44,865","40,614","26,423","32,127","24,833","61,200","41,497","31,639","9,344"
1995,First Unit of Quantity,6911105800,China,1995,dozen pieces,489,0,"3,571","2,334",0,"4,194","2,029","1,517",208,"5,494","2,163","2,700"
1995,First Unit of Quantity,6911106000,China,1995,dozen pieces,"1,212",0,"1,370",0,204,0,"6,613","4,227","1,600","1,755",0,234
1995,First Unit of Quantity,6911108010,China,1995,dozen pieces,"117,391","164,868","81,947","50,038","149,040","108,862","87,754","163,716","187,663","162,317","151,535","59,957"
1995,First Unit of Quantity,6911108090,China,1995,dozen pieces,"27,730","21,128","8,657","57,163","51,339","34,802","29,245","52,934","57,867","142,023","33,923","69,540"
1995,First Unit of Quantity,6911900010,China,1995,no units collected,0,0,0,0,0,0,0,0,0,0,0,0
1995,First Unit of Quantity,6911900050,China,1995,no units collected,0,0,0,0,0,0,0,0,0,0,0,0
1995,First Unit of Quantity,6912001000,China,1995,dozen pieces,"4,375","13,500","12,161","20,476","4,217","19,635","76,708","10,430","5,775","35,445","38,182","4,521"
1995,First Unit of Quantity,6912002000,China,1995,dozen pieces,"67,956","39,533","138,890","76,326","75,618","80,993","30,625","98,658","67,619","101,093","82,424","100,048"
1995,First Unit of Quantity,6912003510,China,1995,dozen pieces,"24,670","42,152","27,599","28,010","45,652","36,648","40,493","71,792","39,139","151,455","100,385","83,506"
1995,First Unit of Quantity,6912003550,China,1995,dozen pieces,"51,563","36,993","73,088","112,940","54,227","45,781","69,061","116,546","103,449","144,771","105,677","72,290"
1995,First Unit of Quantity,6912003910,China,1995,dozen pieces,"398,013","318,131","397,181","290,973","206,040","602,024","706,899","301,578","630,941","573,868","374,927","340,398"
1995,First Unit of Quantity,6912003950,China,1995,dozen pieces,"421,942","324,735","365,310","400,782","427,797","596,688","438,048","538,223","534,407","644,898","423,092","278,670"
1995,First Unit of Quantity,6912004100,China,1995,dozen pieces,"117,548","104,783","46,960","71,950","94,177","81,148","140,152","206,732","136,444","156,200","133,621","96,700"
1995,First Unit of Quantity,6912004400,China,1995,dozen pieces,"1,162,931","1,577,564","687,761","875,806","1,254,805","1,113,768","1,243,333","1,636,108","1,390,667","1,692,358","1,132,426","799,912"
1995,First Unit of Quantity,6912004500,China,1995,dozen pieces,"31,006","39,190","24,336","50,104","64,706","51,455","76,320","142,446","185,189","183,317","83,327","49,488"
1995,First Unit of Quantity,6912004600,China,1995,dozen pieces,"2,184","2,341","1,213",0,"3,400",796,"3,364","5,080","3,950","14,114",480,325
1995,First Unit of Quantity,6912004810,China,1995,dozen pieces,"326,755","244,960","321,707","371,248","353,692","323,094","429,447","728,302","742,173","604,226","502,815","348,496"
1995,First Unit of Quantity,6912004890,China,1995,dozen pieces,"76,001","101,294","95,612","81,195","141,988","138,177","56,581","144,614","84,600","95,009","53,976","100,433"
1995,First Unit of Quantity,6912005000,China,1995,no units collected,0,0,0,0,0,0,0,0,0,0,0,0
1995,First Unit of Quantity,6913101000,China,1995,no units collected,0,0,0,0,0,0,0,0,0,0,0,0
1995,First Unit of Quantity,6913102000,China,1995,dozen pieces,"1,865","1,150","2,253",41,"1,379",819,"19,427",840,484,"2,687",513,94
1995,First Unit of Quantity,6913105000,China,1995,dozen pieces,"807,809","846,480","546,516","968,706","821,014","756,300","1,265,616","2,350,451","1,715,036","1,510,223","1,227,143","902,174"
1995,First Unit of Quantity,6913901000,China,1995,no units collected,0,0,0,0,0,0,0,0,0,0,0,0
1995,First Unit of Quantity,6913902000,China,1995,no units collected,0,0,0,0,0,0,0,0,0,0,0,0
1995,First Unit of Quantity,6913903000,China,1995,dozen pieces,"45,818","15,146","7,706","10,931","15,645","7,704","1,745","2,179","9,662","12,288","18,355","8,598"
1995,First Unit of Quantity,6913905000,China,1995,no units collected,0,0,0,0,0,0,0,0,0,0,0,0
1995,First Unit of Quantity,6914104000,China,1995,no units collected,0,0,0,0,0,0,0,0,0,0,0,0
1995,First Unit of Quantity,6914108000,China,1995,no units collected,0,0,0,0,0,0,0,0,0,0,0,0
1995,First Unit of Quantity,6914904000,China,1995,no units collected,0,0,0,0,0,0,0,0,0,0,0,0
1995,First Unit of Quantity,6914908000,China,1995,no units collected,0,0,0,0,0,0,0,0,0,0,0,0
1995,First Unit of Quantity,7002102000,China,1995,kilograms,822,0,0,"2,470","2,368",314,0,0,"1,380","42,976",0,0
1995,First Unit of Quantity,7002201000,China,1995,kilograms,0,0,0,0,0,0,0,"8,400",0,0,0,0
1995,First Unit of Quantity,7002205000,China,1995,kilograms,0,0,0,0,0,0,0,"6,551",0,0,0,"15,460"
1995,First Unit of Quantity,7002390090,China,1995,kilograms,0,0,241,0,0,67,0,0,0,0,0,0
1995,First Unit of Quantity,7003110000,China,1995,square meters,0,0,0,0,0,0,341,0,0,0,0,0
1995,First Unit of Quantity,7003190000,China,1995,square meters,0,496,0,0,0,369,334,96,"8,879",456,"5,410",0
1995,First Unit of Quantity,7004102010,China,1995,square meters,0,0,0,0,0,0,0,0,0,0,0,389
1995,First Unit of Quantity,7004901500,China,1995,square meters,0,0,0,"15,603","19,449","13,191","33,969","3,894","11,614",0,"3,716","27,448"
1995,First Unit of Quantity,7004902000,China,1995,square meters,"3,224",0,"6,877","1,377","38,364","8,919","28,616","17,938","50,613","13,824","7,013",0
1995,First Unit of Quantity,7004902510,China,1995,square meters,"115,744","102,392","75,927","145,060","265,185","176,428","112,656","89,346","177,546","123,158","178,969","65,487"
1995,First Unit of Quantity,7004902520,China,1995,square meters,0,0,"17,094","27,227","28,469","19,509","3,680","3,534",0,"3,716","3,530",0
1995,First Unit of Quantity,7004902550,China,1995,square meters,0,"48,024","36,909","22,081","23,163","85,290","13,680","35,637","27,266","21,553","17,100","21,651"
1995,First Unit of Quantity,7004903050,China,1995,square meters,560,540,"2,230",650,0,0,0,0,0,"2,268",0,0
1995,First Unit of Quantity,7005108000,China,1995,square meters,0,0,0,0,"2,812",0,0,0,0,"2,308",0,0
1995,First Unit of Quantity,7005211010,China,1995,square meters,"1,773",0,"1,120",653,93,0,279,"1,400",93,0,653,747
1995,First Unit of Quantity,7005212000,China,1995,square meters,0,0,0,0,0,0,0,0,0,93,0,0
1995,First Unit of Quantity,7005290450,China,1995,square meters,268,0,0,94,254,0,0,587,198,278,0,111
1995,First Unit of Quantity,7005290810,China,1995,square meters,0,0,0,0,"1,784",0,0,0,0,0,0,0
1995,First Unit of Quantity,7005290850,China,1995,square meters,"1,394",0,0,0,0,0,0,"2,007",0,"2,007",0,0
1995,First Unit of Quantity,7005291810,China,1995,square meters,"4,813","4,908",0,"45,057","113,177",0,"2,442",0,0,"4,779","7,112",0
1995,First Unit of Quantity,7005291850,China,1995,square meters,"2,415","10,742","5,143","13,383","8,032",0,"3,367",0,0,"1,041","6,078",393
1995,First Unit of Quantity,7005292500,China,1995,square meters,602,0,0,"3,135",0,0,"1,292",0,405,669,"1,275","1,389"
1995,First Unit of Quantity,7006001000,China,1995,square meters,"2,615","3,060","1,302",0,"3,641","1,200","5,245","3,653","2,430","2,428","2,831","3,647"
1995,First Unit of Quantity,7006004010,China,1995,square meters,55,0,43,82,58,336,247,"2,544",179,159,98,119
1995,First Unit of Quantity,7006004050,China,1995,square meters,"32,692","36,506","18,271","59,750","33,785","22,519","36,383","43,841","28,668","15,416","25,078","19,689"
1995,First Unit of Quantity,7007110010,China,1995,square meters,"2,195",0,0,0,0,0,"2,275",0,"2,651",0,0,0
1995,First Unit of Quantity,7007190000,China,1995,square meters,0,0,0,0,0,73,"2,497","2,531",0,"2,664","138,634",0
1995,First Unit of Quantity,7007211010,China,1995,square meters,0,"4,905","4,077","15,174","11,851","19,151","21,836","8,541","2,514","8,201","15,020","5,041"
1995,First Unit of Quantity,7008000000,China,1995,number,0,0,0,0,0,0,"1,640",0,200,"1,405",0,260
1995,First Unit of Quantity,7009100000,China,1995,number,"103,714","178,374","110,732","56,436","120,608","18,988","27,620","10,768","33,986","179,537","96,291","108,300"
1995,First Unit of Quantity,7009911000,China,1995,square centimeters,"463,264","322,110","372,878","341,228","448,732","427,360","368,564","541,204","586,284","604,000","418,849","433,560"
1995,First Unit of Quantity,7009915000,China,1995,square centimeters,50,0,0,2,13,"25,714",355,740,"1,548",245,"1,235",773
1995,First Unit of Quantity,7009921000,China,1995,square centimeters,"2,579,392","2,014,238","1,658,080","2,378,938","2,279,969","2,577,265","2,408,430","2,725,378","3,012,894","2,720,099","2,318,692","2,360,434"
1995,First Unit of Quantity,7009925000,China,1995,square centimeters,"61,523","28,883","7,146","28,374","40,858","47,654","61,711","185,173","33,956","61,714","45,438","52,908"
1995,First Unit of Quantity,7010100000,China,1995,gross,0,0,29,0,0,0,0,0,"1,582",492,639,0
1995,First Unit of Quantity,7010900500,China,1995,gross,0,0,0,538,0,0,"5,828",0,42,0,0,0
1995,First Unit of Quantity,7010902000,China,1995,gross,"3,837","5,716",316,"10,029","2,501","10,976","3,396","13,131","3,684","6,633","2,184","4,655"
1995,First Unit of Quantity,7010903000,China,1995,gross,49,206,0,"2,927",0,43,0,0,673,515,647,0
1995,First Unit of Quantity,7010905010,China,1995,gross,0,0,"2,012",120,682,76,304,100,8,922,156,294
1995,First Unit of Quantity,7010905020,China,1995,gross,0,973,"1,378",917,824,0,83,0,219,0,0,485
1995,First Unit of Quantity,7010905030,China,1995,gross,0,0,210,164,"2,784",39,25,"1,095",491,341,647,349
1995,First Unit of Quantity,7010905040,China,1995,gross,259,0,382,"1,772","1,096",478,"1,953","5,525","1,634","2,295","6,472","2,522"
1995,First Unit of Quantity,7010905050,China,1995,gross,"3,448",338,466,641,"3,140","1,298","12,144","4,181","3,966","3,281","3,834","3,489"
1995,First Unit of Quantity,7011101000,China,1995,hundred units,"18,822","7,881","2,317","19,237","3,346","133,459","6,960","22,621","9,650","70,179","5,164",888
1995,First Unit of Quantity,7011105000,China,1995,hundred units,"1,714","3,270","2,574","1,500","8,378","4,195",371,"2,513","14,368","2,736","2,499",560
1995,First Unit of Quantity,7011201000,China,1995,hundred units,0,0,553,"1,281","1,282",887,"1,244","1,244","1,244","1,555","1,244",311
1995,First Unit of Quantity,7011204000,China,1995,hundred units,0,0,0,1,0,0,0,0,0,0,0,0
1995,First Unit of Quantity,7011208000,China,1995,hundred units,0,3,0,0,0,5,0,0,17,0,0,0
1995,First Unit of Quantity,7011900000,China,1995,hundred units,"1,564","1,000",200,"1,400",710,"2,356",0,"1,000",171,"4,282","1,003","1,000"
1995,First Unit of Quantity,7012000000,China,1995,number,"5,040",0,0,0,"10,968",0,"8,286",0,0,653,0,0
1995,First Unit of Quantity,7013101000,China,1995,number,0,0,0,0,0,0,0,0,0,0,0,"3,344"
1995,First Unit of Quantity,7013105000,China,1995,number,0,0,0,0,0,0,0,"28,590",0,"21,200",0,0
1995,First Unit of Quantity,7013211000,China,1995,number,"5,093",0,0,0,0,0,"6,600",0,"58,356",0,0,0
1995,First Unit of Quantity,7013212000,China,1995,number,"1,541",0,0,0,0,0,0,0,0,0,0,0
1995,First Unit of Quantity,7013215000,China,1995,number,222,0,0,0,0,375,0,0,0,0,0,0
1995,First Unit of Quantity,7013290500,China,1995,number,0,0,"162,000",0,"64,800","16,200",0,"9,888","64,800",0,"120,960","62,100"
1995,First Unit of Quantity,7013291000,China,1995,number,"11,544","531,142","257,604","75,324","347,400","139,056","262,020","28,368","213,024","305,024","154,572","92,592"
1995,First Unit of Quantity,7013292000,China,1995,number,"426,387","282,652","469,949","722,928","790,556","665,486","817,464","1,058,244","775,867","1,244,216","724,716","564,302"
1995,First Unit of Quantity,7013293000,China,1995,number,854,0,0,0,0,0,0,0,0,0,0,0
1995,First Unit of Quantity,7013294000,China,1995,number,0,0,0,"1,800",0,0,0,0,0,0,0,0
1995,First Unit of Quantity,7013295000,China,1995,number,0,0,"2,300","4,802",0,"2,536","25,142","58,856","7,120","25,980","15,496","24,524"
1995,First Unit of Quantity,7013296000,China,1995,number,0,0,0,0,0,0,120,"27,964",0,"10,208","3,542","5,904"
1995,First Unit of Quantity,7013311000,China,1995,number,0,0,0,0,0,0,0,0,0,"23,456","8,000",0
1995,First Unit of Quantity,7013312000,China,1995,number,0,0,0,0,0,0,0,0,0,"17,484","18,040",0
1995,First Unit of Quantity,7013313000,China,1995,number,0,0,0,0,0,0,0,0,630,"2,156",0,0
1995,First Unit of Quantity,7013321000,China,1995,number,0,0,0,0,0,0,0,0,0,0,100,0
1995,First Unit of Quantity,7013322000,China,1995,number,0,"28,068","1,200",0,0,0,"2,225","23,440","24,400","461,800","10,704","7,368"
1995,First Unit of Quantity,7013323000,China,1995,number,0,0,0,0,0,0,0,592,0,0,0,"5,496"
1995,First Unit of Quantity,7013324000,China,1995,number,354,0,0,0,0,0,0,128,0,0,0,0
1995,First Unit of Quantity,7013391000,China,1995,number,0,"14,496","3,664","14,976","21,600","70,992","8,064","58,824","21,720","79,008","147,172","93,240"
1995,First Unit of Quantity,7013392000,China,1995,number,"845,180","1,136,299","1,187,016","912,412","1,407,532","1,746,064","957,926","1,813,290","1,255,808","2,649,908","2,511,042","968,273"
1995,First Unit of Quantity,7013393000,China,1995,number,"1,216",0,450,0,"1,224",0,0,"4,860",0,"7,208",0,0
1995,First Unit of Quantity,7013394000,China,1995,number,0,0,0,0,441,0,0,"1,677",0,0,109,0
1995,First Unit of Quantity,7013395000,China,1995,number,"4,680",0,"5,798","7,428","18,946","6,220","8,072","17,698","32,423","50,485","3,921","13,346"
1995,First Unit of Quantity,7013396000,China,1995,number,"1,200","1,215",342,"1,260","1,072",0,"1,816","5,705","1,512","2,084","4,375",855
1995,First Unit of Quantity,7013911000,China,1995,number,"2,016",0,0,0,0,0,"91,200",0,0,"43,760",0,"63,468"
1995,First Unit of Quantity,7013912000,China,1995,number,0,0,0,0,"22,461","1,680","1,080","1,800",0,"9,216",0,"7,560"
1995,First Unit of Quantity,7013913000,China,1995,number,"7,071",0,"2,208","1,008","22,248","18,432",600,0,0,"1,540",480,0
1995,First Unit of Quantity,7013915000,China,1995,number,"2,587",0,"1,848",923,108,334,"1,248",644,468,"5,104","2,120",935
1995,First Unit of Quantity,7013991000,China,1995,number,"15,648","4,684","5,040","1,200","2,764","30,788","21,496","49,818","45,888","54,432","34,080","54,622"
1995,First Unit of Quantity,7013992000,China,1995,number,0,"37,995",0,0,0,0,"23,040","4,000","67,180",0,948,0
1995,First Unit of Quantity,7013993000,China,1995,number,"4,020","159,996","114,058","124,464","87,000","41,673","41,040","59,771","196,246","264,116","102,949","86,544"
1995,First Unit of Quantity,7013993500,China,1995,number,"96,192","201,120","55,344","86,802","242,580","271,998","300,210","422,498","855,245","339,335","333,508","99,496"
1995,First Unit of Quantity,7013994000,China,1995,number,"297,000","276,308","76,572","182,229","213,360","195,372","417,640","1,343,312","769,458","590,928","171,522","348,745"
1995,First Unit of Quantity,7013995000,China,1995,number,"877,447","911,778","612,039","859,279","1,242,767","1,176,361","1,142,060","1,361,496","1,081,418","1,527,743","1,454,750","1,079,667"
1995,First Unit of Quantity,7013996000,China,1995,number,"5,656","67,883","59,740","17,312","13,128","34,216","21,913","46,734","68,542","55,222","40,435","6,936"
1995,First Unit of Quantity,7013997000,China,1995,number,884,484,"2,780","2,400","16,620","8,414","10,484","23,487","18,906","5,096","10,793",960
1995,First Unit of Quantity,7013998000,China,1995,number,"40,876","48,052","32,477","36,574","42,795","57,142","68,363","152,123","65,384","143,147","46,688","41,682"
1995,First Unit of Quantity,7013999000,China,1995,number,"45,534","54,191","17,738","24,656","32,331","67,247","65,464","166,694","107,505","114,506","95,334","49,663"
1995,First Unit of Quantity,7014002000,China,1995,number,0,0,0,0,0,0,0,0,0,0,631,300
1995,First Unit of Quantity,7014003000,China,1995,number,0,0,0,0,0,0,"2,400",0,"5,448",0,0,0
1995,First Unit of Quantity,7014005000,China,1995,number,0,0,0,0,0,0,0,0,0,0,8,0
1995,First Unit of Quantity,7015901000,China,1995,number,676,0,0,0,"42,100","6,400",0,"37,312",0,"41,611",1,"21,521"
1995,First Unit of Quantity,7015905000,China,1995,no units collected,0,0,0,0,0,0,0,0,0,0,0,0
1995,First Unit of Quantity,7016100000,China,1995,no units collected,0,0,0,0,0,0,0,0,0,0,0,0
1995,First Unit of Quantity,7016901010,China,1995,number,0,0,0,0,0,0,0,0,"14,192",0,0,0
1995,First Unit of Quantity,7016901050,China,1995,no units collected,0,0,0,0,0,0,0,0,0,0,0,0
1995,First Unit of Quantity,7016905000,China,1995,no units collected,0,0,0,0,0,0,0,0,0,0,0,0
1995,First Unit of Quantity,7017100000,China,1995,no units collected,0,0,0,0,0,0,0,0,0,0,0,0
1995,First Unit of Quantity,7017200000,China,1995,no units collected,0,0,0,0,0,0,0,0,0,0,0,0
1995,First Unit of Quantity,7017901000,China,1995,no units collected,0,0,0,0,0,0,0,0,0,0,0,0
1995,First Unit of Quantity,7017905000,China,1995,no units collected,0,0,0,0,0,0,0,0,0,0,0,0
1995,First Unit of Quantity,7018101000,China,1995,no units collected,0,0,0,0,0,0,0,0,0,0,0,0
1995,First Unit of Quantity,7018102000,China,1995,no units collected,0,0,0,0,0,0,0,0,0,0,0,0
1995,First Unit of Quantity,7018105000,China,1995,no units collected,0,0,0,0,0,0,0,0,0,0,0,0
1995,First Unit of Quantity,7018905000,China,1995,no units collected,0,0,0,0,0,0,0,0,0,0,0,0
1995,First Unit of Quantity,7019100500,China,1995,kilograms,0,0,0,0,0,0,0,0,"19,900","62,829",0,"20,010"
1995,First Unit of Quantity,7019103000,China,1995,kilograms,0,0,"1,200","32,938",0,"87,000","67,191","99,444","16,389","10,981","12,920","100,976"
1995,First Unit of Quantity,7019104040,China,1995,kilograms,0,0,0,0,0,0,"16,320",0,0,"68,480",0,0
1995,First Unit of Quantity,7019104080,China,1995,kilograms,"134,738","16,460","181,248","279,303","357,880","409,891","403,533","740,669","674,449","283,459","662,478","669,776"
1995,First Unit of Quantity,7019109000,China,1995,kilograms,0,0,0,0,55,0,0,0,0,"2,430","38,085",0
1995,First Unit of Quantity,7019204000,China,1995,square meters,0,"2,037","3,000","33,654",0,"7,597",0,0,"3,484","6,968",0,0
1995,First Unit of Quantity,7019310000,China,1995,kilograms,0,0,0,0,0,0,0,0,0,0,"11,610",0
1995,First Unit of Quantity,7019395000,China,1995,no units collected,0,0,0,0,0,0,0,0,0,0,0,0
1995,First Unit of Quantity,7019901000,China,1995,no units collected,0,0,0,0,0,0,0,0,0,0,0,0
1995,First Unit of Quantity,7019905050,China,1995,no units collected,0,0,0,0,0,0,0,0,0,0,0,0
1995,First Unit of Quantity,7020000000,China,1995,no units collected,0,0,0,0,0,0,0,0,0,0,0,0
1995,First Unit of Quantity,7101100000,China,1995,no units collected,0,0,0,0,0,0,0,0,0,0,0,0
1995,First Unit of Quantity,7101210000,China,1995,no units collected,0,0,0,0,0,0,0,0,0,0,0,0
1995,First Unit of Quantity,7101220000,China,1995,no units collected,0,0,0,0,0,0,0,0,0,0,0,0
1995,First Unit of Quantity,7102211020,China,1995,carats,0,0,0,0,0,0,0,"2,237",0,0,0,0
1995,First Unit of Quantity,7102214000,China,1995,carats,0,0,"1,200",0,0,"30,000","30,000",0,"30,000",0,0,0
1995,First Unit of Quantity,7102290050,China,1995,carats,0,0,0,360,"2,647","10,250",0,0,0,783,0,0
1995,First Unit of Quantity,7102310000,China,1995,carats,0,0,3,0,0,0,0,0,0,0,0,0
1995,First Unit of Quantity,7102390010,China,1995,carats,0,"1,004","1,168",0,319,985,0,"1,291",0,653,0,0
1995,First Unit of Quantity,7102390050,China,1995,carats,0,0,0,0,0,0,0,0,0,14,0,0
1995,First Unit of Quantity,7103102000,China,1995,carats,"53,069,500","3,940,000",20,"681,883","444,500",0,"175,000","6,909,001","227,000","172,500","4,425,065","515,000"
1995,First Unit of Quantity,7103104000,China,1995,carats,970,0,0,0,0,2,0,1,0,0,0,0
1995,First Unit of Quantity,7103910010,China,1995,carats,0,0,0,6,"2,260",0,0,0,0,0,0,0
1995,First Unit of Quantity,7103910020,China,1995,carats,0,0,1,0,"1,665",0,0,0,0,0,0,0
1995,First Unit of Quantity,7103910030,China,1995,carats,0,0,0,0,"1,607",0,0,0,0,0,0,0
1995,First Unit of Quantity,7103991000,China,1995,no units collected,0,0,0,0,0,0,0,0,0,0,0,0
1995,First Unit of Quantity,7103995000,China,1995,no units collected,0,0,0,0,0,0,0,0,0,0,0,0
1995,First Unit of Quantity,7104100000,China,1995,kilograms,1,0,1,210,5,2,2,2,9,10,6,0
1995,First Unit of Quantity,7104200000,China,1995,no units collected,0,0,0,0,0,0,0,0,0,0,0,0
1995,First Unit of Quantity,7104901000,China,1995,number,"352,089","254,307","438,190","1,507,709","992,710","1,064,569","1,302,791","731,971","1,258,300","1,998,209","2,616,638","3,574,257"
1995,First Unit of Quantity,7104905000,China,1995,no units collected,0,0,0,0,0,0,0,0,0,0,0,0
1995,First Unit of Quantity,7105100011,China,1995,carats,0,0,"14,567","328,974",0,0,0,0,"100,000",0,0,0
1995,First Unit of Quantity,7105100015,China,1995,carats,"2,052,799","4,693","460,000",0,"450,000","1,052,232","1,332,000","1,310,000","618,410","1,205,000","1,042,262","1,210,000"
1995,First Unit of Quantity,7105100030,China,1995,carats,"115,062","124,000","114,290",0,"67,916",0,"13,190",0,"34,242","100,000",0,"440,096"
1995,First Unit of Quantity,7105100050,China,1995,carats,"107,706","222,236","527,924","175,786","270,990","725,815","699,308","775,348","782,164","855,388","419,531","667,973"
1995,First Unit of Quantity,7105900000,China,1995,kilograms,0,0,0,132,0,4,0,0,0,0,0,0
1995,First Unit of Quantity,7108135000,China,1995,grams,0,0,0,0,0,0,0,453,0,0,0,0
1995,First Unit of Quantity,7110110020,China,1995,component grams,"350,000",0,0,0,0,0,0,"688,000",0,0,0,0
1995,First Unit of Quantity,7110110050,China,1995,component grams,"1,500",0,0,0,0,0,0,1,0,0,0,0
1995,First Unit of Quantity,7110210000,China,1995,component grams,"369,725","136,343","306,500","444,945","354,814","255,500","40,000","62,150","90,000","60,000","2,000","95,000"
1995,First Unit of Quantity,7110290000,China,1995,component grams,"65,000",0,"6,000","24,250",0,0,0,0,"22,800","120,286","56,377","36,304"
1995,First Unit of Quantity,7110310000,China,1995,component grams,0,0,0,0,0,0,0,0,0,0,"10,945",0
1995,First Unit of Quantity,7110410030,China,1995,component grams,0,"20,000",0,0,0,0,0,0,0,0,0,0
1995,First Unit of Quantity,7112100000,China,1995,grams,"22,585",0,510,"29,827","1,295","1,932","11,815","7,237","3,161","12,629","8,924","2,552"
1995,First Unit of Quantity,7112900000,China,1995,grams,"2,153",0,0,"8,974","12,616","6,396","1,697","4,444","672,781",0,"4,186","3,558"
1995,First Unit of Quantity,7113111000,China,1995,no units collected,0,0,0,0,0,0,0,0,0,0,0,0
1995,First Unit of Quantity,7113112000,China,1995,no units collected,0,0,0,0,0,0,0,0,0,0,0,0
1995,First Unit of Quantity,7113115000,China,1995,no units collected,0,0,0,0,0,0,0,0,0,0,0,0
1995,First Unit of Quantity,7113191000,China,1995,no units collected,0,0,0,0,0,0,0,0,0,0,0,0
1995,First Unit of Quantity,7113192900,China,1995,no units collected,0,0,0,0,0,0,0,0,0,0,0,0
1995,First Unit of Quantity,7113193000,China,1995,no units collected,0,0,0,0,0,0,0,0,0,0,0,0
1995,First Unit of Quantity,7113195000,China,1995,no units collected,0,0,0,0,0,0,0,0,0,0,0,0
1995,First Unit of Quantity,7113202900,China,1995,no units collected,0,0,0,0,0,0,0,0,0,0,0,0
1995,First Unit of Quantity,7113203000,China,1995,no units collected,0,0,0,0,0,0,0,0,0,0,0,0
1995,First Unit of Quantity,7113205000,China,1995,no units collected,0,0,0,0,0,0,0,0,0,0,0,0
1995,First Unit of Quantity,7114114000,China,1995,number,"1,886",0,0,0,0,0,0,0,"1,152",0,0,0
1995,First Unit of Quantity,7114114500,China,1995,pieces,0,0,0,0,0,"16,128",0,"9,312",480,0,0,0
1995,First Unit of Quantity,7114115000,China,1995,no units collected,0,0,0,0,0,0,0,0,0,0,0,0
1995,First Unit of Quantity,7114116000,China,1995,no units collected,0,0,0,0,0,0,0,0,0,0,0,0
1995,First Unit of Quantity,7114117000,China,1995,no units collected,0,0,0,0,0,0,0,0,0,0,0,0
1995,First Unit of Quantity,7114190000,China,1995,no units collected,0,0,0,0,0,0,0,0,0,0,0,0
1995,First Unit of Quantity,7114200040,China,1995,no units collected,0,0,0,0,0,0,0,0,0,0,0,0
1995,First Unit of Quantity,7114200060,China,1995,no units collected,0,0,0,0,0,0,0,0,0,0,0,0
1995,First Unit of Quantity,7115901000,China,1995,no units collected,0,0,0,0,0,0,0,0,0,0,0,0
1995,First Unit of Quantity,7115902000,China,1995,no units collected,0,0,0,0,0,0,0,0,0,0,0,0
1995,First Unit of Quantity,7115905000,China,1995,no units collected,0,0,0,0,0,0,0,0,0,0,0,0
1995,First Unit of Quantity,7116101000,China,1995,no units collected,0,0,0,0,0,0,0,0,0,0,0,0
1995,First Unit of Quantity,7116101500,China,1995,no units collected,0,0,0,0,0,0,0,0,0,0,0,0
1995,First Unit of Quantity,7116102000,China,1995,no units collected,0,0,0,0,0,0,0,0,0,0,0,0
1995,First Unit of Quantity,7116200500,China,1995,no units collected,0,0,0,0,0,0,0,0,0,0,0,0
1995,First Unit of Quantity,7116201500,China,1995,no units collected,0,0,0,0,0,0,0,0,0,0,0,0
1995,First Unit of Quantity,7116203000,China,1995,no units collected,0,0,0,0,0,0,0,0,0,0,0,0
1995,First Unit of Quantity,7116203500,China,1995,no units collected,0,0,0,0,0,0,0,0,0,0,0,0
1995,First Unit of Quantity,7116204000,China,1995,no units collected,0,0,0,0,0,0,0,0,0,0,0,0
1995,First Unit of Quantity,7116205000,China,1995,no units collected,0,0,0,0,0,0,0,0,0,0,0,0
1995,First Unit of Quantity,7117110000,China,1995,no units collected,0,0,0,0,0,0,0,0,0,0,0,0
1995,First Unit of Quantity,7117190500,China,1995,no units collected,0,0,0,0,0,0,0,0,0,0,0,0
1995,First Unit of Quantity,7117191500,China,1995,no units collected,0,0,0,0,0,0,0,0,0,0,0,0
1995,First Unit of Quantity,7117192000,China,1995,no units collected,0,0,0,0,0,0,0,0,0,0,0,0
1995,First Unit of Quantity,7117193000,China,1995,no units collected,0,0,0,0,0,0,0,0,0,0,0,0
1995,First Unit of Quantity,7117196000,China,1995,no units collected,0,0,0,0,0,0,0,0,0,0,0,0
1995,First Unit of Quantity,7117199000,China,1995,no units collected,0,0,0,0,0,0,0,0,0,0,0,0
1995,First Unit of Quantity,7117901000,China,1995,dozens,"538,882","329,760","90,810",0,"133,800","406,740","298,704","505,059","568,776","931,732","1,036,692","216,816"
1995,First Unit of Quantity,7117902000,China,1995,no units collected,0,0,0,0,0,0,0,0,0,0,0,0
1995,First Unit of Quantity,7117903000,China,1995,no units collected,0,0,0,0,0,0,0,0,0,0,0,0
1995,First Unit of Quantity,7117904500,China,1995,no units collected,0,0,0,0,0,0,0,0,0,0,0,0
1995,First Unit of Quantity,7117905500,China,1995,no units collected,0,0,0,0,0,0,0,0,0,0,0,0
1995,First Unit of Quantity,7117906000,China,1995,no units collected,0,0,0,0,0,0,0,0,0,0,0,0
1995,First Unit of Quantity,7117907500,China,1995,no units collected,0,0,0,0,0,0,0,0,0,0,0,0
1995,First Unit of Quantity,7117909000,China,1995,no units collected,0,0,0,0,0,0,0,0,0,0,0,0
1995,First Unit of Quantity,7118100000,China,1995,no units collected,0,0,0,0,0,0,0,0,0,0,0,0
1995,First Unit of Quantity,7118900019,China,1995,grams,"55,974","71,625","60,202","65,780","68,126","120,891","59,842","51,101","40,282","57,672","111,310","71,414"
1995,First Unit of Quantity,7118900020,China,1995,grams,0,0,0,0,0,0,0,0,0,0,0,"62,437"
1995,First Unit of Quantity,7118900055,China,1995,no units collected,0,0,0,0,0,0,0,0,0,0,0,0
1995,First Unit of Quantity,7201100000,China,1995,metric tons,0,0,"16,373",0,0,0,0,0,0,0,0,0
1995,First Unit of Quantity,7201200000,China,1995,metric tons,"18,400",0,0,0,0,0,0,0,0,"22,594",0,0
1995,First Unit of Quantity,7202410000,China,1995,kilograms,0,0,0,"306,000","1,377,000","1,371,614","1,450,650","1,884,000","3,971,800",0,"2,018,000",0
1995,First Unit of Quantity,7202491000,China,1995,kilograms,0,0,0,"226,778",0,0,0,0,0,0,0,0
1995,First Unit of Quantity,7202495000,China,1995,kilograms,0,"1,001,000",0,0,"500,000",0,"795,025",0,"1,740,000",0,"999,000","200,000"
1995,First Unit of Quantity,7202500000,China,1995,kilograms,0,"1,000,000",0,"19,550","1,299,050",0,"1,000,000","1,000,000",0,"996,680","1,000,000","2,000,000"
1995,First Unit of Quantity,7202700000,China,1995,kilograms,"51,425","105,077","63,554","36,000","88,200","82,510","18,000","34,000","34,000","72,000","228,517","184,975"
1995,First Unit of Quantity,7202800000,China,1995,kilograms,"28,000","86,400",0,"57,569","38,000","20,000","36,200",0,0,"53,200","58,428","94,000"
1995,First Unit of Quantity,7202920000,China,1995,kilograms,0,0,"30,450","130,185","173,104","4,000","70,056",0,0,0,0,0
1995,First Unit of Quantity,7202995020,China,1995,kilograms,0,"1,320,000","1,180,900",0,"1,329,540",0,"120,000","2,550,000",0,"240,540",0,"240,000"
1995,First Unit of Quantity,7202995040,China,1995,kilograms,"37,000","17,000","17,031","17,000","34,000","17,000","34,988","51,783","32,000","16,000","37,000","20,994"
1995,First Unit of Quantity,7203100000,China,1995,metric tons,0,0,0,0,0,0,710,0,0,791,0,0
1995,First Unit of Quantity,7203900000,China,1995,metric tons,0,0,0,0,0,1,18,0,0,0,0,0
1995,First Unit of Quantity,7204210000,China,1995,metric tons,17,0,1,1,0,0,0,0,0,0,0,0
1995,First Unit of Quantity,7204290000,China,1995,metric tons,0,0,0,23,0,0,0,0,0,0,0,0
1995,First Unit of Quantity,7204490070,China,1995,metric tons,0,0,0,0,0,"1,653",0,0,0,"1,417","4,354",0
1995,First Unit of Quantity,7205210000,China,1995,kilograms,0,0,0,0,0,0,0,0,"1,125",0,0,0
1995,First Unit of Quantity,7205290000,China,1995,metric tons,192,57,382,293,160,300,442,280,537,510,387,458
1995,First Unit of Quantity,7207110000,China,1995,kilograms,0,0,"10,271,620",0,0,0,0,0,0,0,0,0
1995,First Unit of Quantity,7207120050,China,1995,kilograms,0,0,"24,060,920",0,0,0,0,0,"1,400",0,0,0
1995,First Unit of Quantity,7207200090,China,1995,kilograms,0,0,0,0,0,0,0,0,0,0,0,370
1995,First Unit of Quantity,7208225000,China,1995,kilograms,"1,165,740",0,0,"400,780","436,220",0,0,0,0,0,0,"1,439,815"
1995,First Unit of Quantity,7208235030,China,1995,kilograms,"733,340",0,0,"115,020","859,720",0,0,0,0,0,0,0
1995,First Unit of Quantity,7208235090,China,1995,kilograms,0,0,0,"732,240",0,0,0,0,0,0,0,0
1995,First Unit of Quantity,7208245030,China,1995,kilograms,"832,700",0,0,"349,900","1,041,860",0,0,0,0,0,0,0
1995,First Unit of Quantity,7208245090,China,1995,kilograms,0,0,0,"839,060",0,0,0,0,0,0,0,0
1995,First Unit of Quantity,7208320000,China,1995,kilograms,0,0,0,0,0,0,0,"2,735,432",0,0,0,0
1995,First Unit of Quantity,7208335000,China,1995,kilograms,0,0,0,0,0,0,0,"205,624",0,0,0,0
1995,First Unit of Quantity,7208410000,China,1995,kilograms,"9,912,620",0,0,0,0,0,0,0,0,0,"2,499",0
1995,First Unit of Quantity,7208420000,China,1995,kilograms,"2,289,644","20,681,242","24,521,240","3,125,448","2,227,031","23,162,005","7,778,704","15,885,328","7,666,800","8,754,547","1,374,129","11,013,927"
1995,First Unit of Quantity,7208430000,China,1995,kilograms,"147,818","4,475,416","2,195,099",0,"217,302","4,170,600","396,741","193,750","274,258","2,349,527","278,586","5,237,249"
1995,First Unit of Quantity,7209210000,China,1995,kilograms,"430,660",0,"494,300","388,440","317,940","352,280",0,"492,980","543,620",0,"409,700",0
1995,First Unit of Quantity,7209220000,China,1995,kilograms,"5,532,121",0,"3,925,785","1,756,430","726,590","6,998,277","2,231,830","8,184,680","2,243,530",0,"2,439,220",0
1995,First Unit of Quantity,7209230000,China,1995,kilograms,"1,346,156","49,650","2,244,350","801,370",0,"1,635,390",0,"2,628,710","290,580",0,"1,038,740",0
1995,First Unit of Quantity,7209245000,China,1995,kilograms,0,0,"2,575,920",0,0,0,0,0,0,0,0,0
1995,First Unit of Quantity,7209320000,China,1995,kilograms,"47,890",0,0,0,0,0,0,0,0,0,0,0
1995,First Unit of Quantity,7209410000,China,1995,kilograms,"146,390",0,0,0,0,0,0,0,0,0,0,0
1995,First Unit of Quantity,7209420000,China,1995,kilograms,"603,160",0,0,0,"128,470",0,0,0,0,0,"519,420",0
1995,First Unit of Quantity,7209430000,China,1995,kilograms,0,0,0,0,"69,840",0,0,0,0,0,"74,330",0
1995,First Unit of Quantity,7210390000,China,1995,kilograms,"6,367,129",0,"1,313,630","6,439,570","4,771,250","524,050",0,"3,449,480",0,0,"2,874,230",0
1995,First Unit of Quantity,7210490030,China,1995,kilograms,"2,882,620",0,0,0,0,0,0,0,0,0,0,0
1995,First Unit of Quantity,7210490090,China,1995,kilograms,"4,820,438","3,150,280","1,644,248","1,943,000","1,493,940","723,220",0,"2,031,830",0,0,"1,582,660",0
1995,First Unit of Quantity,7210703000,China,1995,kilograms,0,0,0,0,0,0,0,"8,000",0,0,0,0
1995,First Unit of Quantity,7211303000,China,1995,kilograms,0,"3,732",0,0,0,0,0,0,0,0,0,0
1995,First Unit of Quantity,7212401000,China,1995,kilograms,0,"84,000","5,206",0,"5,206","352,403",0,"252,345","325,623","5,480","349,318","2,202,000"
1995,First Unit of Quantity,7212405000,China,1995,kilograms,"5,480",0,0,0,0,0,0,0,0,0,0,0
1995,First Unit of Quantity,7212500000,China,1995,kilograms,0,0,0,"2,915",0,0,0,0,0,0,0,0
1995,First Unit of Quantity,7213100000,China,1995,kilograms,0,"1,300",0,0,0,0,0,0,0,0,0,0
1995,First Unit of Quantity,7213313000,China,1995,kilograms,0,0,0,0,"500,205",0,0,"189,266",0,0,0,0
1995,First Unit of Quantity,7214100000,China,1995,kilograms,0,0,"51,940",0,0,0,0,0,0,0,0,0
1995,First Unit of Quantity,7214400010,China,1995,kilograms,0,0,0,0,0,0,0,"40,000","495,630",0,0,0
1995,First Unit of Quantity,7214400030,China,1995,kilograms,0,0,0,0,0,0,0,0,"2,500",0,0,0
1995,First Unit of Quantity,7214400050,China,1995,kilograms,0,0,0,0,"17,930",0,0,0,0,0,0,0
1995,First Unit of Quantity,7215200000,China,1995,kilograms,0,299,0,0,387,"13,667",492,35,0,418,0,0
1995,First Unit of Quantity,7215901000,China,1995,kilograms,"88,636","72,653","94,997","84,796","52,891","95,661","86,836","32,496","95,663","81,888","112,530","23,455"
1995,First Unit of Quantity,7215903000,China,1995,kilograms,"68,947","52,617","86,185","88,906","34,473","99,975","137,899","68,948",0,"17,237",0,"86,185"
1995,First Unit of Quantity,7215905000,China,1995,kilograms,0,710,616,0,"3,889",0,629,0,445,0,"19,543","6,668"
1995,First Unit of Quantity,7216320000,China,1995,kilograms,0,0,0,0,0,0,0,0,0,0,0,"10,375"
1995,First Unit of Quantity,7216900000,China,1995,kilograms,0,0,0,0,0,"17,367","16,134",0,0,0,0,0
1995,First Unit of Quantity,7217115020,China,1995,kilograms,"150,232","16,642",0,0,"5,000",0,0,0,"14,000",0,0,0
1995,First Unit of Quantity,7217115040,China,1995,kilograms,0,0,0,0,"5,000",0,0,0,0,0,0,0
1995,First Unit of Quantity,7217115080,China,1995,kilograms,"18,942",0,0,0,"16,911","5,443",0,0,"8,640",0,0,0
1995,First Unit of Quantity,7217117030,China,1995,kilograms,"34,365",0,"17,400","281,972","47,526","17,527",0,"50,529",0,"17,240","32,120",0
1995,First Unit of Quantity,7217117090,China,1995,kilograms,0,0,0,0,0,"68,809","49,166","33,975","33,258",0,0,"16,000"
1995,First Unit of Quantity,7217119000,China,1995,kilograms,0,0,0,0,"1,028",0,"1,388",40,457,570,0,0
1995,First Unit of Quantity,7217123030,China,1995,kilograms,"872,954","631,411","336,210","740,604","141,140","359,251","742,769","648,201","308,835","540,099","489,154","359,905"
1995,First Unit of Quantity,7217123060,China,1995,kilograms,"240,000","602,278","866,748","787,140","693,461","671,315","771,997","847,894","949,513","445,601","717,920","204,405"
1995,First Unit of Quantity,7217125000,China,1995,kilograms,"37,412","35,740","5,443","25,310","54,912","19,800","17,527","17,527",0,"14,678","14,678","14,678"
1995,First Unit of Quantity,7217127000,China,1995,kilograms,0,0,0,0,0,0,0,0,"24,633",0,0,0
1995,First Unit of Quantity,7217133030,China,1995,kilograms,0,0,"32,332",0,0,0,0,"32,332","32,332",0,0,"117,518"
1995,First Unit of Quantity,7217135000,China,1995,kilograms,0,0,0,0,0,0,0,"34,474",0,0,0,0
1995,First Unit of Quantity,7217191000,China,1995,kilograms,0,0,0,334,0,0,0,0,0,0,"11,276",0
1995,First Unit of Quantity,7217195000,China,1995,kilograms,788,176,0,"1,244","3,364",0,769,"2,649","3,327",395,0,0
1995,First Unit of Quantity,7217213015,China,1995,kilograms,0,0,0,0,0,0,0,0,0,"13,000",0,0
1995,First Unit of Quantity,7217213030,China,1995,kilograms,0,0,0,"35,500","15,550",0,0,0,0,0,0,0
1995,First Unit of Quantity,7217213090,China,1995,kilograms,0,0,0,0,0,0,0,0,"17,997",0,0,0
1995,First Unit of Quantity,7217221030,China,1995,kilograms,0,0,0,0,"320,000","170,000",0,0,0,0,0,0
1995,First Unit of Quantity,7217295000,China,1995,kilograms,0,0,0,519,0,0,0,324,"17,200",0,0,0
1995,First Unit of Quantity,7217315000,China,1995,kilograms,"3,960",0,0,0,0,0,0,0,0,0,0,0
1995,First Unit of Quantity,7217321015,China,1995,kilograms,205,0,0,443,"35,252","29,224","20,673","16,000","18,936","16,000","15,621","5,273"
1995,First Unit of Quantity,7217321050,China,1995,kilograms,0,"5,075",0,0,0,0,0,0,0,0,0,0
1995,First Unit of Quantity,7217325000,China,1995,kilograms,345,0,0,256,0,91,0,0,0,0,186,0
1995,First Unit of Quantity,7217335000,China,1995,kilograms,0,0,0,0,0,0,0,0,"34,474",0,0,0
1995,First Unit of Quantity,7217391000,China,1995,kilograms,0,0,0,0,0,0,0,0,0,0,783,0
1995,First Unit of Quantity,7217395000,China,1995,kilograms,0,0,0,0,0,0,0,0,0,0,0,507
1995,First Unit of Quantity,7218900032,China,1995,kilograms,0,0,0,0,0,0,"15,200",0,0,0,0,0
1995,First Unit of Quantity,7219340015,China,1995,kilograms,0,0,0,0,0,0,0,"5,483",0,0,0,0
1995,First Unit of Quantity,7219900090,China,1995,kilograms,0,0,0,0,"19,229",0,"18,816","18,816",0,"13,271",0,0
1995,First Unit of Quantity,7221000015,China,1995,kilograms,0,"125,717",0,0,0,0,0,0,0,0,0,0
1995,First Unit of Quantity,7222200045,China,1995,kilograms,0,0,0,0,0,0,0,0,0,0,"2,914",0
1995,First Unit of Quantity,7222200075,China,1995,kilograms,0,0,0,0,0,0,0,0,0,"16,147",0,0
1995,First Unit of Quantity,7222406000,China,1995,kilograms,0,0,"7,122",0,0,0,0,0,0,0,0,0
1995,First Unit of Quantity,7223001015,China,1995,kilograms,0,0,"5,324",0,"1,821","8,955","1,389",0,0,0,0,0
1995,First Unit of Quantity,7223001030,China,1995,kilograms,0,0,0,0,0,448,455,"16,824","20,378","12,020",0,"11,285"
1995,First Unit of Quantity,7223001045,China,1995,kilograms,0,"7,491",0,0,0,619,0,"32,332","33,220","69,321","32,332","100,533"
1995,First Unit of Quantity,7223001060,China,1995,kilograms,0,0,0,0,0,0,0,0,0,"4,515","50,221","58,031"
1995,First Unit of Quantity,7223009000,China,1995,kilograms,"7,540",456,0,0,"7,989",324,"9,353","5,944","8,425","7,455","4,835",0
1995,First Unit of Quantity,7224900015,China,1995,kilograms,"19,520",0,0,0,"26,300",0,0,0,0,"40,150",0,0
1995,First Unit of Quantity,7225403050,China,1995,kilograms,0,0,0,0,0,0,0,0,0,0,0,"2,854,261"
1995,First Unit of Quantity,7225508090,China,1995,kilograms,0,0,0,0,0,"27,870",0,0,0,0,0,0
1995,First Unit of Quantity,7225900090,China,1995,kilograms,0,0,0,0,0,"186,150",0,0,0,0,0,0
1995,First Unit of Quantity,7228100010,China,1995,kilograms,0,0,0,0,0,"67,209","48,710","33,548","56,330","16,950",0,0
1995,First Unit of Quantity,7228100030,China,1995,kilograms,"9,900","10,850","1,924","2,175","6,560",0,"10,091","14,103",0,"3,044",0,496
1995,First Unit of Quantity,7228100060,China,1995,kilograms,"19,239",0,0,0,0,0,0,0,0,"46,748",0,0
1995,First Unit of Quantity,7228302000,China,1995,kilograms,0,0,0,0,"98,070","56,780","12,920",0,0,0,0,0
1995,First Unit of Quantity,7228306000,China,1995,kilograms,"537,362","617,328","968,914","763,480","1,046,937","562,805","823,995","549,568","314,193","91,060","128,568","337,827"
1995,First Unit of Quantity,7228308050,China,1995,kilograms,"57,049","68,580","65,257","49,560","28,517","63,480","94,064","26,803",0,0,0,0
1995,First Unit of Quantity,7228400000,China,1995,kilograms,0,0,0,0,0,0,"145,290",0,0,0,0,"16,858"
1995,First Unit of Quantity,7228501020,China,1995,kilograms,0,0,"11,082","8,338","4,426",0,0,"4,992","3,361",0,"18,244","20,503"
1995,First Unit of Quantity,7228501040,China,1995,kilograms,0,0,0,0,0,0,"12,036",0,0,"7,052","7,652","54,340"
1995,First Unit of Quantity,7228501060,China,1995,kilograms,0,0,"19,513","118,560","94,278","146,864",0,"217,493","83,245","15,588","84,288","83,195"
1995,First Unit of Quantity,7228501080,China,1995,kilograms,0,0,"32,561",0,0,"10,830",0,"13,605",0,"95,800","40,388","60,081"
1995,First Unit of Quantity,7228703060,China,1995,kilograms,0,0,"15,750",0,0,0,0,0,0,0,0,0
1995,First Unit of Quantity,7228703080,China,1995,kilograms,0,0,0,617,0,0,0,0,0,0,0,0
1995,First Unit of Quantity,7229100000,China,1995,kilograms,0,0,0,0,0,0,0,0,0,399,0,0
1995,First Unit of Quantity,7229905015,China,1995,kilograms,0,"64,664",0,"48,497",0,0,0,"32,332",0,"62,838",0,0
1995,First Unit of Quantity,7229905030,China,1995,kilograms,0,0,0,0,0,"15,840",0,0,0,0,0,0
1995,First Unit of Quantity,7229909000,China,1995,kilograms,"4,281","5,351",0,"8,943",0,0,0,0,0,0,0,0
1995,First Unit of Quantity,7301201000,China,1995,kilograms,47,0,0,"8,068","7,136",0,"5,313",0,0,80,0,0
1995,First Unit of Quantity,7302300000,China,1995,kilograms,"14,760",0,0,0,0,"15,000","30,088",0,0,0,0,0
1995,First Unit of Quantity,7302900000,China,1995,kilograms,"16,410",0,0,664,"7,492",0,"6,460",0,"6,356","25,487",0,0
1995,First Unit of Quantity,7303000060,China,1995,kilograms,0,0,0,0,0,0,"9,687","5,076",0,0,0,0
1995,First Unit of Quantity,7303000090,China,1995,kilograms,"12,930","47,456","45,638","77,344","114,143","32,833","129,547","44,152","50,952","79,998","22,890","111,220"
1995,First Unit of Quantity,7304101030,China,1995,kilograms,0,"33,083",0,0,0,0,0,0,"5,335",0,"6,840","29,116"
1995,First Unit of Quantity,7304201010,China,1995,kilograms,0,0,"549,018",0,"1,298,553","326,749",0,0,"773,294","1,863,158","1,035,365",0
1995,First Unit of Quantity,7304202010,China,1995,kilograms,"5,775",0,"199,111",0,"614,011",0,0,0,"168,895",0,0,0
1995,First Unit of Quantity,7304203010,China,1995,kilograms,0,0,0,0,"274,250",0,0,0,"789,638",0,"99,891",0
1995,First Unit of Quantity,7304204010,China,1995,kilograms,0,0,0,0,"181,980",0,0,0,0,0,0,0
1995,First Unit of Quantity,7304204020,China,1995,kilograms,0,0,0,0,0,0,0,0,0,813,0,0
1995,First Unit of Quantity,7304205015,China,1995,kilograms,"992,823",0,"667,697",0,"1,482,305",0,0,0,0,"598,969","451,685",0
1995,First Unit of Quantity,7304206015,China,1995,kilograms,0,0,0,0,"318,424",0,0,0,0,"300,013",0,0
1995,First Unit of Quantity,7304316050,China,1995,kilograms,0,0,0,0,0,0,0,0,0,"179,530",0,0
1995,First Unit of Quantity,7304390002,China,1995,kilograms,0,0,0,0,0,0,0,0,"58,640",0,0,0
1995,First Unit of Quantity,7304390004,China,1995,kilograms,0,0,0,0,0,0,0,0,"594,870",0,0,0
1995,First Unit of Quantity,7304390020,China,1995,kilograms,0,0,0,0,0,0,0,0,0,0,"73,940",0
1995,First Unit of Quantity,7304390024,China,1995,kilograms,0,0,0,0,0,0,0,"350,161",0,0,0,0
1995,First Unit of Quantity,7304390028,China,1995,kilograms,0,0,0,0,0,0,0,"89,160",0,0,0,0
1995,First Unit of Quantity,7304413005,China,1995,kilograms,0,"5,365",0,0,0,"7,517",0,0,"9,142","7,013",0,0
1995,First Unit of Quantity,7304416045,China,1995,kilograms,0,0,0,0,0,0,0,0,0,0,0,"13,023"
1995,First Unit of Quantity,7304901000,China,1995,kilograms,0,"1,637",0,0,0,0,"9,316",0,"2,435",0,0,0
1995,First Unit of Quantity,7304903000,China,1995,kilograms,0,0,0,0,0,0,0,0,"3,996",0,0,0
1995,First Unit of Quantity,7306305020,China,1995,kilograms,0,0,0,0,0,0,0,0,700,0,0,0
1995,First Unit of Quantity,7306305025,China,1995,kilograms,0,0,0,"113,837","108,912","137,849","314,208",0,"659,595",0,0,0
1995,First Unit of Quantity,7306305032,China,1995,kilograms,"145,046","172,299","48,702","113,544","560,449","195,109","107,123","368,648","1,068,879",0,"727,004",0
1995,First Unit of Quantity,7306305040,China,1995,kilograms,0,0,0,"93,766","105,734","96,611","259,306",0,"778,398","161,294",0,0
1995,First Unit of Quantity,7306305055,China,1995,kilograms,"150,520","133,601","65,428","95,143","1,021,733","313,160","296,030","12,266","928,114","485,000","1,242,824",0
1995,First Unit of Quantity,7306305090,China,1995,kilograms,0,0,0,0,"267,498",0,"9,480","20,176","33,891","4,464,620","13,548","12,327"
1995,First Unit of Quantity,7306401090,China,1995,kilograms,0,0,0,0,0,0,0,"1,950",0,0,0,0
1995,First Unit of Quantity,7306405065,China,1995,kilograms,0,0,0,"10,733",0,0,0,0,"15,940","2,379",0,0
1995,First Unit of Quantity,7306901000,China,1995,kilograms,0,0,0,0,0,0,0,0,0,"6,200",0,0
1995,First Unit of Quantity,7307110030,China,1995,kilograms,"105,485","62,288","78,619","64,294","134,949",0,"111,382","165,906","28,220",0,"95,576","29,406"
1995,First Unit of Quantity,7307110045,China,1995,kilograms,"574,831","803,185","50,751","455,091","324,938","411,345","474,970","326,271","480,080","317,582","91,859","252,755"
1995,First Unit of Quantity,7307110060,China,1995,kilograms,"905,235","562,575","470,686","988,670","806,916","802,240","622,137","551,462","565,692","637,877","762,127","611,472"
1995,First Unit of Quantity,7307193040,China,1995,kilograms,0,"111,574","46,995","23,076","59,121",0,"107,882","100,321","66,847","78,506","95,319","28,624"
1995,First Unit of Quantity,7307193060,China,1995,kilograms,"36,976","5,480","34,929","20,050","17,916",0,"17,699","9,863",0,"14,380","1,821","17,402"
1995,First Unit of Quantity,7307193080,China,1995,kilograms,"1,021,485","668,332","290,859","1,088,874","1,052,290","878,801","755,556","1,029,004","865,072","1,132,334","960,314","623,439"
1995,First Unit of Quantity,7307199030,China,1995,kilograms,"32,899","18,957","36,691","19,224","12,878","4,867","12,731","15,622","4,929","3,644","28,461","17,585"
1995,First Unit of Quantity,7307199040,China,1995,kilograms,0,0,0,0,0,0,0,0,0,0,0,"11,349"
1995,First Unit of Quantity,7307199060,China,1995,kilograms,"123,739","236,657","260,557","239,236","113,281","105,759","105,293","140,790","253,546","142,965","321,369","312,357"
1995,First Unit of Quantity,7307199080,China,1995,kilograms,"180,778","85,904","175,109","98,514","204,506","179,238","177,751","44,735","143,765","258,849","282,280","172,880"
1995,First Unit of Quantity,7307215000,China,1995,kilograms,"41,763","40,015","20,842","45,221","16,815","36,451","16,331","42,317","84,392","30,951","14,583","27,171"
1995,First Unit of Quantity,7307221000,China,1995,kilograms,0,"3,015",989,"1,617","9,070","13,307","6,658","8,632","6,071","2,186",550,"3,434"
1995,First Unit of Quantity,7307225000,China,1995,kilograms,"2,106","5,410","3,950","1,930","11,004","13,554","5,768","7,481","1,804",886,552,"15,557"
1995,First Unit of Quantity,7307230000,China,1995,kilograms,0,"28,602",0,0,"5,338",0,"9,092","1,557","23,000","1,122",0,"16,260"
1995,First Unit of Quantity,7307290030,China,1995,kilograms,0,0,54,0,455,0,0,0,0,0,283,0
1995,First Unit of Quantity,7307290090,China,1995,kilograms,"1,539",212,"5,223","8,394","2,581","50,689","33,725","6,750","30,977","11,707","44,962","18,294"
1995,First Unit of Quantity,7307911000,China,1995,kilograms,"69,078","48,320","66,802","65,883","85,397","82,872","148,004","32,430","52,080","85,142","86,071","33,790"
1995,First Unit of Quantity,7307913000,China,1995,kilograms,0,0,0,0,0,0,0,"17,620","16,494",0,0,"1,923"
1995,First Unit of Quantity,7307915010,China,1995,kilograms,"70,111","112,439","124,965","105,380","81,873","167,534","130,136","126,111","136,539","55,718","193,791","123,107"
1995,First Unit of Quantity,7307915030,China,1995,kilograms,"1,766","53,856",0,0,0,0,"16,650","32,605","6,030",0,"1,830",258
1995,First Unit of Quantity,7307915050,China,1995,kilograms,"5,689","28,348","36,033","53,632","59,421","138,967","68,316","97,551","98,863","33,647","84,508","39,588"
1995,First Unit of Quantity,7307915070,China,1995,kilograms,0,"48,132","4,141",0,0,0,0,0,"23,592",0,0,"18,910"
1995,First Unit of Quantity,7307923010,China,1995,kilograms,"19,936","3,698",910,"5,000","3,497","18,048",0,0,"13,741","14,545","8,502","13,020"
1995,First Unit of Quantity,7307923030,China,1995,kilograms,0,0,"3,894",0,"1,795","3,939","5,935",0,"3,872",0,"2,673",0
1995,First Unit of Quantity,7307929000,China,1995,kilograms,"48,523","31,236","11,610","8,000","21,771","27,336",0,0,"9,154","21,097","30,456","23,529"
1995,First Unit of Quantity,7307933000,China,1995,kilograms,0,"16,890",0,0,0,0,0,0,0,0,0,0
1995,First Unit of Quantity,7307939030,China,1995,kilograms,0,0,"31,120",0,0,0,"17,300",0,0,0,0,"20,010"
1995,First Unit of Quantity,7307991000,China,1995,kilograms,0,0,0,"112,707",0,"17,400",0,0,0,0,0,"17,450"
1995,First Unit of Quantity,7307995015,China,1995,kilograms,0,0,"120,370",0,0,"33,357",0,0,0,"6,251","19,668",0
1995,First Unit of Quantity,7307995045,China,1995,kilograms,"86,722","3,045","82,844","7,469","60,184","49,658","9,041","45,586","57,528","18,623","39,034","79,636"
1995,First Unit of Quantity,7307995060,China,1995,kilograms,"29,851","129,466","16,022","50,030","66,415","55,831","4,731","21,234","15,800","34,436","87,805","5,699"
1995,First Unit of Quantity,7308100000,China,1995,kilograms,418,0,0,0,0,0,0,0,0,0,0,0
1995,First Unit of Quantity,7308200000,China,1995,kilograms,0,0,0,0,0,0,0,0,"2,600",0,0,0
1995,First Unit of Quantity,7308301000,China,1995,kilograms,0,"1,063",0,0,0,400,0,0,"1,620",0,"17,360",0
1995,First Unit of Quantity,7308305050,China,1995,kilograms,"34,630",0,"12,938","7,479","14,429","1,236","24,505","18,045","33,849",0,0,"34,180"
1995,First Unit of Quantity,7308400000,China,1995,kilograms,"49,140","83,280","33,000","79,348","135,398","51,520","87,746","112,291","131,298","83,485","172,833","171,399"
1995,First Unit of Quantity,7308903000,China,1995,kilograms,0,0,0,"14,068",0,0,0,0,0,0,0,0
1995,First Unit of Quantity,7308906000,China,1995,kilograms,0,"28,037","14,526","10,000","62,280","14,945",0,0,0,0,0,0
1995,First Unit of Quantity,7308909560,China,1995,kilograms,0,0,0,0,"52,690",0,0,0,"18,909",0,"18,820",0
1995,First Unit of Quantity,7308909590,China,1995,kilograms,"1,502",0,"6,814","5,616","29,342",0,"38,392","14,502","30,387","38,872","9,414","23,678"
1995,First Unit of Quantity,7309000090,China,1995,number,304,0,0,0,312,0,329,0,121,0,"2,339",8
1995,First Unit of Quantity,7310100010,China,1995,number,0,0,80,100,0,0,133,0,0,0,0,512
1995,First Unit of Quantity,7310100050,China,1995,no units collected,0,0,0,0,0,0,0,0,0,0,0,0
1995,First Unit of Quantity,7310210050,China,1995,number,0,0,0,0,0,0,0,"1,471","50,000","36,000",0,0
1995,First Unit of Quantity,7310290050,China,1995,number,"1,155,101","741,842","118,904","431,230","1,098,109","1,355,969","1,435,331","1,211,976","1,523,327","1,106,840","1,460,895","1,256,598"
1995,First Unit of Quantity,7311000060,China,1995,number,0,0,0,0,6,0,"1,221",0,0,0,0,0
1995,First Unit of Quantity,7311000090,China,1995,number,"10,576","6,580",465,"14,739","8,060","5,137","4,551","9,534","9,685","9,703","5,212","6,649"
1995,First Unit of Quantity,7312100500,China,1995,kilograms,"1,257",0,0,0,207,"1,522",0,235,0,"1,190",0,0
1995,First Unit of Quantity,7312101070,China,1995,kilograms,0,0,0,0,0,0,0,0,0,36,0,0
1995,First Unit of Quantity,7312102000,China,1995,kilograms,0,"17,958",0,0,0,0,"1,141","13,412","2,133",0,0,"1,166"
1995,First Unit of Quantity,7312103065,China,1995,kilograms,0,0,0,"34,830",0,0,0,"32,900",0,0,0,0
1995,First Unit of Quantity,7312103070,China,1995,kilograms,0,0,0,0,0,0,0,0,0,0,0,"1,157"
1995,First Unit of Quantity,7312103074,China,1995,kilograms,240,0,"2,145","14,620","2,310","1,757",162,0,0,0,"38,334","1,800"
1995,First Unit of Quantity,7312103080,China,1995,kilograms,"7,360","30,888","17,030",0,"33,585",0,"46,923","4,200","97,811","16,720",0,"18,746"
1995,First Unit of Quantity,7312106000,China,1995,kilograms,"32,300",0,"3,062",0,0,0,0,0,"1,840","14,578",0,"16,701"
1995,First Unit of Quantity,7312107000,China,1995,kilograms,0,"10,794",0,0,0,"8,046",0,0,"10,636",0,876,0
1995,First Unit of Quantity,7312109030,China,1995,kilograms,"187,523","272,471","259,244","416,996","413,205","371,345","707,905","438,389","442,436","518,573","324,712","672,032"
1995,First Unit of Quantity,7312109060,China,1995,kilograms,"82,654","110,718","210,998","110,247","165,886","119,568","261,286","184,122","225,044","200,057","255,902","202,875"
1995,First Unit of Quantity,7312109090,China,1995,kilograms,"168,829","177,636","136,966","263,830","283,074","333,648","178,790","253,299","160,167","205,589","297,953","271,741"
1995,First Unit of Quantity,7312900000,China,1995,kilograms,"2,500",0,"2,009",0,0,0,0,"10,729","3,909",0,0,0
1995,First Unit of Quantity,7313000000,China,1995,kilograms,"138,265","4,950",0,0,0,0,0,0,0,0,0,"7,741"
1995,First Unit of Quantity,7314111000,China,1995,square meters,836,"8,667","1,468","7,339","54,788","57,084","58,359","113,081","38,408","76,564","17,700","54,032"
1995,First Unit of Quantity,7314112000,China,1995,square meters,279,0,0,"3,044","5,436","12,608","7,740","22,119","10,584","11,845","4,146","23,806"
1995,First Unit of Quantity,7314119000,China,1995,square meters,"5,308","2,703","9,188","3,682","7,827","8,699","21,134","17,694","26,090","23,294","6,054","36,139"
1995,First Unit of Quantity,7314190000,China,1995,square meters,"93,742","106,406","258,679","346,020","481,570","439,727","221,192","43,097","72,462","76,044","114,647","79,153"
1995,First Unit of Quantity,7314200000,China,1995,kilograms,0,"16,000","27,289","11,808","68,561","43,686","93,441",0,"27,020",0,"30,000","10,375"
1995,First Unit of Quantity,7314301000,China,1995,kilograms,"140,243","85,231","77,281","96,071","344,087","71,950","203,242","168,550","172,213","163,638","150,434","105,638"
1995,First Unit of Quantity,7314305000,China,1995,kilograms,"182,900","652,445","714,721","394,560","353,530","409,239","284,168","130,696","197,839","172,319","263,646","680,503"
1995,First Unit of Quantity,7314410030,China,1995,kilograms,0,0,"1,275",0,"3,132",0,0,0,"14,875",0,0,0
1995,First Unit of Quantity,7314410060,China,1995,kilograms,"13,417","47,130","193,050","91,878","121,996","90,618","81,171","19,446","40,768","70,850","54,148","27,228"
1995,First Unit of Quantity,7314420060,China,1995,kilograms,"24,624","16,955","5,216",0,0,0,0,288,0,300,0,288
1995,First Unit of Quantity,7314493000,China,1995,kilograms,0,0,"6,000",0,980,421,"7,469","4,554","13,545","11,700","1,283",485
1995,First Unit of Quantity,7314496000,China,1995,kilograms,"53,045","10,020","6,500","3,680","2,760",0,"1,344","3,059","6,690","3,680",0,"4,384"
1995,First Unit of Quantity,7314500000,China,1995,square meters,"4,311","2,823",0,"3,464",404,"4,110",0,"4,892",0,0,0,0
1995,First Unit of Quantity,7315110010,China,1995,kilograms,"394,591","276,440","483,311","419,127","208,722","317,930","305,939","252,340","246,726","273,345","274,035","385,883"
1995,First Unit of Quantity,7315110020,China,1995,kilograms,"115,008","92,651","87,543","123,345","299,789","85,007","158,066","181,190","61,538","87,146","112,893","88,498"
1995,First Unit of Quantity,7315110050,China,1995,kilograms,"261,170","42,177","168,319","153,446","236,949","94,655","187,630","180,188","64,664","140,049","94,531","149,765"
1995,First Unit of Quantity,7315120020,China,1995,kilograms,0,"16,300",0,0,"16,718","33,951","11,046","16,611","15,330",0,"24,758","4,284"
1995,First Unit of Quantity,7315120040,China,1995,kilograms,"11,820","84,124","244,164","17,498","35,183","65,591","47,426","85,380","31,273","77,904","98,380","91,967"
1995,First Unit of Quantity,7315120060,China,1995,kilograms,"9,640",0,0,0,0,"5,532","17,490","15,200",0,"50,880","16,224","46,870"
1995,First Unit of Quantity,7315120080,China,1995,kilograms,"82,422","56,810","130,370","89,781","77,456","70,040","90,221","70,631","52,333","65,950","40,458","92,871"
1995,First Unit of Quantity,7315190000,China,1995,kilograms,"160,487","10,054","141,676",509,"98,400","8,073",0,"18,044",0,"46,366","33,076","7,656"
1995,First Unit of Quantity,7315201000,China,1995,kilograms,"633,707","377,825","198,777","577,995","570,066","647,233","453,428","943,549","814,537","649,615","830,162","702,372"
1995,First Unit of Quantity,7315205000,China,1995,kilograms,"218,936","123,782","81,951","17,822","54,303","56,392","48,317","80,790","107,813","101,578","220,274","39,615"
1995,First Unit of Quantity,7315810000,China,1995,kilograms,"35,200","239,884","73,792","96,957","349,464","77,434","273,545","294,060","49,697","274,619","54,763","68,793"
1995,First Unit of Quantity,7315821000,China,1995,kilograms,"30,886","45,014","30,460",0,"49,289","40,282","26,041","125,135","6,775","133,362","24,357","17,381"
1995,First Unit of Quantity,7315823000,China,1995,kilograms,0,"30,130","4,025","913,611","298,114","10,976","3,586","20,984","2,584","87,310","7,650","4,595"
1995,First Unit of Quantity,7315825000,China,1995,kilograms,"110,701","274,795","199,764","154,507","167,975","182,059","165,457","117,704","195,469","164,428","194,002","183,641"
1995,First Unit of Quantity,7315827000,China,1995,kilograms,"129,629","39,879","205,863","600,292","258,602","335,603","121,423","111,066","298,189","56,851","113,240","71,380"
1995,First Unit of Quantity,7315891000,China,1995,kilograms,"34,298","140,287","100,822","73,542","127,384","38,552","33,040","60,109","56,131","69,186","248,374","130,809"
1995,First Unit of Quantity,7315893000,China,1995,kilograms,"99,255","146,567","98,485","84,264","145,444","139,645","98,559","140,596","32,635","37,372","158,223","111,211"
1995,First Unit of Quantity,7315895000,China,1995,kilograms,"50,894","23,420","26,784","42,628","43,313","13,201","49,518","13,275",287,"92,225","1,247","29,689"
1995,First Unit of Quantity,7315900000,China,1995,kilograms,"20,915","59,917","26,340","61,536","64,208","81,374","236,413","67,396","23,473","78,253","151,243","87,190"
1995,First Unit of Quantity,7316000000,China,1995,no units collected,0,0,0,0,0,0,0,0,0,0,0,0
1995,First Unit of Quantity,7317001000,China,1995,kilograms,"3,710","11,709","1,116","8,924","33,539","18,933","21,477","29,273","15,328","12,916","65,020","13,927"
1995,First Unit of Quantity,7317002000,China,1995,kilograms,"147,595","98,756","76,171","152,589","163,063","16,737","43,200","51,984","77,800","42,315","95,760","63,960"
1995,First Unit of Quantity,7317003000,China,1995,kilograms,16,0,0,0,751,0,0,0,0,0,0,0
1995,First Unit of Quantity,7317005505,China,1995,kilograms,"89,607","165,778","190,215","224,213","168,900","310,268","290,169","307,323","378,329","223,045","177,320","157,007"
1995,First Unit of Quantity,7317005510,China,1995,kilograms,"5,818","18,651","19,508","4,556","5,751","1,912","65,900","39,264","23,612","35,729","55,981","48,059"
1995,First Unit of Quantity,7317005520,China,1995,kilograms,"47,039","67,132","136,934","132,965","140,820","35,103","94,435","296,366","19,704","109,811","35,979","49,888"
1995,First Unit of Quantity,7317005530,China,1995,kilograms,"449,797","340,121","419,545","758,002","1,043,385","1,187,836","1,580,982","1,245,466","827,363","1,412,981","1,934,063","1,267,210"
1995,First Unit of Quantity,7317005540,China,1995,kilograms,"48,643",0,0,0,0,"54,113","21,583",0,0,0,0,0
1995,First Unit of Quantity,7317005550,China,1995,kilograms,0,0,0,0,"17,280","33,460","58,450",0,"171,768",0,0,"49,500"
1995,First Unit of Quantity,7317005560,China,1995,kilograms,0,"4,136",0,"46,432","61,275","4,231","104,508","146,235","40,201","52,800",0,"43,200"
1995,First Unit of Quantity,7317005570,China,1995,kilograms,"1,200,683","1,196,974","948,680","2,017,159","1,755,209","1,929,269","1,437,445","2,564,003","2,650,121","2,499,663","2,015,088","2,337,213"
1995,First Unit of Quantity,7317005580,China,1995,kilograms,0,0,"43,200",0,0,0,0,0,0,0,0,0
1995,First Unit of Quantity,7317005590,China,1995,kilograms,"121,926","38,978","52,252","34,069","278,017","27,091","46,484","134,520","161,860","223,615","122,666","168,689"
1995,First Unit of Quantity,7317006530,China,1995,kilograms,0,0,0,0,0,"17,020",0,0,0,0,0,0
1995,First Unit of Quantity,7317006560,China,1995,kilograms,0,"8,675","9,124","6,470","24,960","2,427",0,"4,362","9,040",0,"23,030","7,603"
1995,First Unit of Quantity,7317007500,China,1995,kilograms,"32,809","15,500",469,"48,557","54,305","15,072","59,491","108,707","16,873","98,583","76,627","36,754"
1995,First Unit of Quantity,7318110000,China,1995,kilograms,0,0,0,0,0,0,"15,520","5,536",0,0,"1,520",0
1995,First Unit of Quantity,7318120000,China,1995,kilograms,"137,940","43,531","205,583","82,437","226,774","43,274","154,960","209,159","145,332","192,169","161,558","72,147"
1995,First Unit of Quantity,7318130030,China,1995,kilograms,"41,637","25,949","80,148","25,465","10,827","58,968","35,843","26,507","141,804","81,933","66,960","9,339"
1995,First Unit of Quantity,7318130060,China,1995,kilograms,"33,509","40,626","30,873","54,717","32,402","7,054","21,907",100,"12,910","20,277","35,060",557
1995,First Unit of Quantity,7318141000,China,1995,kilograms,"290,700","325,406","231,776","236,731","347,299","142,426","244,612","277,168","307,933","208,048","275,327","204,897"
1995,First Unit of Quantity,7318145000,China,1995,kilograms,"4,170",0,0,"2,805","2,608",0,"37,751",300,0,"4,089","17,694",0
1995,First Unit of Quantity,7318152010,China,1995,kilograms,"18,408","2,454","1,058","17,987","23,021","7,500","21,153",734,680,"3,705","25,237",600
1995,First Unit of Quantity,7318152020,China,1995,kilograms,"45,821","132,664",0,"180,575","58,502","313,248","252,663","244,383","201,706","116,160","132,836","603,302"
1995,First Unit of Quantity,7318152030,China,1995,kilograms,0,"16,918",0,0,0,0,0,"15,785","17,100",0,0,0
1995,First Unit of Quantity,7318152040,China,1995,kilograms,0,0,0,"1,995","2,383","16,830","11,363","20,811","19,189",0,"6,944","2,703"
1995,First Unit of Quantity,7318152050,China,1995,kilograms,0,0,"4,131","6,400","3,580",0,0,"17,000",297,"6,305",0,"8,379"
1995,First Unit of Quantity,7318152060,China,1995,kilograms,"550,809","427,709","320,195","478,117","866,797","509,913","455,795","699,684","452,685","555,425","582,983","661,334"
1995,First Unit of Quantity,7318152090,China,1995,kilograms,"174,929","95,466","265,705","139,181","179,308","180,824","281,584","288,895","198,485","325,941","138,630","105,693"
1995,First Unit of Quantity,7318154000,China,1995,kilograms,"594,410","335,171","638,969","551,892","579,194","716,373","442,881","646,063","540,032","723,410","691,786","444,828"
1995,First Unit of Quantity,7318155000,China,1995,kilograms,"23,861","26,514","5,001","22,076","50,231","18,335","34,571","22,376","50,565","33,965","44,080","53,185"
1995,First Unit of Quantity,7318156000,China,1995,kilograms,"31,693","43,708","105,721","75,233","80,490","88,258","71,461","61,550","79,858","113,896","47,839","62,929"
1995,First Unit of Quantity,7318158020,China,1995,kilograms,0,0,0,0,"6,933",0,0,0,0,0,0,0
1995,First Unit of Quantity,7318158040,China,1995,kilograms,0,0,322,0,0,0,0,0,0,0,0,"11,372"
1995,First Unit of Quantity,7318158060,China,1995,kilograms,"91,824","119,695","146,803","285,935","159,958","146,296","161,935","224,991","268,070","179,076","292,344","146,504"
1995,First Unit of Quantity,7318158080,China,1995,kilograms,"32,955","72,860","22,534","24,579","16,085","9,369","46,109","28,194","2,753","17,023","15,022","21,165"
1995,First Unit of Quantity,7318160015,China,1995,kilograms,"13,843","6,997","7,200","12,225","22,651","24,798","18,070","14,708","17,790","8,531","17,814","14,837"
1995,First Unit of Quantity,7318160030,China,1995,kilograms,"7,722",0,"3,661",0,"7,974","6,531",0,"19,180","2,000","21,349","14,990","3,696"
1995,First Unit of Quantity,7318160045,China,1995,kilograms,0,"16,471","6,036",345,"13,034","2,028",0,"2,547","12,054","2,233","25,468","2,424"
1995,First Unit of Quantity,7318160080,China,1995,kilograms,"429,852","344,557","581,590","702,758","513,771","638,529","1,012,100","739,852","611,743","709,823","899,923","745,801"
1995,First Unit of Quantity,7318190000,China,1995,kilograms,"64,827","64,288","44,282","54,570","56,977","62,093","119,313","90,790","134,538","80,432","82,433","101,972"
1995,First Unit of Quantity,7318210030,China,1995,kilograms,"58,286","16,517","37,199","17,143","11,988","76,890","49,424","4,852","64,678","81,076","99,461","4,320"
1995,First Unit of Quantity,7318210090,China,1995,kilograms,"16,590",0,"15,651",0,"34,816","25,242","34,826","1,068","17,777","16,074",0,"2,588"
1995,First Unit of Quantity,7318220000,China,1995,kilograms,"2,567,182","1,400,859","1,053,631","1,316,742","2,197,969","2,138,578","2,288,725","1,848,482","2,260,457","1,090,411","1,837,236","954,936"
1995,First Unit of Quantity,7318230000,China,1995,kilograms,"7,544",96,"1,345","3,434",0,0,"8,568","7,128",0,"1,245","17,621",0
1995,First Unit of Quantity,7318240000,China,1995,kilograms,510,852,595,680,"4,308",34,810,"5,955",0,714,0,"10,470"
1995,First Unit of Quantity,7318290000,China,1995,kilograms,"152,709","109,186","72,289","63,282","164,083","145,186","78,795","66,749","18,044","56,253","31,791","113,070"
1995,First Unit of Quantity,7319100000,China,1995,thousand units,"7,923","5,668","7,419","8,667","16,561","11,806","8,084","13,036","5,232","15,128","13,737","13,142"
1995,First Unit of Quantity,7319200010,China,1995,gross,"83,540",376,"1,638","1,105","26,730","146,258","94,743","82,434","2,461","2,802","96,824","16,425"
1995,First Unit of Quantity,7319200050,China,1995,gross,"2,644","21,886","1,262","1,487","8,151","11,237","1,166","4,305","16,457","59,958","6,927","51,531"
1995,First Unit of Quantity,7319301000,China,1995,kilograms,0,774,0,90,"2,322","1,392","1,269","1,014","4,841","2,787",90,36
1995,First Unit of Quantity,7319305010,China,1995,kilograms,"82,530","57,312","25,728","67,594","25,811","67,674","67,364","39,564","62,993","35,214","57,351","32,764"
1995,First Unit of Quantity,7319305050,China,1995,kilograms,"8,566","2,483","1,786","7,937","6,535","3,982","9,407","9,364","6,519","6,985","3,159","9,090"
1995,First Unit of Quantity,7319900000,China,1995,no units collected,0,0,0,0,0,0,0,0,0,0,0,0
1995,First Unit of Quantity,7320103000,China,1995,kilograms,0,0,0,0,"50,850",0,"36,120","50,100","87,244","49,950",0,"52,500"
1995,First Unit of Quantity,7320106015,China,1995,kilograms,"192,088","99,444","324,384","33,800","120,427","17,000","151,782",0,"18,387","34,000","95,223","33,000"
1995,First Unit of Quantity,7320109015,China,1995,kilograms,"166,320","72,414","421,728","654,400","252,000","271,900","51,918","550,737","267,030","47,256","189,950","144,441"
1995,First Unit of Quantity,7320109060,China,1995,kilograms,"16,800","169,750","31,500","105,000","168,300","152,150","3,410","16,358","218,076",0,"94,210","134,400"
1995,First Unit of Quantity,7320201000,China,1995,kilograms,0,664,0,"32,680",0,0,0,0,0,0,0,0
1995,First Unit of Quantity,7320205060,China,1995,kilograms,0,0,0,0,0,0,0,13,0,0,0,920
1995,First Unit of Quantity,7320901000,China,1995,kilograms,6,0,0,0,0,0,0,0,0,4,0,0
1995,First Unit of Quantity,7320905020,China,1995,kilograms,0,0,"1,928",0,74,0,0,0,0,0,0,0
1995,First Unit of Quantity,7320905060,China,1995,kilograms,"5,053",464,219,"32,103","16,859","17,382","3,170","1,569","18,011","11,973","1,542","2,254"
1995,First Unit of Quantity,7321111030,China,1995,number,"1,200","8,916","8,914","14,396","12,140",0,"6,483","5,400",0,"1,400","6,450",950
1995,First Unit of Quantity,7321111060,China,1995,number,"30,724","13,152","32,276","36,576","13,776","7,480",744,0,"2,400","1,080","2,000","35,616"
1995,First Unit of Quantity,7321113000,China,1995,number,"1,650",0,2,0,"1,275","1,000",0,0,0,0,7,0
1995,First Unit of Quantity,7321116000,China,1995,number,0,0,4,"4,480","2,204","3,852","3,852","3,000","3,344","3,770","3,852","25,044"
1995,First Unit of Quantity,7321120000,China,1995,number,0,0,0,0,0,0,0,800,0,820,0,"3,000"
1995,First Unit of Quantity,7321130020,China,1995,number,"70,803","96,017","91,238","76,764","76,324","29,052","1,800","28,000","23,860",0,"32,040","51,492"
1995,First Unit of Quantity,7321130040,China,1995,number,"90,543","105,319","78,442","129,035","107,447","4,412","39,918","16,740","11,820","4,163","7,956","25,809"
1995,First Unit of Quantity,7321130060,China,1995,number,"15,316","1,040","1,152",0,"1,251",0,0,"1,540",0,0,0,0
1995,First Unit of Quantity,7321130080,China,1995,number,"8,976","8,016","2,400","2,780",0,0,0,0,0,0,"7,972","7,200"
1995,First Unit of Quantity,7321811000,China,1995,number,"37,200","1,000","1,428",402,"5,535",198,360,"1,200","7,260","2,400","4,800","2,400"
1995,First Unit of Quantity,7321815000,China,1995,number,342,"3,864",0,0,"3,864","2,400",0,556,81,156,529,"7,790"
1995,First Unit of Quantity,7321821000,China,1995,number,0,"1,300",0,0,0,0,0,0,0,560,0,0
1995,First Unit of Quantity,7321830010,China,1995,number,0,"10,944",0,0,"21,105","4,623","20,992","27,106","58,377","28,410",0,628
1995,First Unit of Quantity,7321830050,China,1995,number,"3,704","9,928","5,684","4,014","35,952","16,799","20,613","53,816","42,524","7,639","2,800","26,832"
1995,First Unit of Quantity,7321902000,China,1995,no units collected,0,0,0,0,0,0,0,0,0,0,0,0
1995,First Unit of Quantity,7321905000,China,1995,no units collected,0,0,0,0,0,0,0,0,0,0,0,0
1995,First Unit of Quantity,7321906030,China,1995,no units collected,0,0,0,0,0,0,0,0,0,0,0,0
1995,First Unit of Quantity,7321906090,China,1995,no units collected,0,0,0,0,0,0,0,0,0,0,0,0
1995,First Unit of Quantity,7322110000,China,1995,no units collected,0,0,0,0,0,0,0,0,0,0,0,0
1995,First Unit of Quantity,7322190000,China,1995,no units collected,0,0,0,0,0,0,0,0,0,0,0,0
1995,First Unit of Quantity,7323100000,China,1995,kilograms,"10,010","6,958","19,932","23,860","18,575","24,542","38,605","36,363","24,456","21,989","32,334","30,981"
1995,First Unit of Quantity,7323911000,China,1995,no units collected,0,0,0,0,0,0,0,0,0,0,0,0
1995,First Unit of Quantity,7323915000,China,1995,no units collected,0,0,0,0,0,0,0,0,0,0,0,0
1995,First Unit of Quantity,7323920000,China,1995,no units collected,0,0,0,0,0,0,0,0,0,0,0,0
1995,First Unit of Quantity,7323930015,China,1995,number,"26,768","28,370","2,296","32,248","71,648","38,778","31,184","21,531","41,322","31,603","31,101","18,316"
1995,First Unit of Quantity,7323930030,China,1995,number,"594,606","238,061","358,758","497,720","566,114","764,489","491,269","732,862","456,731","555,096","629,607","405,524"
1995,First Unit of Quantity,7323930060,China,1995,number,"954,428","825,775","866,194","1,095,662","973,964","1,040,849","1,037,883","975,488","1,130,112","2,142,688","1,582,132","1,019,384"
1995,First Unit of Quantity,7323930080,China,1995,number,"477,243","539,973","252,670","485,016","782,811","1,077,306","197,883","649,215","929,308","1,614,195","2,203,196","2,003,855"
1995,First Unit of Quantity,7323940010,China,1995,number,"2,296",800,"2,100",0,448,"6,880",0,"1,216",0,0,"5,520",0
1995,First Unit of Quantity,7323940020,China,1995,number,"74,484","178,268","83,126","50,638","76,676","194,810","21,997","181,752","122,687","200,437","160,073","67,402"
1995,First Unit of Quantity,7323940030,China,1995,number,"303,924","48,976","65,690","157,460","146,514","111,444","202,320","431,006","128,022","105,300","110,363","185,639"
1995,First Unit of Quantity,7323940040,China,1995,number,"74,256","34,704",0,0,0,"2,400","62,448","65,428","28,548","13,728","22,144","23,662"
1995,First Unit of Quantity,7323940080,China,1995,number,"78,855","293,469","214,479","341,186","383,928","124,678","228,632","245,797","104,162","199,346","231,788","290,410"
1995,First Unit of Quantity,7323991000,China,1995,no units collected,0,0,0,0,0,0,0,0,0,0,0,0
1995,First Unit of Quantity,7323993000,China,1995,no units collected,0,0,0,0,0,0,0,0,0,0,0,0
1995,First Unit of Quantity,7323995030,China,1995,no units collected,0,0,0,0,0,0,0,0,0,0,0,0
1995,First Unit of Quantity,7323995060,China,1995,no units collected,0,0,0,0,0,0,0,0,0,0,0,0
1995,First Unit of Quantity,7323997000,China,1995,number,"641,256","329,176","571,768","559,257","753,349","716,846","805,296","1,291,111","687,735","946,986","1,352,825","864,036"
1995,First Unit of Quantity,7323999030,China,1995,no units collected,0,0,0,0,0,0,0,0,0,0,0,0
1995,First Unit of Quantity,7323999060,China,1995,no units collected,0,0,0,0,0,0,0,0,0,0,0,0
1995,First Unit of Quantity,7324100000,China,1995,number,"5,016","34,816","11,880","4,437","8,776",0,0,"33,382",0,"20,340",0,0
1995,First Unit of Quantity,7324211000,China,1995,number,0,"7,872",0,0,0,0,0,0,0,0,0,0
1995,First Unit of Quantity,7324215000,China,1995,number,"13,000",20,0,"10,000","10,000","10,000","29,000","8,000",0,"10,000","13,000","10,000"
1995,First Unit of Quantity,7324290000,China,1995,number,"7,200",0,0,"14,400",0,0,"14,400",0,0,"2,500","7,920","12,000"
1995,First Unit of Quantity,7324900000,China,1995,no units collected,0,0,0,0,0,0,0,0,0,0,0,0
1995,First Unit of Quantity,7325100010,China,1995,kilograms,"18,266",0,0,"10,000","17,000","32,339","29,695","14,880","14,800",0,"16,150",0
1995,First Unit of Quantity,7325100050,China,1995,kilograms,"1,471,693","1,115,733","742,656","883,025","938,285","1,160,263","918,006","1,272,660","1,486,688","1,301,313","897,215","509,952"
1995,First Unit of Quantity,7325910000,China,1995,kilograms,0,0,0,0,0,0,0,0,0,0,0,"2,904"
1995,First Unit of Quantity,7325991000,China,1995,kilograms,"1,002,162","868,050","907,262","960,866","1,250,340","1,327,426","1,249,760","1,252,165","1,305,989","1,331,823","1,209,953","1,200,095"
1995,First Unit of Quantity,7325995000,China,1995,kilograms,"301,527","297,602","309,400","346,592","214,645","338,304","297,537","370,604","349,964","180,897","612,356","168,197"
1995,First Unit of Quantity,7326110000,China,1995,kilograms,0,0,0,0,"15,683",0,0,0,0,"1,812","15,683",0
1995,First Unit of Quantity,7326190000,China,1995,kilograms,"46,287","54,297","43,289","117,109","81,920","65,554","74,780","87,847","102,999","83,278","92,520","74,262"
1995,First Unit of Quantity,7326200010,China,1995,kilograms,"16,514","22,505","24,498","23,435","6,059","16,026","3,756","7,832","25,095","14,843","19,962","1,581"
1995,First Unit of Quantity,7326200050,China,1995,no units collected,0,0,0,0,0,0,0,0,0,0,0,0
1995,First Unit of Quantity,7326901000,China,1995,no units collected,0,0,0,0,0,0,0,0,0,0,0,0
1995,First Unit of Quantity,7326903500,China,1995,dozens,"11,360","2,239",900,"2,693","16,636","29,112","4,287","4,715","36,382","22,627","11,183","3,379"
1995,First Unit of Quantity,7326906000,China,1995,no units collected,0,0,0,0,0,0,0,0,0,0,0,0
1995,First Unit of Quantity,7326908530,China,1995,kilograms,"51,992","9,278","15,129","1,330","40,415","41,853","89,408","40,384","101,556","86,411","75,614","38,817"
1995,First Unit of Quantity,7326908560,China,1995,number,0,525,0,240,0,"21,110","6,468","2,817","6,300","7,860","3,280","13,508"
1995,First Unit of Quantity,7326908575,China,1995,number,"1,111,040","1,231,032","1,340,304","1,522,342","1,838,168","2,122,148","1,560,636","2,298,324","2,060,276","1,964,708","2,138,472","1,730,664"
1995,First Unit of Quantity,7326908590,China,1995,kilograms,"2,649,103","2,395,187","2,142,899","2,581,505","2,834,768","2,768,521","2,964,033","3,101,071","2,587,004","2,482,980","3,002,627","2,226,271"
1995,First Unit of Quantity,7403110000,China,1995,kilograms,0,0,0,0,"16,840",0,0,0,0,0,0,0
1995,First Unit of Quantity,7403210000,China,1995,kilograms,0,0,0,0,0,0,0,0,0,300,0,0
1995,First Unit of Quantity,7403290000,China,1995,kilograms,"5,000",0,0,0,0,0,0,0,0,0,0,0
1995,First Unit of Quantity,7404006090,China,1995,kilograms,0,0,"21,120",0,0,0,0,0,0,0,0,0
1995,First Unit of Quantity,7405006030,China,1995,kilograms,0,"18,000",0,0,0,0,0,"3,000","20,000",0,0,0
1995,First Unit of Quantity,7406200000,China,1995,kilograms,0,0,0,0,0,0,0,50,0,0,0,0
1995,First Unit of Quantity,7407105050,China,1995,kilograms,"8,687",0,"88,782","106,571","17,624","106,483",0,"290,330","34,954","35,124",0,"34,544"
1995,First Unit of Quantity,7407215000,China,1995,kilograms,"86,001",0,0,0,"114,307",0,0,"16,611",0,0,0,0
1995,First Unit of Quantity,7407217000,China,1995,kilograms,0,"15,930","15,750",0,"88,229",0,0,0,0,0,0,0
1995,First Unit of Quantity,7407219000,China,1995,kilograms,"11,793","57,741","23,126","17,780",0,"3,854",0,"53,247","4,931",0,0,0
1995,First Unit of Quantity,7407225000,China,1995,kilograms,0,0,0,0,0,0,0,"3,628","11,397",0,0,"5,724"
1995,First Unit of Quantity,7408113000,China,1995,kilograms,0,0,0,0,"16,668",0,0,0,0,0,0,0
1995,First Unit of Quantity,7408190000,China,1995,kilograms,"91,998","167,917","139,380","90,994","60,358","89,668","59,359","74,810","74,024","60,004","30,002","147,471"
1995,First Unit of Quantity,7408210000,China,1995,kilograms,"5,582","11,956","42,403","1,820","18,059","27,336",0,"99,328",0,0,0,0
1995,First Unit of Quantity,7408221000,China,1995,kilograms,0,496,0,478,"1,218",0,0,0,0,0,0,2
1995,First Unit of Quantity,7408291000,China,1995,kilograms,216,0,0,312,0,0,0,0,164,0,0,0
1995,First Unit of Quantity,7408295000,China,1995,kilograms,0,0,0,0,0,20,0,"14,710","5,443",0,0,"10,444"
1995,First Unit of Quantity,7409115050,China,1995,kilograms,"8,386",0,0,0,0,0,0,0,0,0,0,0
1995,First Unit of Quantity,7409191000,China,1995,kilograms,0,0,0,0,"91,435","56,212",0,0,0,0,0,0
1995,First Unit of Quantity,7409199000,China,1995,kilograms,0,0,0,0,0,72,0,213,0,0,0,0
1995,First Unit of Quantity,7409210010,China,1995,kilograms,0,0,0,0,0,"18,145","17,400",0,"35,890","30,402",0,"2,975"
1995,First Unit of Quantity,7409290010,China,1995,kilograms,0,0,0,0,0,0,0,29,0,0,0,0
1995,First Unit of Quantity,7409290050,China,1995,kilograms,"48,164",0,"70,000","33,208",0,0,0,0,0,0,0,0
1995,First Unit of Quantity,7410110000,China,1995,kilograms,0,"1,100",864,"15,778",600,0,500,500,0,0,0,0
1995,First Unit of Quantity,7410120030,China,1995,kilograms,0,"3,846",0,0,0,0,0,0,0,0,0,0
1995,First Unit of Quantity,7410120060,China,1995,kilograms,0,0,0,0,557,470,0,"1,719",0,781,"2,401",144
1995,First Unit of Quantity,7410213020,China,1995,square meters,"5,219","3,716",0,0,0,0,0,0,0,0,0,"6,144"
1995,First Unit of Quantity,7410213060,China,1995,square meters,0,0,0,0,0,0,0,"4,203",0,0,0,0
1995,First Unit of Quantity,7410216000,China,1995,kilograms,0,25,0,0,0,0,0,0,0,0,0,0
1995,First Unit of Quantity,7411101090,China,1995,kilograms,"30,127","11,008","20,629","15,742","12,090","10,102","3,573",0,0,"5,715",0,0
1995,First Unit of Quantity,7411105000,China,1995,kilograms,0,52,0,0,0,62,0,0,0,0,0,0
1995,First Unit of Quantity,7411211000,China,1995,kilograms,408,"1,382",714,"2,016","1,120","2,807",0,"2,858",0,882,"2,349","1,982"
1995,First Unit of Quantity,7411215000,China,1995,kilograms,0,0,0,0,"10,097",0,0,0,0,0,0,0
1995,First Unit of Quantity,7411291000,China,1995,kilograms,0,0,0,0,0,0,0,0,0,0,0,759
1995,First Unit of Quantity,7411295000,China,1995,kilograms,0,0,139,0,161,150,0,0,0,0,0,0
1995,First Unit of Quantity,7412100000,China,1995,kilograms,808,0,0,0,0,0,0,0,0,0,0,476
1995,First Unit of Quantity,7412200025,China,1995,kilograms,"1,948",950,0,0,"1,456","2,403","2,896","6,216","5,490","14,949","12,433","1,591"
1995,First Unit of Quantity,7412200035,China,1995,kilograms,"70,854","67,611","7,526","33,585","37,230","43,078","55,629","29,750","50,439","44,388","171,598","59,007"
1995,First Unit of Quantity,7412200045,China,1995,kilograms,"3,499","15,551",236,"7,439","8,169","5,835","12,642","10,390","7,723","2,487","7,753","15,519"
1995,First Unit of Quantity,7412200085,China,1995,kilograms,"32,641","27,143","31,517","16,230","16,163","16,118","32,026","16,231","17,919","18,044",0,0
1995,First Unit of Quantity,7412200090,China,1995,kilograms,0,0,"11,379",0,376,"6,898",440,"18,046","8,826","5,162",342,938
1995,First Unit of Quantity,7413005000,China,1995,kilograms,0,0,0,0,0,"7,600",0,149,0,0,0,0
1995,First Unit of Quantity,7413009000,China,1995,kilograms,0,0,0,0,0,0,0,"11,664","8,016",0,450,0
1995,First Unit of Quantity,7414109000,China,1995,square meters,0,0,58,0,0,0,0,0,0,0,0,0
1995,First Unit of Quantity,7414900000,China,1995,kilograms,"15,543","29,590","8,779","11,287","9,769","1,357","15,340","36,768","7,351","17,292","33,599","33,579"
1995,First Unit of Quantity,7415100000,China,1995,kilograms,0,0,0,0,0,0,663,6,0,0,0,"1,608"
1995,First Unit of Quantity,7415210000,China,1995,kilograms,93,0,"4,798",0,0,0,"3,653",0,"1,540",0,0,91
1995,First Unit of Quantity,7415290000,China,1995,kilograms,98,945,0,857,449,"1,077","1,100",0,424,106,125,171
1995,First Unit of Quantity,7415310000,China,1995,kilograms,"23,167","1,549","14,669","25,533","20,657","39,493","49,591","17,713","46,734","40,569","11,235","54,381"
1995,First Unit of Quantity,7415321000,China,1995,kilograms,"19,034",0,0,"7,202","1,960","2,390","16,777",0,"8,174",457,0,0
1995,First Unit of Quantity,7415325000,China,1995,kilograms,"5,097","13,515",261,"5,857","5,509","14,339","16,915","1,715","2,266","10,253","14,471","12,677"
1995,First Unit of Quantity,7415329000,China,1995,kilograms,"24,749","7,144","11,497","3,855","19,403","12,936","22,429","14,129","16,462","6,951","20,396","27,665"
1995,First Unit of Quantity,7415390000,China,1995,kilograms,0,0,"2,600",0,"1,032",0,0,"6,595",0,"3,603",900,940
1995,First Unit of Quantity,7416000000,China,1995,kilograms,0,0,0,0,0,0,0,310,0,0,0,0
1995,First Unit of Quantity,7418101000,China,1995,kilograms,"106,361","78,212","66,373","52,163","40,480","103,537","65,376","113,441","52,911","90,308","45,752","51,610"
1995,First Unit of Quantity,7418102030,China,1995,kilograms,"8,959","1,862","9,807",538,220,"1,347","5,198","1,845","9,043","2,750","2,650","5,429"
1995,First Unit of Quantity,7418102090,China,1995,kilograms,"142,361","41,008","36,469","108,474","102,738","121,776","50,631","146,872","120,752","161,845","123,156","42,710"
1995,First Unit of Quantity,7418105010,China,1995,number,"17,500","5,460",0,0,0,0,"5,626","15,996","7,200","8,070","3,060","17,261"
1995,First Unit of Quantity,7418105050,China,1995,kilograms,"2,352","16,265",623,"12,124","7,090","9,664","40,015","101,341","20,854","5,820","9,512","3,331"
1995,First Unit of Quantity,7418201000,China,1995,kilograms,"68,546","47,510","40,261","40,684","64,971","60,544","26,078","50,357","94,496","53,500","61,895","58,345"
1995,First Unit of Quantity,7418205000,China,1995,kilograms,700,"9,000","27,902","13,198","21,938","33,017","2,761","43,000",0,"6,387","12,323","44,146"
1995,First Unit of Quantity,7419100000,China,1995,kilograms,0,0,120,0,0,48,0,82,45,0,170,65
1995,First Unit of Quantity,7419910010,China,1995,kilograms,"44,955","30,076","40,343","90,079","46,497","27,630","20,114","33,281","36,418","59,876","51,881","59,180"
1995,First Unit of Quantity,7419910050,China,1995,kilograms,"3,489","3,360",0,675,0,"20,785",878,"3,340","2,894","18,719","10,096","6,607"
1995,First Unit of Quantity,7419991500,China,1995,dozens,"5,797","4,157","4,397","4,373","1,421","5,490","9,687","16,272","2,277","1,761",302,"2,908"
1995,First Unit of Quantity,7419993000,China,1995,kilograms,"4,164","3,821","15,213","3,991","27,515","4,995","2,729","9,645","5,843","10,259","9,982","23,234"
1995,First Unit of Quantity,7419995010,China,1995,kilograms,"50,307","35,755","44,699","28,492","19,941","27,168","46,944","55,567","40,379","43,176","46,085","36,811"
1995,First Unit of Quantity,7419995050,China,1995,kilograms,"124,670","153,041","81,723","123,764","123,273","109,437","164,138","130,552","125,336","120,901","133,623","122,145"
1995,First Unit of Quantity,7502100000,China,1995,kilograms,0,"50,000",0,"19,634",0,0,0,0,0,"30,000","96,000",0
1995,First Unit of Quantity,7502200000,China,1995,kilograms,300,0,0,0,0,0,0,0,0,0,0,0
1995,First Unit of Quantity,7503000000,China,1995,kilograms,0,0,"50,010",0,"10,000",0,0,0,0,0,0,"15,520"
1995,First Unit of Quantity,7504000010,China,1995,kilograms,0,0,0,0,75,0,0,70,0,0,0,340
1995,First Unit of Quantity,7505211000,China,1995,kilograms,0,56,56,0,0,0,0,0,0,0,0,0
1995,First Unit of Quantity,7505225000,China,1995,kilograms,0,0,0,0,0,0,0,0,0,83,0,0
1995,First Unit of Quantity,7508005000,China,1995,kilograms,"1,021","3,150",997,402,0,0,0,"4,415","1,215","2,021",0,86
1995,First Unit of Quantity,7601106000,China,1995,kilograms,0,0,0,0,0,0,"119,196",0,0,650,0,0
1995,First Unit of Quantity,7601209090,China,1995,kilograms,"630,000","270,000","540,000","360,000","288,000","432,072","360,000",0,"360,000","360,000","183,094","180,000"
1995,First Unit of Quantity,7602000090,China,1995,kilograms,"17,200",0,0,0,0,0,0,13,13,0,0,0
1995,First Unit of Quantity,7603100000,China,1995,kilograms,0,0,0,"2,000",0,0,0,0,0,0,0,0
1995,First Unit of Quantity,7604293050,China,1995,kilograms,0,0,0,0,0,0,0,0,0,0,"15,540",0
1995,First Unit of Quantity,7606113060,China,1995,kilograms,434,"1,682",0,0,0,0,0,0,0,645,0,"2,030"
1995,First Unit of Quantity,7606123030,China,1995,kilograms,"16,872",0,0,941,"106,408","57,458","75,518","58,844","80,118","57,820","76,970","76,350"
1995,First Unit of Quantity,7606123090,China,1995,kilograms,0,0,0,0,0,0,780,0,0,0,0,0
1995,First Unit of Quantity,7607116000,China,1995,kilograms,0,0,130,100,898,0,0,0,0,0,0,0
1995,First Unit of Quantity,7607193000,China,1995,kilograms,"4,771",340,405,"2,780","3,444","5,819","1,023",288,0,"5,050","2,802",0
1995,First Unit of Quantity,7607201000,China,1995,kilograms,"11,132",311,"1,267","3,149",561,0,147,0,856,"14,038",0,687
1995,First Unit of Quantity,7608100090,China,1995,kilograms,0,0,0,0,0,0,0,"12,750",0,0,0,0
1995,First Unit of Quantity,7608200030,China,1995,kilograms,0,0,0,0,0,0,0,0,"1,242",0,0,0
1995,First Unit of Quantity,7608200090,China,1995,kilograms,0,0,0,0,743,0,0,0,373,0,0,0
1995,First Unit of Quantity,7609000000,China,1995,kilograms,"31,260","12,600",0,819,0,"6,730",0,0,"21,543","7,370","14,509",0
1995,First Unit of Quantity,7610900040,China,1995,kilograms,0,0,0,0,"1,479",0,0,0,0,0,0,0
1995,First Unit of Quantity,7610900080,China,1995,kilograms,704,"5,734",0,"3,421","1,602","3,448","7,994",0,0,"26,880","10,403","6,127"
1995,First Unit of Quantity,7611000090,China,1995,number,0,0,0,0,0,0,0,4,0,0,0,0
1995,First Unit of Quantity,7612901030,China,1995,number,0,"26,616",0,0,0,0,0,0,0,0,"45,144",0
1995,First Unit of Quantity,7612901060,China,1995,number,0,0,0,0,"5,496",0,0,0,0,0,0,"3,510"
1995,First Unit of Quantity,7612901090,China,1995,number,0,0,"45,000","150,190","525,000","220,000","1,980","22,560",0,0,"75,000","250,000"
1995,First Unit of Quantity,7612905000,China,1995,number,0,0,0,0,6,0,0,0,0,20,"3,970",0
1995,First Unit of Quantity,7613000000,China,1995,number,"1,000",0,0,0,0,0,0,0,0,0,0,0
1995,First Unit of Quantity,7614904000,China,1995,kilograms,0,0,0,"8,895",0,"3,382",0,0,0,0,0,0
1995,First Unit of Quantity,7614905000,China,1995,kilograms,0,0,0,0,0,0,0,0,0,0,477,0
1995,First Unit of Quantity,7615101000,China,1995,number,"3,030","17,880",0,"12,436","24,052","12,420","98,986","4,186",0,"2,106","2,520","31,650"
1995,First Unit of Quantity,7615103000,China,1995,number,"92,216","30,572","143,154","40,264","38,122","66,786","65,295","124,912","180,682","183,784","159,538","80,633"
1995,First Unit of Quantity,7615105000,China,1995,number,0,0,"9,072","4,896","9,720","4,200","24,276","3,960","29,792","23,540","6,048","85,384"
1995,First Unit of Quantity,7615107030,China,1995,number,"163,847","203,636","149,368","136,398","533,375","185,760","210,114","351,806","260,637","266,593","271,198","483,224"
1995,First Unit of Quantity,7615107060,China,1995,number,"77,874","22,216","48,660","113,920","290,337","221,219","141,741","30,912","75,684","86,576","121,162","58,668"
1995,First Unit of Quantity,7615109000,China,1995,kilograms,"46,288","61,364","65,049","92,866","102,001","41,451","83,123","67,498","69,258","118,007","127,832","64,360"
1995,First Unit of Quantity,7615200000,China,1995,kilograms,0,300,0,"2,879","2,965","7,777",0,"8,341","17,374",0,"2,295",964
1995,First Unit of Quantity,7616101000,China,1995,kilograms,0,0,0,0,0,703,0,0,0,"1,188","3,492","1,980"
1995,First Unit of Quantity,7616103000,China,1995,kilograms,"1,101",0,"4,945","1,348","1,738","2,720","2,348","1,135","1,219","2,636",540,0
1995,First Unit of Quantity,7616109090,China,1995,kilograms,378,"4,000","3,700",315,112,0,0,220,254,0,0,0
1995,First Unit of Quantity,7616901000,China,1995,kilograms,0,0,0,0,0,0,0,"5,883",0,"11,342",0,0
1995,First Unit of Quantity,7616905030,China,1995,number,0,0,461,361,0,0,"3,963",0,0,"3,150","3,400",0
1995,First Unit of Quantity,7616905040,China,1995,no units collected,0,0,0,0,0,0,0,0,0,0,0,0
1995,First Unit of Quantity,7616905050,China,1995,kilograms,0,0,0,0,0,0,0,0,967,0,0,0
1995,First Unit of Quantity,7616905060,China,1995,kilograms,"5,632","12,155","23,154","10,556","17,353","32,364","13,917","15,548","11,117","15,686","16,778","2,532"
1995,First Unit of Quantity,7616905070,China,1995,kilograms,"9,789","11,283",0,"3,894","2,142",0,0,0,0,"16,517",0,"1,399"
1995,First Unit of Quantity,7616905075,China,1995,kilograms,"32,981","15,693",0,0,264,0,"4,294",564,798,"1,968",628,0
1995,First Unit of Quantity,7616905080,China,1995,kilograms,"120,627","139,744","78,018","124,060","177,998","235,436","164,798","303,924","381,134","370,312","371,413","288,176"
1995,First Unit of Quantity,7803000000,China,1995,kilograms,0,0,0,0,0,"1,575",0,413,0,0,0,0
1995,First Unit of Quantity,7806000000,China,1995,kilograms,"1,347",0,0,"9,133","9,837",0,"17,248","5,363","20,800","3,723","2,950","6,350"
1995,First Unit of Quantity,7906000000,China,1995,kilograms,328,479,500,344,216,"1,034",432,"1,000",378,625,"1,031",160
1995,First Unit of Quantity,7907903000,China,1995,kilograms,"255,921","138,003","87,528","148,005","187,484","159,704","185,895","279,469","197,978","300,212","199,096","227,966"
1995,First Unit of Quantity,7907906000,China,1995,kilograms,"27,438","35,036","35,560","17,632","30,118","23,963","39,173","124,490","70,699","59,069","48,959","12,644"
1995,First Unit of Quantity,8001100000,China,1995,kilograms,"275,906","34,790","1,181,224","450,298","106,201","601,518","502,621","842,363","832,341","200,776","381,173","204,994"
1995,First Unit of Quantity,8001200010,China,1995,kilograms,"160,394","70,964","360,000","36,900","367,105","461,871","34,000","386,351","53,538","306,000","44,000","131,274"
1995,First Unit of Quantity,8001200050,China,1995,kilograms,0,0,0,0,0,"4,116","101,191","124,372","102,509",0,0,"17,563"
1995,First Unit of Quantity,8001200090,China,1995,kilograms,"79,205","19,787",0,"39,491",0,0,0,0,"34,408","34,396","59,595","33,135"
1995,First Unit of Quantity,8003000000,China,1995,kilograms,0,0,"2,791",0,0,0,0,0,0,"1,532",375,374
1995,First Unit of Quantity,8004000000,China,1995,kilograms,776,816,"1,736",0,0,0,"2,207",0,0,0,0,0
1995,First Unit of Quantity,8005100000,China,1995,kilograms,0,0,0,0,0,0,490,0,0,0,0,0
1995,First Unit of Quantity,8006000000,China,1995,kilograms,0,0,0,0,0,0,0,0,0,240,0,0
1995,First Unit of Quantity,8007001010,China,1995,number,"505,092","243,828","50,480","176,640","308,664","83,322","324,580","621,448","675,208","845,760","547,660","110,772"
1995,First Unit of Quantity,8007001050,China,1995,no units collected,0,0,0,0,0,0,0,0,0,0,0,0
1995,First Unit of Quantity,8007005000,China,1995,kilograms,"38,557","48,825","86,272","42,925","77,472","23,122","25,018","98,748","52,995","14,938","35,161","44,686"
1995,First Unit of Quantity,8101100000,China,1995,kilograms,"1,050","51,000","36,250","29,324","34,400","10,780","20,559","34,000",0,0,0,0
1995,First Unit of Quantity,8101911000,China,1995,kilograms,"16,200",0,194,0,0,0,0,0,0,0,0,0
1995,First Unit of Quantity,8101920000,China,1995,kilograms,"2,057",0,0,0,"2,075","1,886",0,350,"1,022",976,104,"2,202"
1995,First Unit of Quantity,8101930000,China,1995,kilograms,0,"1,560",102,42,"1,475",426,0,"2,183",884,"1,968","2,053",693
1995,First Unit of Quantity,8101990000,China,1995,kilograms,0,0,"2,166","3,706","10,201","8,672",146,334,283,0,171,0
1995,First Unit of Quantity,8102100000,China,1995,kilograms,0,"24,000","18,000",0,0,0,0,0,0,0,0,0
1995,First Unit of Quantity,8102915000,China,1995,kilograms,"3,000","10,006","10,984",0,0,0,0,0,0,0,"1,935","1,935"
1995,First Unit of Quantity,8103103000,China,1995,kilograms,0,0,0,0,0,"2,281","2,282",0,0,0,0,"3,000"
1995,First Unit of Quantity,8103106030,China,1995,kilograms,"1,831",862,"2,290",985,901,40,0,"1,000",0,"2,347",907,"1,775"
1995,First Unit of Quantity,8103106090,China,1995,kilograms,0,0,0,0,0,0,0,0,0,0,250,662
1995,First Unit of Quantity,8103900000,China,1995,kilograms,0,0,0,0,0,105,20,0,339,0,402,199
1995,First Unit of Quantity,8104110000,China,1995,kilograms,"242,224","60,000","60,000","3,555",0,0,0,0,0,0,0,"18,697"
1995,First Unit of Quantity,8104200000,China,1995,kilograms,"81,030",0,0,"38,045",0,"27,660",0,"85,075",0,0,"37,633","11,910"
1995,First Unit of Quantity,8104300000,China,1995,kilograms,0,0,0,"51,000",0,0,0,0,0,0,0,0
1995,First Unit of Quantity,8105106000,China,1995,kilograms,0,"3,000","3,001",0,"4,023",0,"4,997",200,0,"3,199",0,0
1995,First Unit of Quantity,8105109000,China,1995,kilograms,0,0,0,0,0,0,0,0,0,178,0,0
1995,First Unit of Quantity,8106000000,China,1995,kilograms,"8,964",0,"11,531",2,"4,377","15,902",0,"5,000",0,0,0,"36,793"
1995,First Unit of Quantity,8107100000,China,1995,kilograms,0,0,0,0,0,0,0,"28,500",0,0,0,0
1995,First Unit of Quantity,8107900000,China,1995,kilograms,0,0,0,0,0,0,11,0,20,0,0,0
1995,First Unit of Quantity,8108101000,China,1995,kilograms,0,"5,063","7,020","7,660",0,"67,349","46,000",0,"78,364","5,000","13,420",0
1995,First Unit of Quantity,8108105010,China,1995,kilograms,0,"85,000","1,000","69,000","51,000","18,700",0,"67,000","51,000","19,000","62,000","53,800"
1995,First Unit of Quantity,8108105015,China,1995,kilograms,820,"1,500","24,793","21,965","9,852",0,"3,725","4,060","13,300","14,840",0,0
1995,First Unit of Quantity,8108105030,China,1995,kilograms,0,0,0,0,0,0,0,0,0,0,0,"32,759"
1995,First Unit of Quantity,8108105090,China,1995,kilograms,0,0,0,0,0,0,0,0,0,500,0,0
1995,First Unit of Quantity,8108903060,China,1995,kilograms,0,0,0,0,0,0,0,"7,313",0,0,0,0
1995,First Unit of Quantity,8109900000,China,1995,kilograms,0,0,0,0,"2,009",0,0,0,0,"1,969",0,0
1995,First Unit of Quantity,8110000000,China,1995,kilograms,"1,771,299","1,203,308","846,826","1,005,740","830,320","754,884","996,016","1,171,180","753,636","714,791","1,601,293","487,600"
1995,First Unit of Quantity,8111004500,China,1995,kilograms,"543,180","95,482","97,200",0,"214,000","36,360",0,0,0,"40,000","57,375",0
1995,First Unit of Quantity,8111006000,China,1995,kilograms,0,0,0,0,0,0,0,"20,000",0,0,0,0
1995,First Unit of Quantity,8112203000,China,1995,kilograms,"15,300","71,000",0,0,0,0,0,0,0,0,0,0
1995,First Unit of Quantity,8112206000,China,1995,kilograms,"125,564","122,200","190,000","382,050","216,825","88,546","73,050","162,200","54,400","191,500","102,500","157,720"
1995,First Unit of Quantity,8112306000,China,1995,kilograms,0,737,0,0,257,231,441,0,0,204,101,380
1995,First Unit of Quantity,8112309000,China,1995,kilograms,0,0,50,22,0,0,0,0,0,0,0,0
1995,First Unit of Quantity,8112913000,China,1995,kilograms,0,264,"2,383","2,593","1,337",537,186,"1,667","1,624","1,872","1,678",407
1995,First Unit of Quantity,8112990000,China,1995,kilograms,0,0,20,0,0,0,0,0,0,0,0,0
1995,First Unit of Quantity,8201100000,China,1995,no units collected,0,0,0,0,0,0,0,0,0,0,0,0
1995,First Unit of Quantity,8201200000,China,1995,no units collected,0,0,0,0,0,0,0,0,0,0,0,0
1995,First Unit of Quantity,8201300000,China,1995,no units collected,0,0,0,0,0,0,0,0,0,0,0,0
1995,First Unit of Quantity,8201403000,China,1995,no units collected,0,0,0,0,0,0,0,0,0,0,0,0
1995,First Unit of Quantity,8201406000,China,1995,no units collected,0,0,0,0,0,0,0,0,0,0,0,0
1995,First Unit of Quantity,8201500000,China,1995,number,"57,710","75,171","38,064","23,273","62,700","7,760","5,000","98,853","108,812","32,000","68,776","102,000"
1995,First Unit of Quantity,8201600000,China,1995,number,"81,842","105,760","271,231","112,481","122,168","85,966","134,844","23,064","34,682","51,956","42,400","57,644"
1995,First Unit of Quantity,8201903000,China,1995,number,"30,000",0,0,"28,620","6,700",0,"10,008",850,0,0,"32,160","20,544"
1995,First Unit of Quantity,8201906000,China,1995,no units collected,0,0,0,0,0,0,0,0,0,0,0,0
1995,First Unit of Quantity,8202100000,China,1995,number,"143,336","161,712","148,486","276,684","248,553","177,444","246,387","273,304","237,880","144,272","185,020","192,452"
1995,First Unit of Quantity,8202200030,China,1995,number,0,"9,600",0,"7,200",0,300,0,"3,600",0,0,"3,883",0
1995,First Unit of Quantity,8202200060,China,1995,no units collected,0,0,0,0,0,0,0,0,0,0,0,0
1995,First Unit of Quantity,8202310000,China,1995,number,"33,033","46,550",0,"68,845","99,112","25,000","39,940",600,"4,497","79,250","46,400","22,880"
1995,First Unit of Quantity,8202320000,China,1995,number,"330,156","1,030","263,220","184,235","167,342","383,788","7,348","16,664","243,500","150,229","315,429","236,629"
1995,First Unit of Quantity,8202406060,China,1995,no units collected,0,0,0,0,0,0,0,0,0,0,0,0
1995,First Unit of Quantity,8202913000,China,1995,number,"242,436","431,028","386,856","52,608","318,784","148,680","274,696","815,520","391,800","255,256","282,810","106,696"
1995,First Unit of Quantity,8202916000,China,1995,gross,5,"1,849",155,0,0,0,0,32,382,72,0,0
1995,First Unit of Quantity,8202990000,China,1995,number,"24,661","141,508","102,480","33,360","39,916","73,196","75,440","210,517","21,200","63,228","388,712","446,865"
1995,First Unit of Quantity,8203103000,China,1995,dozens,697,"2,995","8,378",25,"1,650",552,"12,341","10,903","3,333","4,500","9,584","13,400"
1995,First Unit of Quantity,8203106000,China,1995,dozens,"1,622","9,992","3,253","10,406","34,506","15,407","44,336","17,368","28,148","14,533","33,192","10,180"
1995,First Unit of Quantity,8203109000,China,1995,dozens,"7,121","17,062","15,091","14,062","21,417","13,151","14,156","26,646","22,738","8,114","25,608","13,000"
1995,First Unit of Quantity,8203202000,China,1995,number,0,"57,600","22,800","120,230","107,200","190,712","76,720","203,702","214,064","407,408","32,600","204,500"
1995,First Unit of Quantity,8203204000,China,1995,dozens,"39,967","48,791","36,205","33,335","30,678","33,663","37,876","27,747","30,417","36,807","33,198","40,699"
1995,First Unit of Quantity,8203206030,China,1995,dozens,"135,536","113,333","61,968","162,139","126,342","95,714","140,773","107,375","139,964","156,530","96,594","149,818"
1995,First Unit of Quantity,8203206060,China,1995,dozens,"15,054","7,111","8,977","2,492","6,972","12,151","15,216","11,325","8,393","12,948","13,668","10,974"
1995,First Unit of Quantity,8203300000,China,1995,number,"32,365","25,612","54,865","41,590","43,429","36,348","95,265","42,600","34,394","96,940","102,220","83,058"
1995,First Unit of Quantity,8203403000,China,1995,no units collected,0,0,0,0,0,0,0,0,0,0,0,0
1995,First Unit of Quantity,8203406000,China,1995,no units collected,0,0,0,0,0,0,0,0,0,0,0,0
1995,First Unit of Quantity,8204110030,China,1995,number,"1,093,152","517,639","805,561","725,386","893,337","694,647","607,642","241,639","1,313,530","397,869","955,897","816,938"
1995,First Unit of Quantity,8204110060,China,1995,no units collected,0,0,0,0,0,0,0,0,0,0,0,0
1995,First Unit of Quantity,8204120000,China,1995,number,"697,375","502,127","492,516","855,966","614,857","492,115","815,215","1,257,236","427,916","618,758","620,568","655,121"
1995,First Unit of Quantity,8204200000,China,1995,no units collected,0,0,0,0,0,0,0,0,0,0,0,0
1995,First Unit of Quantity,8205100000,China,1995,no units collected,0,0,0,0,0,0,0,0,0,0,0,0
1995,First Unit of Quantity,8205203000,China,1995,dozens,"58,385","59,278","56,940","40,201","90,060","43,012","55,885","60,746","74,114","54,188","47,450","41,926"
1995,First Unit of Quantity,8205206000,China,1995,dozens,"5,109","1,008","2,098","3,172","4,028","10,281","6,934","5,137",42,"4,125","2,847",682
1995,First Unit of Quantity,8205303000,China,1995,no units collected,0,0,0,0,0,0,0,0,0,0,0,0
1995,First Unit of Quantity,8205306000,China,1995,no units collected,0,0,0,0,0,0,0,0,0,0,0,0
1995,First Unit of Quantity,8205400000,China,1995,no units collected,0,0,0,0,0,0,0,0,0,0,0,0
1995,First Unit of Quantity,8205511500,China,1995,number,0,0,0,0,"2,592",0,0,"7,056","27,343",0,"12,000",58
1995,First Unit of Quantity,8205513030,China,1995,number,"4,923,369","4,282,596","2,552,311","3,297,228","3,416,069","3,774,948","3,577,765","4,290,636","3,996,236","4,059,147","3,722,278","3,073,766"
1995,First Unit of Quantity,8205513060,China,1995,no units collected,0,0,0,0,0,0,0,0,0,0,0,0
1995,First Unit of Quantity,8205514500,China,1995,no units collected,0,0,0,0,0,0,0,0,0,0,0,0
1995,First Unit of Quantity,8205516000,China,1995,kilograms,"9,039",4,0,"2,497","14,935","9,848","4,962","3,123","16,685","11,307","10,843","5,451"
1995,First Unit of Quantity,8205517500,China,1995,no units collected,0,0,0,0,0,0,0,0,0,0,0,0
1995,First Unit of Quantity,8205591000,China,1995,no units collected,0,0,0,0,0,0,0,0,0,0,0,0
1995,First Unit of Quantity,8205592000,China,1995,no units collected,0,0,0,0,0,0,0,0,0,0,0,0
1995,First Unit of Quantity,8205593000,China,1995,kilograms,"134,352","66,211","132,397","151,642","141,785","138,367","216,833","194,548","125,112","88,801","100,816","201,251"
1995,First Unit of Quantity,8205594000,China,1995,no units collected,0,0,0,0,0,0,0,0,0,0,0,0
1995,First Unit of Quantity,8205594500,China,1995,no units collected,0,0,0,0,0,0,0,0,0,0,0,0
1995,First Unit of Quantity,8205595505,China,1995,number,"395,480",0,"206,721","86,000",0,"17,200","13,300","182,880","10,000","1,400","20,080","71,280"
1995,First Unit of Quantity,8205595510,China,1995,number,"224,705","331,692","407,004","215,775","227,588","249,172","73,098","214,130","159,782","71,598","159,308","400,486"
1995,First Unit of Quantity,8205595560,China,1995,no units collected,0,0,0,0,0,0,0,0,0,0,0,0
1995,First Unit of Quantity,8205596000,China,1995,no units collected,0,0,0,0,0,0,0,0,0,0,0,0
1995,First Unit of Quantity,8205597000,China,1995,kilograms,599,0,0,0,0,0,0,0,0,0,0,0
1995,First Unit of Quantity,8205598000,China,1995,no units collected,0,0,0,0,0,0,0,0,0,0,0,0
1995,First Unit of Quantity,8205600000,China,1995,no units collected,0,0,0,0,0,0,0,0,0,0,0,0
1995,First Unit of Quantity,8205700030,China,1995,number,"490,747",500,"3,326",188,200,0,650,200,"2,520",750,0,"1,075"
1995,First Unit of Quantity,8205700060,China,1995,number,"260,726","104,459","844,468","454,137","1,748,661","542,539","422,061","268,113","216,143","611,758","346,779","225,153"
1995,First Unit of Quantity,8205700090,China,1995,number,"781,578","602,912","620,334","845,186","1,121,408","996,553","1,317,016","1,426,348","1,428,739","1,029,576","1,417,368","1,159,875"
1995,First Unit of Quantity,8205800000,China,1995,number,"1,092",550,"41,562",700,"2,402",410,"3,150","5,816","2,800","3,529","53,220","1,544"
1995,First Unit of Quantity,8205900000,China,1995,pieces,0,0,"5,176","13,260","3,040","38,573","29,263","12,854","1,159,163","41,908","20,740","10,320"
1995,First Unit of Quantity,8206000000,China,1995,pieces,"12,092","51,364","23,275","224,158","516,452","19,812","333,789","1,773,862","2,131,447","6,392,413","798,118","373,217"
1995,First Unit of Quantity,8207110000,China,1995,no units collected,0,0,0,0,0,0,0,0,0,0,0,0
1995,First Unit of Quantity,8207123030,China,1995,number,0,0,0,0,"11,998",0,0,0,0,"11,475",0,0
1995,First Unit of Quantity,8207123060,China,1995,number,"1,317",7,"2,014",4,722,0,0,0,1,0,0,0
1995,First Unit of Quantity,8207123090,China,1995,no units collected,0,0,0,0,0,0,0,0,0,0,0,0
1995,First Unit of Quantity,8207126060,China,1995,number,0,0,0,0,900,0,0,0,1,0,0,1
1995,First Unit of Quantity,8207126090,China,1995,no units collected,0,0,0,0,0,0,0,0,0,0,0,0
1995,First Unit of Quantity,8207200030,China,1995,number,0,0,0,0,0,0,199,0,0,0,0,80
1995,First Unit of Quantity,8207200060,China,1995,no units collected,0,0,0,0,0,0,0,0,0,0,0,0
1995,First Unit of Quantity,8207303000,China,1995,no units collected,0,0,0,0,0,0,0,0,0,0,0,0
1995,First Unit of Quantity,8207306030,China,1995,no units collected,0,0,0,0,0,0,0,0,0,0,0,0
1995,First Unit of Quantity,8207306060,China,1995,no units collected,0,0,0,0,0,0,0,0,0,0,0,0
1995,First Unit of Quantity,8207306075,China,1995,number,"25,680",0,0,0,"36,000",0,"34,200",0,"24,000",0,0,0
1995,First Unit of Quantity,8207306090,China,1995,no units collected,0,0,0,0,0,0,0,0,0,0,0,0
1995,First Unit of Quantity,8207403000,China,1995,no units collected,0,0,0,0,0,0,0,0,0,0,0,0
1995,First Unit of Quantity,8207406000,China,1995,no units collected,0,0,0,0,0,0,0,0,0,0,0,0
1995,First Unit of Quantity,8207502030,China,1995,no units collected,0,0,0,0,0,0,0,0,0,0,0,0
1995,First Unit of Quantity,8207502045,China,1995,number,"7,700","10,900","282,675","10,960",520,"12,020","1,400","16,928","8,000","2,970","161,460","2,213"
1995,First Unit of Quantity,8207502055,China,1995,number,"303,143","141,123","830,033","257,021","666,060","149,452","1,720,885","277,216","498,882","380,688","502,503","1,119,731"
1995,First Unit of Quantity,8207502070,China,1995,number,"246,600","29,550","3,100","3,972","35,950","1,250","446,284",0,"112,780","2,300","139,012","39,600"
1995,First Unit of Quantity,8207502080,China,1995,number,"680,576","1,256,347","293,802","459,057","65,972","579,268","305,790","367,687","967,732","112,690","607,136","508,185"
1995,First Unit of Quantity,8207504030,China,1995,number,"580,963","263,784","467,743","52,474","1,022,035","146,600","254,795","209,408","258,355","1,218,700","1,476,613","592,788"
1995,First Unit of Quantity,8207504060,China,1995,no units collected,0,0,0,0,0,0,0,0,0,0,0,0
1995,First Unit of Quantity,8207506000,China,1995,no units collected,0,0,0,0,0,0,0,0,0,0,0,0
1995,First Unit of Quantity,8207508000,China,1995,no units collected,0,0,0,0,0,0,0,0,0,0,0,0
1995,First Unit of Quantity,8207600030,China,1995,number,0,"1,364",0,0,0,0,0,0,0,0,0,21
1995,First Unit of Quantity,8207600060,China,1995,number,"22,160","19,872","51,541","24,225","237,854",0,"6,600","28,054","1,157",300,"40,000",651
1995,First Unit of Quantity,8207703030,China,1995,number,"6,144","1,865","11,134",920,"14,741","9,338","14,109","5,800","2,370","11,339","5,187","20,059"
1995,First Unit of Quantity,8207703060,China,1995,number,"9,902","2,449","1,200",204,"1,506","1,346",60,"2,160","2,259",0,0,"6,936"
1995,First Unit of Quantity,8207706030,China,1995,number,"7,000","24,936","3,690","4,007",250,"4,061","72,640","3,760","17,886",665,"1,258","2,016"
1995,First Unit of Quantity,8207706060,China,1995,number,0,22,0,0,35,570,38,0,0,0,"8,760",0
1995,First Unit of Quantity,8207803000,China,1995,no units collected,0,0,0,0,0,0,0,0,0,0,0,0
1995,First Unit of Quantity,8207806000,China,1995,no units collected,0,0,0,0,0,0,0,0,0,0,0,0
1995,First Unit of Quantity,8207901500,China,1995,dozens,"5,338","2,688","9,978","2,451","30,248",0,"4,108","4,841","7,772",901,"2,959","1,425"
1995,First Unit of Quantity,8207903030,China,1995,no units collected,0,0,0,0,0,0,0,0,0,0,0,0
1995,First Unit of Quantity,8207903060,China,1995,no units collected,0,0,0,0,0,0,0,0,0,0,0,0
1995,First Unit of Quantity,8207903070,China,1995,no units collected,0,0,0,0,0,0,0,0,0,0,0,0
1995,First Unit of Quantity,8207903080,China,1995,no units collected,0,0,0,0,0,0,0,0,0,0,0,0
1995,First Unit of Quantity,8207903085,China,1995,no units collected,0,0,0,0,0,0,0,0,0,0,0,0
1995,First Unit of Quantity,8207904500,China,1995,no units collected,0,0,0,0,0,0,0,0,0,0,0,0
1995,First Unit of Quantity,8207906000,China,1995,no units collected,0,0,0,0,0,0,0,0,0,0,0,0
1995,First Unit of Quantity,8207907530,China,1995,no units collected,0,0,0,0,0,0,0,0,0,0,0,0
1995,First Unit of Quantity,8207907545,China,1995,no units collected,0,0,0,0,0,0,0,0,0,0,0,0
1995,First Unit of Quantity,8207907585,China,1995,no units collected,0,0,0,0,0,0,0,0,0,0,0,0
1995,First Unit of Quantity,8208100030,China,1995,number,0,"3,695",0,0,0,"1,025",0,"10,000",0,0,825,"20,000"
1995,First Unit of Quantity,8208100060,China,1995,number,730,"10,114",0,"16,100","11,048",0,"4,975",690,"24,280",249,"2,000","1,616"
1995,First Unit of Quantity,8208200060,China,1995,number,0,0,0,0,0,0,"1,086",0,0,0,0,0
1995,First Unit of Quantity,8208200090,China,1995,number,"27,727","8,878","3,393","5,083","10,355","41,186","3,950",500,0,"5,742","1,550",0
1995,First Unit of Quantity,8208300030,China,1995,number,0,0,0,0,0,0,"17,004","5,004","18,008",0,0,"8,500"
1995,First Unit of Quantity,8208300060,China,1995,number,"28,800","18,000","14,400","28,800","11,788","3,024","44,640","8,640","33,980","62,884","136,977","93,815"
1995,First Unit of Quantity,8208406000,China,1995,number,200,0,0,0,"9,000","6,000",0,340,440,"1,800",240,0
1995,First Unit of Quantity,8208906000,China,1995,number,"251,270","307,322","111,169","122,018","142,755","199,775","310,299","34,560","531,005","20,000","126,808","73,495"
1995,First Unit of Quantity,8209000030,China,1995,kilograms,"3,540","5,906","2,866",0,"2,202","2,884","2,351","8,576",596,0,"5,154","2,596"
1995,First Unit of Quantity,8210000000,China,1995,number,"517,990","421,212","309,814","811,957","624,672","560,312","934,895","651,982","673,960","589,951","625,860","754,180"
1995,First Unit of Quantity,8211100000,China,1995,pieces,"86,400","108,592","1,041,820","466,288","2,308,078","555,462","2,951,150","1,853,656","1,593,577","4,394,808","1,026,392","2,113,791"
1995,First Unit of Quantity,8211911000,China,1995,number,"3,888","1,776","1,524","3,600",768,"2,400","71,808",0,"10,320","5,280","2,224",0
1995,First Unit of Quantity,8211912000,China,1995,pieces,0,0,"28,800",0,0,0,0,"21,000",0,"101,644",0,0
1995,First Unit of Quantity,8211912500,China,1995,pieces,0,"2,304",0,"14,200",0,0,"53,082",0,"68,144","18,216","12,000",0
1995,First Unit of Quantity,8211913000,China,1995,pieces,"576,780","543,392","1,089,776","264,720","1,135,176","1,483,464","1,271,098","1,041,216","2,429,832","1,672,938","1,897,800","2,341,332"
1995,First Unit of Quantity,8211914000,China,1995,pieces,"1,945,464","1,081,104","1,391,112","1,466,386","1,682,364","1,821,292","1,715,472","1,248,960","1,046,928","2,134,094","2,416,664","903,552"
1995,First Unit of Quantity,8211915030,China,1995,number,"273,988","318,420","569,547","940,057","783,186","337,750","1,420,420","1,111,458","872,262","2,198,972","1,830,830","1,241,560"
1995,First Unit of Quantity,8211915060,China,1995,number,"1,236,317","492,619","837,141","584,212","1,235,971","1,246,096","1,641,354","1,070,804","2,317,900","1,444,528","910,578","494,496"
1995,First Unit of Quantity,8211916030,China,1995,number,"364,193","746,304","331,980","315,396","799,720","659,236","859,696","947,280","1,682,872","1,147,092","904,484","1,180,164"
1995,First Unit of Quantity,8211916060,China,1995,number,"253,456","97,088","224,547","129,312","161,796","149,264","381,144","17,332","241,634","32,900","113,760","13,392"
1995,First Unit of Quantity,8211922000,China,1995,number,"2,925,720","2,504,608","2,686,994","1,219,093","2,026,335","1,729,585","1,502,238","1,857,455","1,868,894","1,762,151","3,073,571","3,437,842"
1995,First Unit of Quantity,8211924050,China,1995,number,"15,460","70,392",0,"77,740","60,000","1,800","46,800","20,832","7,241","16,620","5,226",0
1995,First Unit of Quantity,8211924060,China,1995,number,"28,784","175,908","76,236","105,476","282,328","127,264","258,136","625,049","178,784","217,542","364,208","103,854"
1995,First Unit of Quantity,8211926000,China,1995,number,"13,440","8,400","5,280","24,792","29,136",0,"15,104","29,088","21,000",0,"17,520","2,400"
1995,First Unit of Quantity,8211928030,China,1995,number,"755,092","928,850","695,496","586,809","880,100","768,582","549,577","1,165,032","1,283,150","1,491,255","1,355,394","704,825"
1995,First Unit of Quantity,8211928045,China,1995,number,"4,656","22,272","4,100",0,0,"2,560","5,040","2,400","22,224","30,720","7,221","43,404"
1995,First Unit of Quantity,8211928060,China,1995,number,"148,492","51,624","12,151","281,680","280,172","409,602","85,828","208,208","111,120","417,196","6,960","102,970"
1995,First Unit of Quantity,8211930030,China,1995,number,"2,654,898","2,130,084","1,218,013","2,515,913","2,195,750","1,980,791","2,399,436","1,818,718","1,530,101","3,814,492","2,365,339","2,209,358"
1995,First Unit of Quantity,8211930060,China,1995,number,"807,108","1,670,324","465,392","1,229,226","1,204,417","1,178,407","819,164","1,496,600","1,018,384","1,206,304","1,353,372","1,148,341"
1995,First Unit of Quantity,8211941000,China,1995,number,"38,400",0,"20,160","87,000",0,0,0,"5,000","91,200","228,360","43,072","21,135"
1995,First Unit of Quantity,8211945000,China,1995,number,"57,387","23,100","44,400","133,360","24,400","68,790","126,440","107,936","76,716","97,200","35,400","36,424"
1995,First Unit of Quantity,8212100000,China,1995,number,"38,000","11,600","516,480","648,960","1,025,752","566,256","610,752","1,090,968","855,144","915,800","1,074,112","742,848"
1995,First Unit of Quantity,8212200005,China,1995,number,0,0,0,"4,000",0,0,0,0,0,"93,600","132,320",0
1995,First Unit of Quantity,8212200010,China,1995,number,"127,200","12,000","104,720","50,526","287,120","14,400","27,500","101,960","156,064","50,496","124,992","33,360"
1995,First Unit of Quantity,8212900000,China,1995,no units collected,0,0,0,0,0,0,0,0,0,0,0,0
1995,First Unit of Quantity,8213003000,China,1995,number,"1,224,275","716,102","663,640","749,304","1,164,788","2,093,452","1,162,244","1,710,960","819,216","632,504","1,215,870","1,251,288"
1995,First Unit of Quantity,8213006000,China,1995,number,0,0,0,0,0,0,0,75,0,0,0,0
1995,First Unit of Quantity,8213009000,China,1995,number,"2,739,005","1,686,797","1,351,200","2,418,640","2,601,494","2,000,554","2,481,445","2,698,849","1,747,810","2,017,048","1,337,130","2,074,511"
1995,First Unit of Quantity,8214100000,China,1995,number,"2,431,816","2,711,748","1,300,096","3,510,166","4,662,398","3,296,263","3,106,403","3,335,187","1,507,050","1,941,456","1,583,390","1,161,431"
1995,First Unit of Quantity,8214203000,China,1995,no units collected,0,0,0,0,0,0,0,0,0,0,0,0
1995,First Unit of Quantity,8214206000,China,1995,no units collected,0,0,0,0,0,0,0,0,0,0,0,0
1995,First Unit of Quantity,8214209000,China,1995,no units collected,0,0,0,0,0,0,0,0,0,0,0,0
1995,First Unit of Quantity,8214903000,China,1995,number,"1,400",0,756,0,"8,804","51,912","3,592","101,064","3,400",864,"2,300",0
1995,First Unit of Quantity,8214906000,China,1995,number,"2,000",0,0,0,0,0,"2,434",0,0,0,"2,648",0
1995,First Unit of Quantity,8214909000,China,1995,number,"356,300","179,310","128,888","48,888","80,664","97,840","101,024","230,440","244,350","317,332","117,298","43,368"
1995,First Unit of Quantity,8215100000,China,1995,pieces,"967,328","222,264","360,220","303,300","831,382","102,318","138,796","290,162","337,461","468,218","588,068","426,996"
1995,First Unit of Quantity,8215200000,China,1995,pieces,"1,254,234","1,507,508","1,775,484","2,288,184","3,166,863","4,446,352","2,506,420","2,066,976","1,007,516","1,539,369","1,500,288","1,215,744"
1995,First Unit of Quantity,8215913000,China,1995,number,"32,112","13,086","2,650","46,368","8,304","10,056","50,808","17,128","19,268","43,736","1,440","49,212"
1995,First Unit of Quantity,8215916000,China,1995,number,"87,332","115,488","127,942","123,004","257,245","41,429","43,548","72,052","82,996","250,452","66,860","118,344"
1995,First Unit of Quantity,8215919000,China,1995,no units collected,0,0,0,0,0,0,0,0,0,0,0,0
1995,First Unit of Quantity,8215990100,China,1995,pieces,0,"16,032",0,0,"12,000",0,0,0,0,"28,200","111,744",0
1995,First Unit of Quantity,8215990500,China,1995,pieces,"48,384","36,768","9,936","55,200",0,"1,800","2,016","60,144","21,720","135,984","46,908","181,120"
1995,First Unit of Quantity,8215991000,China,1995,pieces,"4,151,304","2,712,440","3,218,072","2,266,784","3,245,752","3,943,108","4,226,030","5,407,548","3,535,656","5,668,636","4,908,048","2,198,544"
1995,First Unit of Quantity,8215991500,China,1995,pieces,"344,052","593,920","364,560","247,691","525,168","625,404","242,388","242,196","211,056","593,878","544,564","299,197"
1995,First Unit of Quantity,8215992000,China,1995,number,"1,119,113","1,220,244","1,762,332","1,946,828","690,350","517,520","304,323","592,904","1,115,400","715,184","642,141","357,092"
1995,First Unit of Quantity,8215992400,China,1995,number,"265,248","121,692","234,738","122,862","72,126","23,928","108,560","28,800","41,712","25,200","17,749","28,504"
1995,First Unit of Quantity,8215992600,China,1995,number,"389,920","157,892","192,406","164,724","166,824","205,680","37,152","159,462","131,520","94,656","93,252","123,084"
1995,First Unit of Quantity,8215993000,China,1995,pieces,"5,219,484","4,170,253","4,685,612","2,728,976","4,424,816","4,620,160","5,632,948","6,850,164","6,419,196","8,181,496","6,667,208","4,393,704"
1995,First Unit of Quantity,8215993500,China,1995,pieces,"962,078","591,377","871,028","750,042","927,865","931,164","710,377","1,133,398","661,791","1,160,994","959,456","1,007,628"
1995,First Unit of Quantity,8215994030,China,1995,number,"641,032","267,326","192,516","691,168","431,436","480,316","273,552","362,656","221,208","235,316","602,454","122,596"
1995,First Unit of Quantity,8215994060,China,1995,number,"522,978","602,702","118,500","922,952","761,592","750,091","1,165,488","732,240","389,064","1,863,600","495,192","487,008"
1995,First Unit of Quantity,8215994500,China,1995,number,"104,302","43,776","33,384","66,312","78,830","166,844","245,293","253,642","449,212","382,020","199,999","316,754"
1995,First Unit of Quantity,8215995000,China,1995,no units collected,0,0,0,0,0,0,0,0,0,0,0,0
1995,First Unit of Quantity,8301102000,China,1995,dozens,"56,777","79,136","58,888","40,691","42,193","50,330","132,756","59,954","34,748","67,983","83,790","78,915"
1995,First Unit of Quantity,8301104000,China,1995,dozens,"55,695","44,656","47,619","40,155","77,775","41,721","38,859","27,451","26,782","41,432","27,535","23,245"
1995,First Unit of Quantity,8301105000,China,1995,dozens,0,"3,495","17,819","2,053","3,500","15,559","15,976","26,495",200,88,"4,687",942
1995,First Unit of Quantity,8301106000,China,1995,dozens,"56,682","27,343","34,282","42,457","70,084","61,094","63,628","70,941","62,762","124,901","87,312","91,782"
1995,First Unit of Quantity,8301108000,China,1995,dozens,"62,983","44,541","51,908","49,925","88,999","80,731","117,084","85,280","59,691","113,551","55,337","126,437"
1995,First Unit of Quantity,8301109000,China,1995,dozens,"2,700","4,132","1,474","6,997","7,193","3,602","4,515","4,636","2,095","6,849","6,898","16,149"
1995,First Unit of Quantity,8301200000,China,1995,kilograms,"196,641","92,064","144,184","303,779","622,878","118,381","184,992","96,399","357,542","338,218","255,762","235,587"
1995,First Unit of Quantity,8301300060,China,1995,kilograms,"22,062","30,470","15,833","38,292","56,288","45,999","100,431","33,961","37,568","24,564","49,153","16,117"
1995,First Unit of Quantity,8301300090,China,1995,kilograms,"22,333","3,676",836,"17,403","4,011","14,181","4,296","1,339","5,887","15,532","3,611","8,401"
1995,First Unit of Quantity,8301403000,China,1995,dozens,"4,897","4,284","4,599","2,592","9,078","9,683","7,056","10,447","4,860","12,787","6,786","3,718"
1995,First Unit of Quantity,8301406030,China,1995,kilograms,"610,652","380,680","359,585","289,073","399,310","435,598","543,791","536,597","579,961","438,410","587,073","447,962"
1995,First Unit of Quantity,8301406060,China,1995,kilograms,"124,818","83,068","57,724","165,997","254,777","192,311","159,193","124,511","149,535","141,564","88,309","135,718"
1995,First Unit of Quantity,8301500000,China,1995,kilograms,478,0,0,0,0,0,465,0,0,0,0,0
1995,First Unit of Quantity,8301600000,China,1995,kilograms,"23,862","15,501","34,663","31,935","54,277","39,207","32,189","39,553","46,157","36,364","42,711","79,556"
1995,First Unit of Quantity,8301700000,China,1995,kilograms,"4,042","2,843",65,"3,296","2,767",480,"6,842","4,599",464,400,56,"1,252"
1995,First Unit of Quantity,8302103000,China,1995,kilograms,"125,202","92,153","61,181","147,655","78,939","37,553","125,207","80,559","38,918","38,749","36,466","63,932"
1995,First Unit of Quantity,8302106030,China,1995,kilograms,"259,545","151,842","104,065","143,098","256,375","132,058","182,489","265,686","185,445","210,086","187,484","193,552"
1995,First Unit of Quantity,8302106060,China,1995,kilograms,"116,509","93,777","109,884","171,170","141,898","168,952","76,303","145,348","199,030","115,083","167,115","165,817"
1995,First Unit of Quantity,8302106090,China,1995,kilograms,"778,884","444,705","323,918","282,713","367,152","225,291","281,305","161,094","251,861","205,270","327,404","443,618"
1995,First Unit of Quantity,8302109030,China,1995,kilograms,"7,971","6,502","19,913","43,772","31,704","7,437","142,990","19,891","10,447","26,768","22,302","29,430"
1995,First Unit of Quantity,8302109060,China,1995,kilograms,"26,153","14,277","7,582","5,442","47,800","1,300","2,649","3,423","34,109","9,842","20,679","19,670"
1995,First Unit of Quantity,8302109090,China,1995,kilograms,"65,498","65,189","162,676","55,926","131,885","57,164","199,884","50,499","71,640","59,049","104,620","26,253"
1995,First Unit of Quantity,8302200000,China,1995,kilograms,"297,686","340,933","270,776","299,063","320,241","266,611","325,293","396,947","261,179","424,914","335,066","432,709"
1995,First Unit of Quantity,8302303060,China,1995,kilograms,"126,575","140,445","32,741","130,421","82,954","51,282","31,235","89,411","223,848","105,024","98,387","122,215"
1995,First Unit of Quantity,8302306000,China,1995,kilograms,"2,046",657,0,325,"1,205",563,0,"19,464",0,0,72,0
1995,First Unit of Quantity,8302413000,China,1995,kilograms,"22,575","9,006","2,972","12,920","7,795","4,991","21,365","35,346","25,882","24,977","30,800","37,537"
1995,First Unit of Quantity,8302416015,China,1995,kilograms,"37,820","23,486","40,188","30,747","81,134","22,239","44,057","38,454","21,096","31,620","18,024","40,063"
1995,First Unit of Quantity,8302416045,China,1995,kilograms,"39,705","25,337","26,037","10,367","28,511","34,412","27,741","9,836","8,601","51,674","46,837","48,876"
1995,First Unit of Quantity,8302416080,China,1995,kilograms,"105,167","93,834","101,767","80,510","109,628","116,668","100,631","174,238","134,608","207,498","135,712","174,671"
1995,First Unit of Quantity,8302419015,China,1995,kilograms,"21,048","12,543","8,692","14,540","17,381","11,239","15,020","8,027","14,424","9,877","9,151","11,974"
1995,First Unit of Quantity,8302419045,China,1995,kilograms,"7,437","45,196","32,858","1,880","5,148","20,705","9,026","31,357","16,435","9,550","39,779","7,822"
1995,First Unit of Quantity,8302419050,China,1995,kilograms,121,0,0,0,0,450,0,0,0,"1,500","52,185","29,085"
1995,First Unit of Quantity,8302419080,China,1995,kilograms,"78,416","26,816","45,755","16,806","9,010","18,050","17,185","55,915","29,485","17,822","28,232","25,030"
1995,First Unit of Quantity,8302423015,China,1995,kilograms,0,0,0,0,0,0,"82,273","147,030","318,677","261,464","163,508","180,376"
1995,First Unit of Quantity,8302423060,China,1995,kilograms,"362,051","249,591","379,925","383,057","243,389","208,008",0,0,0,0,0,0
1995,First Unit of Quantity,8302423065,China,1995,kilograms,0,0,0,0,0,0,"246,544","170,100","124,574","259,705","221,356","147,309"
1995,First Unit of Quantity,8302426000,China,1995,kilograms,"39,389","75,119","21,502","38,067","101,170","59,359","65,887","44,396","32,952","16,309","52,231","78,981"
1995,First Unit of Quantity,8302492000,China,1995,kilograms,0,0,"6,935",0,0,0,0,0,"8,500",0,0,"5,000"
1995,First Unit of Quantity,8302494000,China,1995,kilograms,"53,641","44,574","64,320","64,144","56,701","125,623","94,038","79,988","71,657","48,406","81,434","40,623"
1995,First Unit of Quantity,8302496055,China,1995,kilograms,"44,153","39,847","46,728","103,044","184,116","169,200","142,452","82,710","96,914","80,423","111,687","76,567"
1995,First Unit of Quantity,8302496085,China,1995,kilograms,"159,623","311,852","207,443","395,796","371,158","289,201","376,763","348,891","226,128","217,797","211,721","158,946"
1995,First Unit of Quantity,8302498040,China,1995,kilograms,"1,012","2,593",0,0,"1,532",290,0,"1,509",0,"2,243",0,"5,137"
1995,First Unit of Quantity,8302498050,China,1995,kilograms,"1,132","1,003",0,"14,270","2,232",0,0,0,"2,598",283,0,0
1995,First Unit of Quantity,8302498090,China,1995,kilograms,"20,804","3,849","4,637","38,768","9,401","172,979","116,189","52,095","22,052","52,095","29,321","18,666"
1995,First Unit of Quantity,8302500000,China,1995,kilograms,"313,473","94,278","173,493","71,262","132,203","169,115","128,469","188,678","297,820","370,980","332,477","177,874"
1995,First Unit of Quantity,8302603000,China,1995,kilograms,0,0,0,0,"4,995","4,857",0,"15,481","4,515",0,"9,486","7,641"
1995,First Unit of Quantity,8302609000,China,1995,kilograms,0,0,0,0,0,0,0,0,0,"7,153",0,"13,256"
1995,First Unit of Quantity,8303000000,China,1995,kilograms,"95,647","76,668","170,262","112,955","31,850","8,028","75,355","73,896","129,425","90,439","137,682","69,368"
1995,First Unit of Quantity,8304000000,China,1995,kilograms,"52,872","92,976","11,122","67,975","25,886","54,385","72,343","33,973","18,798","84,375","68,519","39,454"
1995,First Unit of Quantity,8305100010,China,1995,kilograms,"2,791,718","2,398,317","2,593,829","2,914,732","3,776,294","4,237,990","4,390,572","3,248,816","2,741,199","3,141,655","2,636,134","2,913,299"
1995,First Unit of Quantity,8305100050,China,1995,kilograms,"22,612","2,240","3,505","5,602","3,679","4,500","22,485",0,"11,113","2,200","31,646","8,750"
1995,First Unit of Quantity,8305200000,China,1995,kilograms,"36,998","33,706","37,709","42,290","29,331","51,356","15,591","85,958","86,049","136,500","26,391","18,587"
1995,First Unit of Quantity,8305903010,China,1995,kilograms,"101,995","80,006","1,000","33,290","156,856","57,313","66,540","71,000","69,597","194,642","132,922","81,741"
1995,First Unit of Quantity,8305903050,China,1995,kilograms,"98,838","159,028","77,404","72,858","152,273","183,754","122,772","240,526","147,601","307,446","187,924","251,848"
1995,First Unit of Quantity,8305906000,China,1995,kilograms,"42,326","45,957","43,597","98,780","100,486","119,847","55,074","103,051","25,333","94,635","79,081","80,970"
1995,First Unit of Quantity,8306100000,China,1995,kilograms,"104,891","103,253","75,085","143,713","217,471","80,972","123,540","175,663","106,105","215,581","160,522","95,281"
1995,First Unit of Quantity,8306210000,China,1995,kilograms,"18,152","5,966","6,786","14,618","17,447","5,044","15,832","51,959","39,279","60,047","19,504","16,391"
1995,First Unit of Quantity,8306290000,China,1995,kilograms,"497,919","495,699","308,410","517,142","649,487","677,944","913,150","804,790","793,184","794,758","738,299","952,702"
1995,First Unit of Quantity,8306300000,China,1995,kilograms,"742,493","761,708","364,985","1,044,085","665,637","715,135","851,206","994,946","1,186,370","1,092,763","1,316,232","698,928"
1995,First Unit of Quantity,8307103000,China,1995,kilograms,0,"4,896",0,0,0,0,"5,440",0,0,0,0,0
1995,First Unit of Quantity,8307106000,China,1995,kilograms,0,"3,420",0,"23,660",0,0,"3,870",0,0,0,0,0
1995,First Unit of Quantity,8307906000,China,1995,kilograms,0,0,0,0,0,0,0,0,0,"20,690",0,0
1995,First Unit of Quantity,8308100000,China,1995,kilograms,"39,245","4,593",180,"6,847","2,470",0,0,"1,473","1,368",270,735,0
1995,First Unit of Quantity,8308203000,China,1995,kilograms,0,0,0,0,0,0,0,0,0,"2,234","4,546","6,103"
1995,First Unit of Quantity,8308206000,China,1995,kilograms,0,0,0,0,"13,133","2,948",0,0,0,0,"2,087",296
1995,First Unit of Quantity,8308903000,China,1995,kilograms,753,"2,116","1,680","2,620",512,198,"2,055",532,637,"1,720","1,451","1,473"
1995,First Unit of Quantity,8308906000,China,1995,kilograms,"36,554","34,185","44,662","38,535","49,439","70,027","48,495","58,654","73,551","75,050","76,180","49,588"
1995,First Unit of Quantity,8308909000,China,1995,kilograms,"28,087","58,095","45,849","53,453","73,917","54,186","61,847","88,034","44,807","66,940","57,810","56,792"
1995,First Unit of Quantity,8309100000,China,1995,kilograms,0,0,0,0,79,0,611,174,0,140,0,0
1995,First Unit of Quantity,8309900000,China,1995,kilograms,"5,435","6,467","3,350","2,361","24,893","23,513","6,157","3,645","16,592","18,892","6,242","1,984"
1995,First Unit of Quantity,8310000000,China,1995,kilograms,"19,280","6,796","6,141","10,860","14,290","15,449","13,205","5,842",591,"8,250","7,846","4,631"
1995,First Unit of Quantity,8311100000,China,1995,kilograms,315,450,784,"16,000","2,223","21,187","66,507","23,835","32,910",700,"17,569","17,100"
1995,First Unit of Quantity,8311200000,China,1995,kilograms,"31,040",0,773,"1,261",0,0,0,0,0,0,0,133
1995,First Unit of Quantity,8311303000,China,1995,kilograms,0,0,0,0,0,0,0,0,"1,449",0,320,0
1995,First Unit of Quantity,8311306000,China,1995,kilograms,"41,615","1,127","21,269","25,917","13,043","28,921","23,664","42,362","16,888","45,919",0,"50,472"
1995,First Unit of Quantity,8311900000,China,1995,kilograms,"17,000",987,0,"19,625","6,959",0,40,"9,446","17,059","8,699","17,190","1,608"
1995,First Unit of Quantity,8403900000,China,1995,no units collected,0,0,0,0,0,0,0,0,0,0,0,0
1995,First Unit of Quantity,8404900000,China,1995,no units collected,0,0,0,0,0,0,0,0,0,0,0,0
1995,First Unit of Quantity,8405100000,China,1995,no units collected,0,0,0,0,0,0,0,0,0,0,0,0
1995,First Unit of Quantity,8405900000,China,1995,no units collected,0,0,0,0,0,0,0,0,0,0,0,0
1995,First Unit of Quantity,8407210080,China,1995,number,0,0,0,0,0,0,98,0,0,0,0,0
1995,First Unit of Quantity,8407331060,China,1995,number,0,0,53,0,0,0,0,0,0,0,0,0
1995,First Unit of Quantity,8407344800,China,1995,number,0,0,0,0,1,0,0,0,0,0,0,0
1995,First Unit of Quantity,8407901080,China,1995,number,0,40,128,6,43,0,0,0,30,0,13,0
1995,First Unit of Quantity,8407909010,China,1995,number,0,0,0,100,0,0,0,0,0,459,0,0
1995,First Unit of Quantity,8407909060,China,1995,number,"1,036",900,552,624,804,912,888,312,900,786,560,852
1995,First Unit of Quantity,8408100005,China,1995,number,0,0,0,0,0,0,1,0,0,12,0,22
1995,First Unit of Quantity,8408201040,China,1995,number,4,0,0,0,0,0,0,0,0,0,0,0
1995,First Unit of Quantity,8408202000,China,1995,number,0,0,2,0,0,0,0,0,2,2,0,0
1995,First Unit of Quantity,8408209000,China,1995,number,0,0,0,0,0,0,4,0,0,0,0,0
1995,First Unit of Quantity,8408901040,China,1995,number,0,0,28,0,0,0,0,20,0,0,0,0
1995,First Unit of Quantity,8408909010,China,1995,number,30,60,0,56,0,0,0,61,0,0,0,66
1995,First Unit of Quantity,8409100040,China,1995,kilograms,3,0,0,0,0,0,0,0,0,0,0,0
1995,First Unit of Quantity,8409911080,China,1995,kilograms,"29,800",0,"18,333","54,213","20,085","1,153","12,500","2,620",0,670,"11,451","7,620"
1995,First Unit of Quantity,8409915010,China,1995,number,0,"1,714",0,0,0,0,720,0,0,0,"2,560","9,475"
1995,First Unit of Quantity,8409915080,China,1995,kilograms,"39,152","39,133","22,152","16,537","37,043","36,970","31,164","30,235","16,793","22,980","21,992","29,689"
1995,First Unit of Quantity,8409919290,China,1995,kilograms,0,0,0,0,0,0,51,0,0,0,0,0
1995,First Unit of Quantity,8409919910,China,1995,number,"6,069","6,844","3,584","2,048","13,680","9,616","5,888","4,096","8,704","1,550","2,048",464
1995,First Unit of Quantity,8409919990,China,1995,kilograms,"61,339","58,808","128,791","97,759","55,345","111,021","76,054","169,594","131,767","146,300","99,245","155,560"
1995,First Unit of Quantity,8409991080,China,1995,kilograms,0,0,0,0,0,0,0,0,0,0,"8,000",0
1995,First Unit of Quantity,8409999190,China,1995,kilograms,"29,757","54,076","24,007","54,800","55,378","27,355","58,772","37,098","67,598","39,951","44,551","42,464"
1995,First Unit of Quantity,8409999210,China,1995,number,0,0,0,0,50,0,0,0,0,0,0,0
1995,First Unit of Quantity,8409999290,China,1995,kilograms,0,0,0,205,0,111,345,0,32,0,109,508
1995,First Unit of Quantity,8409999910,China,1995,number,0,0,0,0,0,0,0,0,0,10,0,0
1995,First Unit of Quantity,8409999990,China,1995,kilograms,"54,478","22,465","18,168",63,"27,466","8,300","23,366","16,813","1,464","16,614","2,158","75,112"
1995,First Unit of Quantity,8410900000,China,1995,no units collected,0,0,0,0,0,0,0,0,0,0,0,0
1995,First Unit of Quantity,8411124000,China,1995,number,1,1,0,0,0,0,0,1,0,0,1,0
1995,First Unit of Quantity,8411214000,China,1995,number,0,0,0,0,0,0,0,0,2,0,0,0
1995,First Unit of Quantity,8411224000,China,1995,number,0,0,0,0,0,0,0,1,0,0,0,1
1995,First Unit of Quantity,8411919080,China,1995,no units collected,0,0,0,0,0,0,0,0,0,0,0,0
1995,First Unit of Quantity,8411999060,China,1995,no units collected,0,0,0,0,0,0,0,0,0,0,0,0
1995,First Unit of Quantity,8411999090,China,1995,no units collected,0,0,0,0,0,0,0,0,0,0,0,0
1995,First Unit of Quantity,8412210015,China,1995,number,0,0,0,0,0,14,0,0,0,0,0,0
1995,First Unit of Quantity,8412210030,China,1995,number,0,0,0,0,0,0,0,0,0,0,17,0
1995,First Unit of Quantity,8412210045,China,1995,number,0,0,0,0,0,0,0,28,16,0,200,0
1995,First Unit of Quantity,8412210075,China,1995,number,800,0,0,0,101,0,0,1,0,0,0,1
1995,First Unit of Quantity,8412294000,China,1995,number,0,0,0,0,0,0,0,0,0,"1,285",0,0
1995,First Unit of Quantity,8412298045,China,1995,number,0,0,0,0,1,0,0,0,0,0,0,0
1995,First Unit of Quantity,8412310080,China,1995,number,0,0,0,0,0,664,0,0,0,0,0,0
1995,First Unit of Quantity,8412801000,China,1995,number,"385,750","180,000","387,774","270,500","384,650","2,002","439,000","261,500","597,900","353,000","985,800","413,500"
1995,First Unit of Quantity,8412809000,China,1995,no units collected,0,0,0,0,0,0,0,0,0,0,0,0
1995,First Unit of Quantity,8412901000,China,1995,no units collected,0,0,0,0,0,0,0,0,0,0,0,0
1995,First Unit of Quantity,8412909015,China,1995,no units collected,0,0,0,0,0,0,0,0,0,0,0,0
1995,First Unit of Quantity,8412909035,China,1995,no units collected,0,0,0,0,0,0,0,0,0,0,0,0
1995,First Unit of Quantity,8412909080,China,1995,no units collected,0,0,0,0,0,0,0,0,0,0,0,0
1995,First Unit of Quantity,8413110000,China,1995,number,0,0,0,0,0,85,0,0,0,0,0,0
1995,First Unit of Quantity,8413190000,China,1995,number,0,0,0,0,0,"17,000",0,460,0,0,0,0
1995,First Unit of Quantity,8413200000,China,1995,number,"91,048","23,424","14,360","17,536","13,928","38,600","10,366","32,666","29,079","40,244","62,241","49,894"
1995,First Unit of Quantity,8413309030,China,1995,number,0,0,0,0,0,0,0,0,"2,400",0,0,0
1995,First Unit of Quantity,8413309060,China,1995,number,0,0,0,0,0,0,0,0,0,0,0,42
1995,First Unit of Quantity,8413309090,China,1995,number,"40,310","12,638","33,235","63,099","17,236","45,037","32,920","18,325","28,859","37,237","32,740","40,382"
1995,First Unit of Quantity,8413500050,China,1995,number,0,0,0,0,0,0,0,0,0,0,0,46
1995,First Unit of Quantity,8413500070,China,1995,number,"1,672","1,133",320,450,604,800,300,"1,600",915,585,"2,196",450
1995,First Unit of Quantity,8413500080,China,1995,number,0,0,0,0,0,160,0,0,3,0,0,0
1995,First Unit of Quantity,8413500090,China,1995,number,0,0,0,0,19,0,0,9,0,3,0,0
1995,First Unit of Quantity,8413600020,China,1995,number,0,0,0,0,0,0,352,0,338,80,0,54
1995,First Unit of Quantity,8413600030,China,1995,number,0,0,0,0,0,0,0,0,0,0,30,0
1995,First Unit of Quantity,8413600040,China,1995,number,0,500,"1,800",0,700,"6,200",380,897,"1,500","2,000",575,500
1995,First Unit of Quantity,8413600050,China,1995,number,0,2,0,0,1,0,22,8,0,0,2,0
1995,First Unit of Quantity,8413600090,China,1995,number,0,0,0,800,0,0,0,30,1,9,0,800
1995,First Unit of Quantity,8413702004,China,1995,number,0,0,0,0,0,1,0,5,0,0,0,0
1995,First Unit of Quantity,8413702005,China,1995,number,0,0,0,0,0,0,0,0,0,0,29,0
1995,First Unit of Quantity,8413702090,China,1995,number,564,2,0,"3,000",0,0,0,500,"2,412",200,897,820
1995,First Unit of Quantity,8413810030,China,1995,number,0,0,0,"10,000",0,0,0,0,0,"13,896",0,0
1995,First Unit of Quantity,8413810040,China,1995,number,"535,896","400,317","481,546","316,648","347,698","367,478","586,884","520,666","358,926","542,248","384,393","359,404"
1995,First Unit of Quantity,8413911000,China,1995,no units collected,0,0,0,0,0,0,0,0,0,0,0,0
1995,First Unit of Quantity,8413912000,China,1995,no units collected,0,0,0,0,0,0,0,0,0,0,0,0
1995,First Unit of Quantity,8413919010,China,1995,no units collected,0,0,0,0,0,0,0,0,0,0,0,0
1995,First Unit of Quantity,8413919050,China,1995,no units collected,0,0,0,0,0,0,0,0,0,0,0,0
1995,First Unit of Quantity,8413919070,China,1995,number,0,0,0,0,0,"6,000",0,0,0,0,0,0
1995,First Unit of Quantity,8413919080,China,1995,no units collected,0,0,0,0,0,0,0,0,0,0,0,0
1995,First Unit of Quantity,8413920000,China,1995,no units collected,0,0,0,0,0,0,0,0,0,0,0,0
1995,First Unit of Quantity,8414100000,China,1995,number,"228,680","97,650","302,405","200,982",480,"201,600","261,225","312,480","134,364","2,705","51,552","160,016"
1995,First Unit of Quantity,8414200000,China,1995,number,"284,546","369,152","400,138","553,894","776,398","403,545","344,099","364,810","240,494","659,026","333,699","255,604"
1995,First Unit of Quantity,8414304000,China,1995,number,0,0,0,0,"1,008",0,0,0,0,0,0,0
1995,First Unit of Quantity,8414308030,China,1995,number,0,0,0,0,0,0,0,0,0,32,0,0
1995,First Unit of Quantity,8414308050,China,1995,number,0,0,0,0,0,0,"1,000",0,0,"1,930",0,0
1995,First Unit of Quantity,8414308080,China,1995,number,0,0,0,0,0,2,0,0,0,0,0,0
1995,First Unit of Quantity,8414400000,China,1995,number,500,800,0,300,0,0,300,0,0,0,0,450
1995,First Unit of Quantity,8414510030,China,1995,number,"758,088","696,119","974,677","962,999","1,159,519","1,071,937","740,753","579,723","225,370","164,456","265,099","279,237"
1995,First Unit of Quantity,8414510060,China,1995,number,"29,703","32,959","28,944","40,817","47,387","20,994","6,006","32,734","1,400","25,451","14,018","47,269"
1995,First Unit of Quantity,8414510090,China,1995,number,"1,701,401","2,647,870","2,757,736","2,952,468","2,732,858","1,810,947","645,840","285,894","177,801","216,017","67,917","612,441"
1995,First Unit of Quantity,8414596040,China,1995,number,"96,540","18,816","53,548","59,320","68,780","16,336","6,568","7,872","1,008","6,708","13,312","14,432"
1995,First Unit of Quantity,8414596060,China,1995,number,"50,112","36,928","3,612","20,220","22,680",0,0,0,0,0,0,0
1995,First Unit of Quantity,8414596090,China,1995,number,"38,630","16,040","345,470","146,994","253,966","80,969","67,840","69,130","80,756","148,438","432,165","193,185"
1995,First Unit of Quantity,8414596095,China,1995,number,"410,018","228,710","450,950","521,556","422,936","506,144","548,434","497,141","785,437","463,709","611,267","387,565"
1995,First Unit of Quantity,8414600000,China,1995,number,460,0,0,0,0,0,0,0,0,0,0,0
1995,First Unit of Quantity,8414800500,China,1995,number,0,0,0,0,0,0,0,0,0,28,0,0
1995,First Unit of Quantity,8414801515,China,1995,number,429,432,25,856,570,570,432,576,576,170,286,716
1995,First Unit of Quantity,8414801525,China,1995,number,284,420,192,504,484,420,0,420,420,56,0,0
1995,First Unit of Quantity,8414801540,China,1995,number,32,0,32,0,0,0,0,0,0,0,0,0
1995,First Unit of Quantity,8414801565,China,1995,number,0,0,0,0,0,0,0,0,0,0,11,0
1995,First Unit of Quantity,8414801580,China,1995,number,0,0,0,0,0,0,0,"12,502","12,396",0,112,0
1995,First Unit of Quantity,8414801585,China,1995,number,"57,143","70,743","100,482","150,262","113,198","82,586","59,274","92,192","194,093","214,590","131,893","63,981"
1995,First Unit of Quantity,8414801590,China,1995,number,250,"1,000","47,982","49,957","7,004","3,403","11,782",670,"81,472","27,827","26,856","16,924"
1995,First Unit of Quantity,8414802015,China,1995,number,1,0,4,0,0,0,0,0,0,0,0,0
1995,First Unit of Quantity,8414809000,China,1995,number,"137,436","242,671","102,583","74,070","33,120","11,748","8,208","42,770","47,650","82,586","34,124","13,032"
1995,First Unit of Quantity,8414901040,China,1995,no units collected,0,0,0,0,0,0,0,0,0,0,0,0
1995,First Unit of Quantity,8414901080,China,1995,no units collected,0,0,0,0,0,0,0,0,0,0,0,0
1995,First Unit of Quantity,8414904040,China,1995,no units collected,0,0,0,0,0,0,0,0,0,0,0,0
1995,First Unit of Quantity,8414904065,China,1995,number,0,6,0,0,0,0,0,0,0,0,0,0
1995,First Unit of Quantity,8414904075,China,1995,no units collected,0,0,0,0,0,0,0,0,0,0,0,0
1995,First Unit of Quantity,8414909040,China,1995,no units collected,0,0,0,0,0,0,0,0,0,0,0,0
1995,First Unit of Quantity,8414909080,China,1995,no units collected,0,0,0,0,0,0,0,0,0,0,0,0
1995,First Unit of Quantity,8415100040,China,1995,number,0,0,0,0,398,770,0,0,10,9,0,6
1995,First Unit of Quantity,8415100060,China,1995,number,0,"1,539","11,263","1,200",369,"117,867","32,240",0,9,"102,858",0,0
1995,First Unit of Quantity,8415100080,China,1995,number,0,0,0,0,0,"1,140",30,0,0,0,0,0
1995,First Unit of Quantity,8415810020,China,1995,number,0,0,0,0,0,380,0,0,0,0,0,0
1995,First Unit of Quantity,8415810030,China,1995,number,0,0,0,0,0,0,0,0,0,14,0,0
1995,First Unit of Quantity,8415820005,China,1995,number,0,0,0,0,"5,436",0,0,0,0,0,0,0
1995,First Unit of Quantity,8415820065,China,1995,number,0,0,0,0,0,0,170,0,0,0,0,0
1995,First Unit of Quantity,8415830070,China,1995,number,0,0,0,0,20,0,0,0,0,0,0,0
1995,First Unit of Quantity,8415830090,China,1995,number,0,"3,580","4,979","8,562","3,755","1,300","2,151","4,389",0,195,0,"1,300"
1995,First Unit of Quantity,8415908045,China,1995,no units collected,0,0,0,0,0,0,0,0,0,0,0,0
1995,First Unit of Quantity,8415908085,China,1995,no units collected,0,0,0,0,0,0,0,0,0,0,0,0
1995,First Unit of Quantity,8416200040,China,1995,number,0,0,0,0,600,0,0,0,0,0,0,0
1995,First Unit of Quantity,8416200080,China,1995,number,1,0,0,0,0,0,0,0,0,0,0,0
1995,First Unit of Quantity,8416900000,China,1995,no units collected,0,0,0,0,0,0,0,0,0,0,0,0
1995,First Unit of Quantity,8417100000,China,1995,number,0,0,0,0,0,0,100,0,0,0,0,0
1995,First Unit of Quantity,8417800000,China,1995,number,0,0,0,1,0,0,0,0,0,0,0,0
1995,First Unit of Quantity,8417900000,China,1995,no units collected,0,0,0,0,0,0,0,0,0,0,0,0
1995,First Unit of Quantity,8418100010,China,1995,number,476,0,476,0,0,0,730,12,0,0,60,0
1995,First Unit of Quantity,8418100020,China,1995,number,0,0,0,8,0,0,0,12,0,0,0,0
1995,First Unit of Quantity,8418100040,China,1995,number,0,0,0,0,0,0,0,472,0,0,0,0
1995,First Unit of Quantity,8418210010,China,1995,number,"4,734","5,117","16,840","35,764","31,856","32,098","24,096","31,352","26,624","15,816","14,616","12,944"
1995,First Unit of Quantity,8418210020,China,1995,number,"2,252","2,008","3,200",0,0,0,0,0,236,"1,892",0,472
1995,First Unit of Quantity,8418210030,China,1995,number,"1,059",0,0,0,0,0,0,0,0,0,0,0
1995,First Unit of Quantity,8418210090,China,1995,number,0,0,0,0,0,0,0,0,28,0,0,0
1995,First Unit of Quantity,8418220000,China,1995,number,0,0,0,0,0,0,176,0,0,0,0,0
1995,First Unit of Quantity,8418290000,China,1995,number,476,236,0,0,0,0,810,60,0,0,0,0
1995,First Unit of Quantity,8418300000,China,1995,number,0,0,0,0,0,0,0,0,0,0,24,0
1995,First Unit of Quantity,8418690020,China,1995,number,0,0,0,35,0,0,0,0,52,1,0,0
1995,First Unit of Quantity,8418690090,China,1995,number,236,476,0,0,944,0,0,0,0,0,0,0
1995,First Unit of Quantity,8418690095,China,1995,number,1,0,2,1,699,0,0,0,0,4,3,1
1995,First Unit of Quantity,8418910000,China,1995,no units collected,0,0,0,0,0,0,0,0,0,0,0,0
1995,First Unit of Quantity,8418998050,China,1995,no units collected,0,0,0,0,0,0,0,0,0,0,0,0
1995,First Unit of Quantity,8418998060,China,1995,no units collected,0,0,0,0,0,0,0,0,0,0,0,0
1995,First Unit of Quantity,8419110000,China,1995,number,0,0,0,0,0,0,0,"7,408","2,514","4,546","2,485","3,000"
1995,First Unit of Quantity,8419325000,China,1995,number,0,0,0,0,0,0,0,1,0,0,0,0
1995,First Unit of Quantity,8419390080,China,1995,number,0,0,0,0,0,0,0,0,18,55,0,0
1995,First Unit of Quantity,8419400040,China,1995,number,0,0,0,0,66,0,0,0,21,0,0,0
1995,First Unit of Quantity,8419400080,China,1995,number,0,0,0,25,0,0,0,300,450,0,0,0
1995,First Unit of Quantity,8419501000,China,1995,number,0,0,0,5,0,0,0,0,0,0,5,0
1995,First Unit of Quantity,8419505000,China,1995,number,4,0,0,1,0,0,5,0,0,6,0,0
1995,First Unit of Quantity,8419815080,China,1995,number,0,0,0,"1,000","2,200",0,0,25,960,0,0,0
1995,First Unit of Quantity,8419819040,China,1995,number,0,50,"4,872",0,0,"1,100",1,0,850,0,"1,103",0
1995,First Unit of Quantity,8419819080,China,1995,number,0,0,0,0,0,"8,440","5,880","11,760","11,860",300,0,0
1995,First Unit of Quantity,8419899040,China,1995,number,0,0,0,0,0,0,0,"5,400",0,200,0,0
1995,First Unit of Quantity,8419899060,China,1995,number,0,"1,000","9,194",0,0,0,0,0,0,0,"14,224",0
1995,First Unit of Quantity,8419899085,China,1995,number,0,500,0,601,0,50,0,0,0,0,0,0
1995,First Unit of Quantity,8419901000,China,1995,no units collected,0,0,0,0,0,0,0,0,0,0,0,0
1995,First Unit of Quantity,8419905080,China,1995,no units collected,0,0,0,0,0,0,0,0,0,0,0,0
1995,First Unit of Quantity,8419908020,China,1995,no units collected,0,0,0,0,0,0,0,0,0,0,0,0
1995,First Unit of Quantity,8419908080,China,1995,no units collected,0,0,0,0,0,0,0,0,0,0,0,0
1995,First Unit of Quantity,8420999000,China,1995,no units collected,0,0,0,0,0,0,0,0,0,0,0,0
1995,First Unit of Quantity,8421190000,China,1995,number,0,0,0,0,200,0,0,0,0,0,0,0
1995,First Unit of Quantity,8421210000,China,1995,number,0,"16,573","15,600","37,080","36,317","17,644","24,046","6,355","20,136","28,835","13,950","41,885"
1995,First Unit of Quantity,8421230000,China,1995,no units collected,0,0,0,0,0,0,0,0,0,0,0,0
1995,First Unit of Quantity,8421290065,China,1995,number,"135,540","57,000","11,745","10,080",0,0,"4,400",517,3,550,0,0
1995,First Unit of Quantity,8421310000,China,1995,no units collected,0,0,0,0,0,0,0,0,0,0,0,0
1995,First Unit of Quantity,8421394000,China,1995,number,0,0,0,0,0,0,0,0,0,0,3,0
1995,First Unit of Quantity,8421398005,China,1995,no units collected,0,0,0,0,0,0,0,0,0,0,0,0
1995,First Unit of Quantity,8421398015,China,1995,no units collected,0,0,0,0,0,0,0,0,0,0,0,0
1995,First Unit of Quantity,8421398090,China,1995,no units collected,0,0,0,0,0,0,0,0,0,0,0,0
1995,First Unit of Quantity,8421916000,China,1995,no units collected,0,0,0,0,0,0,0,0,0,0,0,0
1995,First Unit of Quantity,8421990040,China,1995,no units collected,0,0,0,0,0,0,0,0,0,0,0,0
1995,First Unit of Quantity,8421990080,China,1995,no units collected,0,0,0,0,0,0,0,0,0,0,0,0
1995,First Unit of Quantity,8422110000,China,1995,number,0,0,0,0,17,0,0,0,0,0,0,0
1995,First Unit of Quantity,8422309030,China,1995,number,0,0,0,0,0,0,3,0,0,0,0,0
1995,First Unit of Quantity,8422309040,China,1995,number,0,0,0,5,0,2,0,0,0,1,0,0
1995,First Unit of Quantity,8422309070,China,1995,number,4,0,0,0,0,0,0,0,0,0,0,0
1995,First Unit of Quantity,8422309090,China,1995,number,"53,422","88,055","73,239","47,192","24,400","63,781","72,180","69,510","69,740","50,548","85,608","71,220"
1995,First Unit of Quantity,8422401090,China,1995,number,0,1,0,0,0,0,0,0,0,0,0,0
1995,First Unit of Quantity,8422409080,China,1995,number,1,400,0,200,0,400,280,340,522,200,1,0
1995,First Unit of Quantity,8422900640,China,1995,no units collected,0,0,0,0,0,0,0,0,0,0,0,0
1995,First Unit of Quantity,8422900680,China,1995,no units collected,0,0,0,0,0,0,0,0,0,0,0,0
1995,First Unit of Quantity,8422901000,China,1995,no units collected,0,0,0,0,0,0,0,0,0,0,0,0
1995,First Unit of Quantity,8422909060,China,1995,no units collected,0,0,0,0,0,0,0,0,0,0,0,0
1995,First Unit of Quantity,8422909095,China,1995,no units collected,0,0,0,0,0,0,0,0,0,0,0,0
1995,First Unit of Quantity,8423100010,China,1995,number,"77,998","61,189","65,208","21,800","53,392","30,278","33,351","76,736","71,952","116,900","124,550","135,048"
1995,First Unit of Quantity,8423100030,China,1995,number,"3,000",0,"135,427","50,000","15,400","54,800","16,112","2,792","210,000",0,"10,800","19,168"
1995,First Unit of Quantity,8423100060,China,1995,number,"112,500","115,835","41,338","120,202","262,894","235,130","185,114","157,504","116,087","139,086","174,448","172,262"
1995,First Unit of Quantity,8423300000,China,1995,number,0,0,0,0,0,0,0,0,555,0,100,0
1995,First Unit of Quantity,8423810010,China,1995,number,0,0,0,0,0,880,0,0,0,0,0,0
1995,First Unit of Quantity,8423810030,China,1995,number,0,0,0,0,0,0,0,48,350,0,0,200
1995,First Unit of Quantity,8423810040,China,1995,number,"33,650","14,396","10,120","7,094","2,500","1,400","11,000",640,0,"9,652","2,000",400
1995,First Unit of Quantity,8423810050,China,1995,number,"49,004","36,829","29,058","60,716","43,401","45,547","31,310","78,465","41,350","46,816","13,951","37,089"
1995,First Unit of Quantity,8423820010,China,1995,number,0,"1,030",0,0,"2,550","2,600",0,"4,910","2,500",420,"2,500","1,000"
1995,First Unit of Quantity,8423820050,China,1995,number,"2,086",432,0,10,288,66,0,70,0,0,65,48
1995,First Unit of Quantity,8423890010,China,1995,number,"1,236",0,"1,520",0,0,0,0,0,0,0,0,0
1995,First Unit of Quantity,8423890050,China,1995,number,573,769,"1,344","1,246","1,060",967,"2,639","3,119",970,"2,009","1,803",238
1995,First Unit of Quantity,8423900040,China,1995,number,200,0,0,400,"2,126",600,600,0,0,0,0,"5,000"
1995,First Unit of Quantity,8423900080,China,1995,no units collected,0,0,0,0,0,0,0,0,0,0,0,0
1995,First Unit of Quantity,8424100000,China,1995,number,0,0,0,0,0,0,0,1,1,0,"2,016",0
1995,First Unit of Quantity,8424201000,China,1995,no units collected,0,0,0,0,0,0,0,0,0,0,0,0
1995,First Unit of Quantity,8424209000,China,1995,no units collected,0,0,0,0,0,0,0,0,0,0,0,0
1995,First Unit of Quantity,8424301000,China,1995,number,500,501,500,500,650,"1,351",0,850,635,500,"1,002",650
1995,First Unit of Quantity,8424309000,China,1995,no units collected,0,0,0,0,0,0,0,0,0,0,0,0
1995,First Unit of Quantity,8424811000,China,1995,no units collected,0,0,0,0,0,0,0,0,0,0,0,0
1995,First Unit of Quantity,8424819020,China,1995,number,0,0,"1,116","10,254",0,0,"29,758",0,0,0,0,0
1995,First Unit of Quantity,8424819030,China,1995,number,"73,668","69,164","19,658",822,"47,400",0,0,0,"15,800","31,600",0,0
1995,First Unit of Quantity,8424899010,China,1995,number,0,"2,040",0,0,0,0,132,0,0,0,0,0
1995,First Unit of Quantity,8424899080,China,1995,number,0,0,0,"25,552","2,301","27,020","155,599","58,432","48,606","129,808","93,822","36,786"
1995,First Unit of Quantity,8424899090,China,1995,number,"61,668","73,824","24,758",0,0,0,0,0,0,0,0,0
1995,First Unit of Quantity,8424901000,China,1995,no units collected,0,0,0,0,0,0,0,0,0,0,0,0
1995,First Unit of Quantity,8424902000,China,1995,no units collected,0,0,0,0,0,0,0,0,0,0,0,0
1995,First Unit of Quantity,8424909080,China,1995,no units collected,0,0,0,0,0,0,0,0,0,0,0,0
1995,First Unit of Quantity,8425110000,China,1995,number,"4,000","4,698","4,180","5,604","4,530",0,"6,470","4,200","1,502",0,"16,700","11,342"
1995,First Unit of Quantity,8425190000,China,1995,number,"12,722","5,866","33,544","8,923","38,774","23,242","19,232","52,928","12,526","11,282","5,494","15,683"
1995,First Unit of Quantity,8425200000,China,1995,number,"4,800",0,0,0,0,0,0,"2,000",0,0,720,0
1995,First Unit of Quantity,8425310000,China,1995,number,235,0,100,0,200,200,0,200,0,0,140,30
1995,First Unit of Quantity,8425390000,China,1995,number,"6,180","12,120","15,040","1,554","29,940","10,812","38,403","20,773",944,"12,754","99,986",810
1995,First Unit of Quantity,8425410000,China,1995,number,0,0,"5,400",0,0,0,0,0,"1,140",0,480,"9,400"
1995,First Unit of Quantity,8425420000,China,1995,number,"350,606","219,466","204,483","197,336","386,727","244,145","263,354","229,139","338,363","318,045","350,129","249,909"
1995,First Unit of Quantity,8425490000,China,1995,number,"27,647","24,222","19,963","15,393","39,767","13,327","18,978","10,396","18,524","49,698","109,331","73,786"
1995,First Unit of Quantity,8426110000,China,1995,number,0,0,0,0,3,0,0,0,0,0,0,0
1995,First Unit of Quantity,8426120000,China,1995,number,0,337,0,0,0,432,0,0,0,138,0,0
1995,First Unit of Quantity,8426190000,China,1995,number,0,0,0,1,0,0,0,0,0,2,0,0
1995,First Unit of Quantity,8426990000,China,1995,number,"1,016",452,675,405,918,941,966,872,800,622,863,481
1995,First Unit of Quantity,8427104000,China,1995,number,25,0,1,0,0,0,0,1,1,0,1,0
1995,First Unit of Quantity,8427108090,China,1995,number,0,25,0,0,0,0,0,0,0,0,0,0
1995,First Unit of Quantity,8427204000,China,1995,number,5,0,0,0,0,0,8,0,18,9,26,0
1995,First Unit of Quantity,8427208000,China,1995,number,0,0,0,0,0,0,0,0,0,4,0,0
1995,First Unit of Quantity,8427900000,China,1995,number,"1,586","1,270","1,016","1,000","2,240",880,"1,050",262,856,"2,062",912,"1,408"
1995,First Unit of Quantity,8428330000,China,1995,number,0,0,8,0,0,0,2,1,0,0,0,0
1995,First Unit of Quantity,8428390000,China,1995,number,0,0,120,0,2,77,95,0,0,0,0,0
1995,First Unit of Quantity,8428900090,China,1995,number,"15,893","1,682","6,515","3,000","11,859","5,144","9,051","1,135","1,877","4,848","3,340","1,253"
1995,First Unit of Quantity,8429400020,China,1995,number,2,0,0,4,0,8,0,0,0,0,0,0
1995,First Unit of Quantity,8429511030,China,1995,number,0,0,0,0,0,0,0,1,0,0,0,0
1995,First Unit of Quantity,8429511040,China,1995,number,0,0,0,0,0,0,0,0,0,1,0,0
1995,First Unit of Quantity,8429511065,China,1995,number,1,0,0,0,0,0,0,0,0,0,0,0
1995,First Unit of Quantity,8429591090,China,1995,number,0,0,0,0,0,0,3,0,0,0,0,0
1995,First Unit of Quantity,8430100000,China,1995,number,0,0,0,0,0,3,3,0,0,0,0,0
1995,First Unit of Quantity,8430200030,China,1995,number,20,0,0,0,0,0,0,0,0,0,0,0
1995,First Unit of Quantity,8430200060,China,1995,number,0,0,0,0,0,0,0,0,0,0,0,60
1995,First Unit of Quantity,8430690000,China,1995,number,0,0,0,2,0,0,0,0,0,0,0,0
1995,First Unit of Quantity,8431100010,China,1995,no units collected,0,0,0,0,0,0,0,0,0,0,0,0
1995,First Unit of Quantity,8431100090,China,1995,no units collected,0,0,0,0,0,0,0,0,0,0,0,0
1995,First Unit of Quantity,8431200000,China,1995,no units collected,0,0,0,0,0,0,0,0,0,0,0,0
1995,First Unit of Quantity,8431310020,China,1995,no units collected,0,0,0,0,0,0,0,0,0,0,0,0
1995,First Unit of Quantity,8431310060,China,1995,no units collected,0,0,0,0,0,0,0,0,0,0,0,0
1995,First Unit of Quantity,8431390010,China,1995,no units collected,0,0,0,0,0,0,0,0,0,0,0,0
1995,First Unit of Quantity,8431390050,China,1995,no units collected,0,0,0,0,0,0,0,0,0,0,0,0
1995,First Unit of Quantity,8431390080,China,1995,no units collected,0,0,0,0,0,0,0,0,0,0,0,0
1995,First Unit of Quantity,8431410080,China,1995,number,300,0,200,196,856,400,"1,010",0,"3,274",30,1,225
1995,First Unit of Quantity,8431438010,China,1995,no units collected,0,0,0,0,0,0,0,0,0,0,0,0
1995,First Unit of Quantity,8431438090,China,1995,no units collected,0,0,0,0,0,0,0,0,0,0,0,0
1995,First Unit of Quantity,8431491060,China,1995,no units collected,0,0,0,0,0,0,0,0,0,0,0,0
1995,First Unit of Quantity,8431491090,China,1995,no units collected,0,0,0,0,0,0,0,0,0,0,0,0
1995,First Unit of Quantity,8431499030,China,1995,no units collected,0,0,0,0,0,0,0,0,0,0,0,0
1995,First Unit of Quantity,8431499040,China,1995,no units collected,0,0,0,0,0,0,0,0,0,0,0,0
1995,First Unit of Quantity,8431499050,China,1995,no units collected,0,0,0,0,0,0,0,0,0,0,0,0
1995,First Unit of Quantity,8431499060,China,1995,no units collected,0,0,0,0,0,0,0,0,0,0,0,0
1995,First Unit of Quantity,8432210000,China,1995,number,0,1,0,0,0,0,0,0,0,0,0,0
1995,First Unit of Quantity,8432290040,China,1995,number,0,0,0,4,0,0,0,0,5,0,0,0
1995,First Unit of Quantity,8432290060,China,1995,number,0,0,10,0,0,0,0,0,0,0,0,0
1995,First Unit of Quantity,8432300010,China,1995,number,0,1,0,0,0,0,0,0,0,0,0,0
1995,First Unit of Quantity,8432800000,China,1995,number,0,0,"1,100","1,800",0,0,0,600,"2,400",0,0,0
1995,First Unit of Quantity,8432900005,China,1995,no units collected,0,0,0,0,0,0,0,0,0,0,0,0
1995,First Unit of Quantity,8432900015,China,1995,no units collected,0,0,0,0,0,0,0,0,0,0,0,0
1995,First Unit of Quantity,8432900030,China,1995,no units collected,0,0,0,0,0,0,0,0,0,0,0,0
1995,First Unit of Quantity,8432900080,China,1995,no units collected,0,0,0,0,0,0,0,0,0,0,0,0
1995,First Unit of Quantity,8433400000,China,1995,number,0,0,0,0,0,1,0,0,0,0,0,0
1995,First Unit of Quantity,8433510010,China,1995,number,0,0,0,0,0,0,0,0,0,0,0,2
1995,First Unit of Quantity,8433530000,China,1995,number,0,0,0,0,0,34,0,0,0,0,0,0
1995,First Unit of Quantity,8433600090,China,1995,number,0,1,0,0,0,0,0,0,0,0,0,0
1995,First Unit of Quantity,8433901000,China,1995,no units collected,0,0,0,0,0,0,0,0,0,0,0,0
1995,First Unit of Quantity,8433905020,China,1995,no units collected,0,0,0,0,0,0,0,0,0,0,0,0
1995,First Unit of Quantity,8433905040,China,1995,no units collected,0,0,0,0,0,0,0,0,0,0,0,0
1995,First Unit of Quantity,8434100000,China,1995,number,1,0,0,0,0,0,0,0,0,0,0,0
1995,First Unit of Quantity,8434900000,China,1995,no units collected,0,0,0,0,0,0,0,0,0,0,0,0
1995,First Unit of Quantity,8435900000,China,1995,no units collected,0,0,0,0,0,0,0,0,0,0,0,0
1995,First Unit of Quantity,8436800020,China,1995,number,0,316,0,0,316,0,0,316,0,0,316,0
1995,First Unit of Quantity,8436800060,China,1995,number,0,14,0,0,14,0,0,0,0,0,0,0
1995,First Unit of Quantity,8436800090,China,1995,number,402,0,0,0,2,0,"1,220","2,480",0,236,0,0
1995,First Unit of Quantity,8436910040,China,1995,no units collected,0,0,0,0,0,0,0,0,0,0,0,0
1995,First Unit of Quantity,8436910080,China,1995,no units collected,0,0,0,0,0,0,0,0,0,0,0,0
1995,First Unit of Quantity,8436990020,China,1995,no units collected,0,0,0,0,0,0,0,0,0,0,0,0
1995,First Unit of Quantity,8436990090,China,1995,no units collected,0,0,0,0,0,0,0,0,0,0,0,0
1995,First Unit of Quantity,8437100000,China,1995,number,1,0,0,0,0,0,0,0,0,0,0,0
1995,First Unit of Quantity,8437800090,China,1995,number,0,0,0,0,0,10,0,0,0,0,0,0
1995,First Unit of Quantity,8437900090,China,1995,no units collected,0,0,0,0,0,0,0,0,0,0,0,0
1995,First Unit of Quantity,8438100010,China,1995,number,0,0,0,0,1,0,0,0,6,0,0,0
1995,First Unit of Quantity,8438100090,China,1995,number,0,0,0,154,0,1,0,0,0,0,0,1
1995,First Unit of Quantity,8438200000,China,1995,number,0,0,0,0,0,0,0,0,0,0,768,0
1995,First Unit of Quantity,8438300000,China,1995,number,0,0,0,2,0,0,0,0,0,0,0,0
1995,First Unit of Quantity,8438400000,China,1995,number,1,0,0,0,0,0,0,0,0,0,0,0
1995,First Unit of Quantity,8438500010,China,1995,number,"1,500",0,"1,500",0,0,0,0,0,0,0,0,"1,500"
1995,First Unit of Quantity,8438500090,China,1995,number,0,442,0,0,218,0,4,0,313,0,32,0
1995,First Unit of Quantity,8438600000,China,1995,number,0,0,0,0,250,0,0,0,0,0,96,0
1995,First Unit of Quantity,8438800000,China,1995,number,902,1,417,0,1,2,0,0,137,1,3,0
1995,First Unit of Quantity,8438909015,China,1995,no units collected,0,0,0,0,0,0,0,0,0,0,0,0
1995,First Unit of Quantity,8438909090,China,1995,no units collected,0,0,0,0,0,0,0,0,0,0,0,0
1995,First Unit of Quantity,8439919000,China,1995,no units collected,0,0,0,0,0,0,0,0,0,0,0,0
1995,First Unit of Quantity,8440100000,China,1995,number,0,"1,000",916,0,0,500,0,1,508,251,0,0
1995,First Unit of Quantity,8440900000,China,1995,no units collected,0,0,0,0,0,0,0,0,0,0,0,0
1995,First Unit of Quantity,8441100000,China,1995,number,32,908,5,2,"1,135",0,3,2,6,7,8,"10,006"
1995,First Unit of Quantity,8441300000,China,1995,number,0,5,4,0,2,3,3,0,1,3,2,0
1995,First Unit of Quantity,8441400000,China,1995,number,1,0,0,0,0,0,0,0,0,0,0,0
1995,First Unit of Quantity,8441800000,China,1995,number,3,0,6,6,1,4,0,2,0,8,0,3
1995,First Unit of Quantity,8441900000,China,1995,no units collected,0,0,0,0,0,0,0,0,0,0,0,0
1995,First Unit of Quantity,8442400000,China,1995,no units collected,0,0,0,0,0,0,0,0,0,0,0,0
1995,First Unit of Quantity,8443120000,China,1995,number,0,0,0,10,0,0,0,0,0,0,0,0
1995,First Unit of Quantity,8443191000,China,1995,number,0,0,0,0,1,0,0,0,0,0,0,0
1995,First Unit of Quantity,8443300000,China,1995,number,0,0,0,0,32,0,0,0,0,0,0,0
1995,First Unit of Quantity,8443400000,China,1995,number,0,0,1,0,0,0,0,0,0,0,0,0
1995,First Unit of Quantity,8443505000,China,1995,no units collected,0,0,0,0,0,0,0,0,0,0,0,0
1995,First Unit of Quantity,8443600000,China,1995,no units collected,0,0,0,0,0,0,0,0,0,0,0,0
1995,First Unit of Quantity,8443901000,China,1995,no units collected,0,0,0,0,0,0,0,0,0,0,0,0
1995,First Unit of Quantity,8443905000,China,1995,no units collected,0,0,0,0,0,0,0,0,0,0,0,0
1995,First Unit of Quantity,8444000090,China,1995,number,0,0,0,0,0,0,0,3,0,0,1,0
1995,First Unit of Quantity,8445300010,China,1995,number,0,0,0,0,0,0,1,0,0,0,0,0
1995,First Unit of Quantity,8445400000,China,1995,number,0,0,0,0,1,0,0,0,0,0,0,0
1995,First Unit of Quantity,8446100010,China,1995,number,0,0,0,0,0,0,1,0,0,0,0,0
1995,First Unit of Quantity,8447129020,China,1995,number,1,0,0,0,0,0,0,0,0,0,0,0
1995,First Unit of Quantity,8447129090,China,1995,number,0,0,0,0,0,0,0,0,0,0,1,0
1995,First Unit of Quantity,8447905000,China,1995,number,1,0,0,0,0,0,0,0,0,0,0,0
1995,First Unit of Quantity,8447909000,China,1995,number,0,0,0,0,0,0,0,0,0,0,1,0
1995,First Unit of Quantity,8448190000,China,1995,no units collected,0,0,0,0,0,0,0,0,0,0,0,0
1995,First Unit of Quantity,8448201000,China,1995,no units collected,0,0,0,0,0,0,0,0,0,0,0,0
1995,First Unit of Quantity,8448205090,China,1995,no units collected,0,0,0,0,0,0,0,0,0,0,0,0
1995,First Unit of Quantity,8448320010,China,1995,no units collected,0,0,0,0,0,0,0,0,0,0,0,0
1995,First Unit of Quantity,8448391000,China,1995,no units collected,0,0,0,0,0,0,0,0,0,0,0,0
1995,First Unit of Quantity,8448395000,China,1995,no units collected,0,0,0,0,0,0,0,0,0,0,0,0
1995,First Unit of Quantity,8448410000,China,1995,no units collected,0,0,0,0,0,0,0,0,0,0,0,0
1995,First Unit of Quantity,8448490000,China,1995,no units collected,0,0,0,0,0,0,0,0,0,0,0,0
1995,First Unit of Quantity,8448511000,China,1995,thousand units,0,0,0,0,0,8,0,0,0,0,0,10
1995,First Unit of Quantity,8448513000,China,1995,thousand units,0,0,0,0,120,0,0,0,0,0,0,0
1995,First Unit of Quantity,8448591000,China,1995,no units collected,0,0,0,0,0,0,0,0,0,0,0,0
1995,First Unit of Quantity,8448595000,China,1995,no units collected,0,0,0,0,0,0,0,0,0,0,0,0
1995,First Unit of Quantity,8450110040,China,1995,number,0,0,0,0,0,0,0,0,0,0,0,0
1995,First Unit of Quantity,8450190000,China,1995,number,0,0,0,0,0,0,0,0,0,174,0,0
1995,First Unit of Quantity,8450906000,China,1995,no units collected,0,0,0,0,0,0,0,0,0,0,0,0
1995,First Unit of Quantity,8451100000,China,1995,number,14,16,17,4,21,19,8,8,37,33,19,45
1995,First Unit of Quantity,8451290090,China,1995,number,0,0,0,0,0,0,0,0,0,0,1,0
1995,First Unit of Quantity,8451300000,China,1995,number,"7,621",947,659,0,"1,547","32,100","4,730","5,434","11,097","9,249","16,937","3,806"
1995,First Unit of Quantity,8451400000,China,1995,number,0,0,0,0,0,0,0,1,0,0,0,0
1995,First Unit of Quantity,8451500000,China,1995,number,0,80,11,0,0,0,50,20,0,0,0,0
1995,First Unit of Quantity,8451909010,China,1995,no units collected,0,0,0,0,0,0,0,0,0,0,0,0
1995,First Unit of Quantity,8451909090,China,1995,no units collected,0,0,0,0,0,0,0,0,0,0,0,0
1995,First Unit of Quantity,8452100010,China,1995,number,"4,612","8,544","3,158","70,136","2,378","19,812",804,"2,016","42,395","11,952","26,888","34,582"
1995,First Unit of Quantity,8452100090,China,1995,number,"19,486","7,880","15,652","29,892","31,055","25,006","24,561","43,002","11,140","6,050","11,715","20,043"
1995,First Unit of Quantity,8452211000,China,1995,number,0,0,0,0,0,0,0,0,2,0,0,0
1995,First Unit of Quantity,8452219000,China,1995,number,0,410,"1,800",2,47,1,90,745,500,500,610,610
1995,First Unit of Quantity,8452291000,China,1995,number,0,0,0,0,0,0,0,0,0,0,0,11
1995,First Unit of Quantity,8452299000,China,1995,number,"10,869","163,780","3,433","102,439","102,767","186,896","191,013","9,296","148,094","47,188","23,632","23,181"
1995,First Unit of Quantity,8452300000,China,1995,thousand units,88,15,0,80,177,219,0,91,140,22,121,0
1995,First Unit of Quantity,8452400000,China,1995,no units collected,0,0,0,0,0,0,0,0,0,0,0,0
1995,First Unit of Quantity,8452900010,China,1995,no units collected,0,0,0,0,0,0,0,0,0,0,0,0
1995,First Unit of Quantity,8452900090,China,1995,no units collected,0,0,0,0,0,0,0,0,0,0,0,0
1995,First Unit of Quantity,8453200000,China,1995,number,0,0,0,0,1,0,0,74,0,0,0,0
1995,First Unit of Quantity,8453800000,China,1995,number,0,0,0,0,0,0,0,15,0,0,0,0
1995,First Unit of Quantity,8453901000,China,1995,no units collected,0,0,0,0,0,0,0,0,0,0,0,0
1995,First Unit of Quantity,8454200060,China,1995,number,0,0,0,26,0,0,0,5,20,20,0,30
1995,First Unit of Quantity,8454300010,China,1995,number,0,0,0,1,0,0,0,1,0,0,0,0
1995,First Unit of Quantity,8454300090,China,1995,number,0,0,0,0,0,0,0,0,0,0,0,0
1995,First Unit of Quantity,8454900060,China,1995,no units collected,0,0,0,0,0,0,0,0,0,0,0,0
1995,First Unit of Quantity,8455220000,China,1995,number,0,0,15,0,0,0,0,0,0,0,0,0
1995,First Unit of Quantity,8455300005,China,1995,number,106,0,0,0,0,10,0,51,30,20,0,64
1995,First Unit of Quantity,8455300015,China,1995,number,0,12,0,0,0,0,0,0,0,0,0,0
1995,First Unit of Quantity,8455300035,China,1995,number,0,4,0,0,0,24,0,0,0,0,0,0
1995,First Unit of Quantity,8455300045,China,1995,number,0,0,2,0,0,0,0,0,0,0,0,0
1995,First Unit of Quantity,8455300065,China,1995,number,6,12,0,0,0,30,20,0,12,0,18,148
1995,First Unit of Quantity,8455300085,China,1995,number,0,0,0,0,0,0,0,0,28,0,0,0
1995,First Unit of Quantity,8456904060,China,1995,number,0,1,0,0,0,0,0,0,0,0,0,0
1995,First Unit of Quantity,8457100015,China,1995,number,2,0,0,0,0,0,2,0,0,0,4,0
1995,First Unit of Quantity,8458110005,China,1995,number,0,0,0,0,0,0,0,0,1,0,0,0
1995,First Unit of Quantity,8458110010,China,1995,number,0,1,0,0,0,0,0,0,0,0,0,0
1995,First Unit of Quantity,8458110030,China,1995,number,4,9,8,0,0,0,6,10,4,8,0,4
1995,First Unit of Quantity,8458110050,China,1995,number,0,0,0,0,0,0,0,0,1,0,0,0
1995,First Unit of Quantity,8458190020,China,1995,number,482,328,451,876,542,523,476,"1,150",320,877,"2,297",726
1995,First Unit of Quantity,8458190030,China,1995,number,78,164,137,158,86,204,262,139,53,130,152,125
1995,First Unit of Quantity,8458190050,China,1995,number,30,0,0,10,10,0,0,0,0,0,10,10
1995,First Unit of Quantity,8458190070,China,1995,number,0,4,0,4,9,0,0,0,0,1,0,0
1995,First Unit of Quantity,8458190090,China,1995,number,0,28,7,0,5,11,4,13,3,12,24,26
1995,First Unit of Quantity,8458995060,China,1995,number,0,22,42,0,0,0,0,9,5,72,10,0
1995,First Unit of Quantity,8458995090,China,1995,number,60,0,36,0,0,72,55,0,4,0,0,0
1995,First Unit of Quantity,8459290020,China,1995,number,"15,279","6,031","4,590","4,308",800,"1,753","3,351","11,589","4,070","3,130","4,855","2,296"
1995,First Unit of Quantity,8459290050,China,1995,number,1,12,0,0,1,0,0,12,0,0,0,0
1995,First Unit of Quantity,8459290090,China,1995,number,0,0,1,0,0,0,0,0,0,0,0,0
1995,First Unit of Quantity,8459310010,China,1995,number,0,0,0,0,1,0,0,0,0,0,0,0
1995,First Unit of Quantity,8459390020,China,1995,number,0,0,12,0,0,0,12,0,0,0,0,0
1995,First Unit of Quantity,8459390040,China,1995,number,0,0,0,0,0,0,0,0,0,0,0,0
1995,First Unit of Quantity,8459400020,China,1995,number,0,0,0,0,0,0,0,0,0,0,660,0
1995,First Unit of Quantity,8459400040,China,1995,number,0,0,0,0,1,0,0,0,0,0,0,0
1995,First Unit of Quantity,8459510080,China,1995,number,2,2,1,1,0,0,0,0,0,0,0,0
1995,First Unit of Quantity,8459590020,China,1995,number,140,1,264,0,181,121,111,144,75,93,232,111
1995,First Unit of Quantity,8459590030,China,1995,number,1,0,0,0,12,1,0,0,0,0,0,0
1995,First Unit of Quantity,8459690010,China,1995,number,0,0,0,0,0,0,0,0,0,0,1,0
1995,First Unit of Quantity,8459690020,China,1995,number,356,276,85,219,153,297,62,330,232,195,79,34
1995,First Unit of Quantity,8459690090,China,1995,number,12,0,16,0,12,1,0,12,0,0,1,0
1995,First Unit of Quantity,8459708060,China,1995,number,0,0,0,1,0,0,0,1,0,1,0,0
1995,First Unit of Quantity,8459708080,China,1995,number,0,0,0,0,1,0,0,0,0,0,0,0
1995,First Unit of Quantity,8460110080,China,1995,number,0,0,0,0,0,1,0,0,0,0,0,0
1995,First Unit of Quantity,8460190010,China,1995,number,11,0,0,13,0,12,0,0,0,0,0,0
1995,First Unit of Quantity,8460190050,China,1995,number,8,0,9,0,22,8,0,0,22,0,13,0
1995,First Unit of Quantity,8460290005,China,1995,number,0,0,0,0,0,1,0,0,0,0,0,0
1995,First Unit of Quantity,8460290010,China,1995,number,9,3,4,0,3,4,1,1,6,5,0,11
1995,First Unit of Quantity,8460290050,China,1995,number,0,0,0,3,0,0,24,1,0,0,0,2
1995,First Unit of Quantity,8460310080,China,1995,number,0,0,0,2,0,0,0,0,0,0,0,0
1995,First Unit of Quantity,8460390020,China,1995,number,"2,236","2,254",25,0,"6,902",4,30,"9,944",0,"2,160",6,"1,133"
1995,First Unit of Quantity,8460408020,China,1995,number,0,0,0,0,0,0,0,0,0,12,0,0
1995,First Unit of Quantity,8460904060,China,1995,number,0,0,0,0,0,0,6,0,0,0,0,0
1995,First Unit of Quantity,8460908020,China,1995,number,"40,982","22,601","20,900","31,484","23,705","17,671","43,824","62,644","57,686","29,216","40,052","24,142"
1995,First Unit of Quantity,8460908080,China,1995,number,0,0,0,0,0,0,1,0,0,0,0,0
1995,First Unit of Quantity,8461401030,China,1995,number,0,1,0,0,0,0,0,0,1,1,0,0
1995,First Unit of Quantity,8461401040,China,1995,number,0,0,0,0,0,0,2,0,0,0,0,0
1995,First Unit of Quantity,8461401060,China,1995,number,0,0,0,0,0,1,0,0,0,0,0,0
1995,First Unit of Quantity,8461504050,China,1995,number,0,0,0,0,2,0,0,0,0,0,0,0
1995,First Unit of Quantity,8461508010,China,1995,number,0,0,0,0,0,0,0,0,0,0,0,1
1995,First Unit of Quantity,8461508020,China,1995,number,472,"1,627",294,313,544,841,919,914,885,901,"1,827","1,560"
1995,First Unit of Quantity,8461508090,China,1995,number,0,0,0,0,3,2,5,0,2,0,0,0
1995,First Unit of Quantity,8461908020,China,1995,number,0,0,0,0,0,0,0,0,80,30,0,0
1995,First Unit of Quantity,8461908080,China,1995,number,0,0,0,0,0,1,0,0,0,0,0,0
1995,First Unit of Quantity,8462100050,China,1995,number,0,0,2,0,0,0,0,2,6,5,0,0
1995,First Unit of Quantity,8462210080,China,1995,number,0,0,0,0,4,0,0,0,0,3,0,0
1995,First Unit of Quantity,8462290020,China,1995,number,351,519,233,993,648,"1,231","1,097","1,471","1,752",745,"1,338","1,363"
1995,First Unit of Quantity,8462290030,China,1995,number,0,0,0,0,1,0,0,0,0,0,0,4
1995,First Unit of Quantity,8462290050,China,1995,number,2,0,0,0,0,1,2,0,0,2,0,0
1995,First Unit of Quantity,8462390020,China,1995,number,24,158,5,109,164,144,"1,116",138,7,34,100,158
1995,First Unit of Quantity,8462390050,China,1995,number,0,0,1,0,0,0,0,4,0,0,0,1
1995,First Unit of Quantity,8462490020,China,1995,number,0,0,0,0,0,0,0,0,50,36,100,100
1995,First Unit of Quantity,8462918090,China,1995,number,0,0,0,0,250,0,0,50,0,0,1,0
1995,First Unit of Quantity,8462998020,China,1995,number,"3,398",100,221,324,0,0,1,80,916,146,30,21
1995,First Unit of Quantity,8462998045,China,1995,number,0,0,0,0,0,0,0,0,0,0,1,0
1995,First Unit of Quantity,8463200060,China,1995,number,0,0,0,0,0,0,0,2,0,0,0,0
1995,First Unit of Quantity,8463300040,China,1995,number,0,0,0,0,0,0,0,0,0,0,8,0
1995,First Unit of Quantity,8463300060,China,1995,number,0,0,0,0,0,1,0,0,0,0,0,0
1995,First Unit of Quantity,8463900060,China,1995,number,0,0,6,0,0,0,0,51,4,0,0,0
1995,First Unit of Quantity,8463900080,China,1995,number,0,0,0,0,3,0,0,0,0,0,0,0
1995,First Unit of Quantity,8464100080,China,1995,number,906,815,528,0,250,0,254,0,1,0,310,0
1995,First Unit of Quantity,8464205010,China,1995,number,663,0,0,0,847,0,0,0,0,0,273,0
1995,First Unit of Quantity,8464901040,China,1995,number,0,0,0,0,0,0,0,0,2,0,0,0
1995,First Unit of Quantity,8464905080,China,1995,number,"2,264","2,094","2,358","5,097","1,245","1,854",1,"8,322","14,662","23,004","3,406","12,885"
1995,First Unit of Quantity,8465100015,China,1995,number,0,0,1,0,0,0,0,0,200,0,0,0
1995,First Unit of Quantity,8465100045,China,1995,number,0,0,2,0,0,0,0,1,0,0,1,0
1995,First Unit of Quantity,8465910012,China,1995,number,0,0,60,0,0,100,0,0,0,0,0,0
1995,First Unit of Quantity,8465910036,China,1995,number,345,385,0,250,285,292,551,"1,186","1,499","4,601","1,824","4,572"
1995,First Unit of Quantity,8465910047,China,1995,number,450,0,0,0,0,0,0,0,0,0,0,"1,510"
1995,First Unit of Quantity,8465910049,China,1995,number,0,637,0,437,0,"1,193",0,500,"1,910",0,"1,503","5,435"
1995,First Unit of Quantity,8465910064,China,1995,number,790,"1,455",700,820,0,550,350,240,479,476,200,662
1995,First Unit of Quantity,8465910078,China,1995,number,0,0,0,0,200,0,239,0,0,0,406,0
1995,First Unit of Quantity,8465910090,China,1995,number,0,0,0,0,0,0,0,0,0,0,0,270
1995,First Unit of Quantity,8465920034,China,1995,number,100,0,0,400,0,300,0,0,0,400,400,0
1995,First Unit of Quantity,8465920042,China,1995,number,376,170,170,316,351,200,470,380,180,380,75,0
1995,First Unit of Quantity,8465920062,China,1995,number,120,0,180,170,95,50,0,0,100,200,300,330
1995,First Unit of Quantity,8465930030,China,1995,number,"3,320","1,471","1,810","2,020","1,420",400,0,0,360,0,"1,910","1,000"
1995,First Unit of Quantity,8465930057,China,1995,number,0,0,0,0,0,0,0,0,55,19,0,0
1995,First Unit of Quantity,8465930060,China,1995,number,"6,675","3,430","2,799","1,030",431,430,265,"2,153","6,460","4,930","6,675","3,365"
1995,First Unit of Quantity,8465940090,China,1995,number,0,0,0,0,0,0,0,1,0,0,0,0
1995,First Unit of Quantity,8465950035,China,1995,number,0,0,0,0,0,0,93,0,0,0,0,0
1995,First Unit of Quantity,8465950055,China,1995,number,"22,120","3,610","5,456","5,112","3,578","7,095","9,359","7,793","10,188","11,417","8,580","6,171"
1995,First Unit of Quantity,8465950090,China,1995,number,0,0,24,0,0,0,0,0,0,0,0,600
1995,First Unit of Quantity,8465990020,China,1995,number,908,550,419,901,560,469,617,"1,247",705,914,0,818
1995,First Unit of Quantity,8465990040,China,1995,number,0,0,30,0,0,0,0,0,0,0,0,1
1995,First Unit of Quantity,8465990090,China,1995,number,0,0,0,1,0,0,"2,000","4,528",0,0,0,0
1995,First Unit of Quantity,8466100010,China,1995,no units collected,0,0,0,0,0,0,0,0,0,0,0,0
1995,First Unit of Quantity,8466100030,China,1995,no units collected,0,0,0,0,0,0,0,0,0,0,0,0
1995,First Unit of Quantity,8466100070,China,1995,no units collected,0,0,0,0,0,0,0,0,0,0,0,0
1995,First Unit of Quantity,8466201010,China,1995,no units collected,0,0,0,0,0,0,0,0,0,0,0,0
1995,First Unit of Quantity,8466201090,China,1995,no units collected,0,0,0,0,0,0,0,0,0,0,0,0
1995,First Unit of Quantity,8466209020,China,1995,no units collected,0,0,0,0,0,0,0,0,0,0,0,0
1995,First Unit of Quantity,8466209030,China,1995,no units collected,0,0,0,0,0,0,0,0,0,0,0,0
1995,First Unit of Quantity,8466209040,China,1995,no units collected,0,0,0,0,0,0,0,0,0,0,0,0
1995,First Unit of Quantity,8466209060,China,1995,no units collected,0,0,0,0,0,0,0,0,0,0,0,0
1995,First Unit of Quantity,8466301000,China,1995,no units collected,0,0,0,0,0,0,0,0,0,0,0,0
1995,First Unit of Quantity,8466303080,China,1995,no units collected,0,0,0,0,0,0,0,0,0,0,0,0
1995,First Unit of Quantity,8466305000,China,1995,no units collected,0,0,0,0,0,0,0,0,0,0,0,0
1995,First Unit of Quantity,8466915000,China,1995,no units collected,0,0,0,0,0,0,0,0,0,0,0,0
1995,First Unit of Quantity,8466925010,China,1995,no units collected,0,0,0,0,0,0,0,0,0,0,0,0
1995,First Unit of Quantity,8466925090,China,1995,no units collected,0,0,0,0,0,0,0,0,0,0,0,0
1995,First Unit of Quantity,8466931530,China,1995,kilograms,0,0,"18,006","27,960","31,480","33,800","30,052","50,400","33,000","84,400","34,000","33,600"
1995,First Unit of Quantity,8466931560,China,1995,kilograms,0,0,693,0,0,300,480,"7,500",0,"6,000","6,370",0
1995,First Unit of Quantity,8466934540,China,1995,no units collected,0,0,0,0,0,0,0,0,0,0,0,0
1995,First Unit of Quantity,8466934580,China,1995,no units collected,0,0,0,0,0,0,0,0,0,0,0,0
1995,First Unit of Quantity,8466936060,China,1995,kilograms,0,0,0,0,"1,080",997,"1,517",0,0,"4,041",0,0
1995,First Unit of Quantity,8466939040,China,1995,no units collected,0,0,0,0,0,0,0,0,0,0,0,0
1995,First Unit of Quantity,8466939080,China,1995,no units collected,0,0,0,0,0,0,0,0,0,0,0,0
1995,First Unit of Quantity,8466942000,China,1995,kilograms,0,0,300,0,0,0,0,0,0,0,0,0
1995,First Unit of Quantity,8466946080,China,1995,no units collected,0,0,0,0,0,0,0,0,0,0,0,0
1995,First Unit of Quantity,8466948080,China,1995,no units collected,0,0,0,0,0,0,0,0,0,0,0,0
1995,First Unit of Quantity,8467111040,China,1995,number,"4,800","2,096",0,"2,480","2,480",0,"4,680",0,"7,000","1,008",0,"2,480"
1995,First Unit of Quantity,8467111080,China,1995,number,0,0,0,0,0,0,80,0,0,0,0,0
1995,First Unit of Quantity,8467115020,China,1995,number,0,0,0,"4,200",450,400,"1,200","1,600","1,280","1,070","1,200",106
1995,First Unit of Quantity,8467115040,China,1995,number,"2,920","2,000","2,000",600,"2,000",800,"2,300",820,"1,050","1,305","2,169","2,029"
1995,First Unit of Quantity,8467115090,China,1995,number,0,0,0,0,200,170,0,0,0,0,870,40
1995,First Unit of Quantity,8467191000,China,1995,number,"1,500","1,500","1,600",0,"1,600",0,"1,000","2,000","8,850","1,900","1,600","1,600"
1995,First Unit of Quantity,8467195030,China,1995,number,0,0,"2,350",0,0,0,0,0,0,0,0,0
1995,First Unit of Quantity,8467195090,China,1995,number,"1,000","1,100",0,"2,030",500,200,200,610,0,11,"2,680",0
1995,First Unit of Quantity,8467891000,China,1995,number,0,0,18,25,0,0,0,0,0,0,50,"4,730"
1995,First Unit of Quantity,8467895090,China,1995,number,"14,557",0,12,0,"5,496","1,008",0,"1,691",719,425,"6,584",484
1995,First Unit of Quantity,8467910000,China,1995,no units collected,0,0,0,0,0,0,0,0,0,0,0,0
1995,First Unit of Quantity,8467920050,China,1995,no units collected,0,0,0,0,0,0,0,0,0,0,0,0
1995,First Unit of Quantity,8467920090,China,1995,no units collected,0,0,0,0,0,0,0,0,0,0,0,0
1995,First Unit of Quantity,8467990030,China,1995,no units collected,0,0,0,0,0,0,0,0,0,0,0,0
1995,First Unit of Quantity,8467990090,China,1995,no units collected,0,0,0,0,0,0,0,0,0,0,0,0
1995,First Unit of Quantity,8468100000,China,1995,number,0,0,"2,000",0,"15,600",0,0,0,0,0,0,0
1995,First Unit of Quantity,8468201000,China,1995,number,0,0,0,0,0,0,0,0,0,"21,600",0,0
1995,First Unit of Quantity,8468801000,China,1995,number,0,0,0,0,0,"1,800",0,0,0,0,0,0
1995,First Unit of Quantity,8468805000,China,1995,number,0,0,73,0,0,0,0,0,0,0,0,0
1995,First Unit of Quantity,8468901000,China,1995,no units collected,0,0,0,0,0,0,0,0,0,0,0,0
1995,First Unit of Quantity,8468905000,China,1995,no units collected,0,0,0,0,0,0,0,0,0,0,0,0
1995,First Unit of Quantity,8469104000,China,1995,number,0,0,0,0,0,0,0,0,120,0,0,0
1995,First Unit of Quantity,8469108000,China,1995,number,0,0,0,0,0,0,0,0,480,0,0,0
1995,First Unit of Quantity,8469210000,China,1995,number,0,0,0,0,0,25,0,0,0,0,0,0
1995,First Unit of Quantity,8469290000,China,1995,number,0,0,0,0,"1,500",0,0,0,0,0,0,0
1995,First Unit of Quantity,8469310000,China,1995,number,"2,400",510,"1,200","1,200","1,200",0,"1,200",0,145,0,0,0
1995,First Unit of Quantity,8469390000,China,1995,number,0,0,0,0,240,0,0,300,0,0,0,0
1995,First Unit of Quantity,8470100040,China,1995,number,"2,434,800","1,961,942","1,851,135","3,488,079","2,896,589","3,150,466","4,498,704","3,537,120","4,182,263","3,065,301","4,372,950","2,641,192"
1995,First Unit of Quantity,8470100060,China,1995,number,"573,334","256,760","271,432","497,691","681,550","733,151","611,664","874,135","601,211","511,491","685,950","809,767"
1995,First Unit of Quantity,8470210000,China,1995,number,"255,765","202,300","174,174","217,613","412,558","497,529","394,579","397,003","364,867","257,046","166,686","196,039"
1995,First Unit of Quantity,8470290000,China,1995,number,"987,596","1,797,448","2,541,067","2,282,887","3,630,030","2,364,800","2,031,991","1,282,012","471,802","504,648","532,203","2,133,427"
1995,First Unit of Quantity,8470300000,China,1995,number,"55,945","161,030","93,350","108,376","482,644","224,048","274,435","151,212","154,006","242,365","187,406","189,976"
1995,First Unit of Quantity,8470500020,China,1995,number,"1,000","1,945","4,000","12,939","16,800","23,200","7,632","13,000","20,160","17,800","16,568","13,236"
1995,First Unit of Quantity,8470500060,China,1995,number,0,65,0,0,0,50,"1,456",948,"2,080","1,368",684,"3,420"
1995,First Unit of Quantity,8470900090,China,1995,number,"14,590","9,039","11,200","6,300","5,660","3,350","54,200","16,550",200,"3,250","19,550","8,450"
1995,First Unit of Quantity,8471100000,China,1995,number,540,0,0,0,0,0,0,1,1,0,0,0
1995,First Unit of Quantity,8471200030,China,1995,number,0,0,0,0,0,0,0,625,0,1,6,0
1995,First Unit of Quantity,8471200060,China,1995,number,"3,304","3,316","4,416","3,316","3,316","2,047",0,"3,300","3,316","3,316","2,200",0
1995,First Unit of Quantity,8471200090,China,1995,number,"2,860",3,420,889,"1,042","1,302",0,14,859,309,301,52
1995,First Unit of Quantity,8471914000,China,1995,number,160,0,"1,088",796,"3,180","8,507","3,516","18,745","6,782",171,40,"1,000"
1995,First Unit of Quantity,8471918030,China,1995,number,0,1,0,0,0,0,0,0,625,3,1,625
1995,First Unit of Quantity,8471918085,China,1995,number,723,691,"1,041",321,"1,875",496,238,390,379,"3,867","1,775","1,029"
1995,First Unit of Quantity,8471921030,China,1995,number,"4,411","1,875","2,025","6,200",0,0,0,33,0,1,5,19
1995,First Unit of Quantity,8471921060,China,1995,number,4,0,0,0,0,0,0,0,0,0,0,0
1995,First Unit of Quantity,8471921090,China,1995,number,0,48,0,0,"5,000",26,0,103,0,84,0,171
1995,First Unit of Quantity,8471922000,China,1995,number,"171,531","100,141","167,328","213,515","206,905","158,769","134,481","230,070","254,461","472,227","603,868","215,964"
1995,First Unit of Quantity,8471923000,China,1995,number,0,0,0,6,3,5,0,0,0,102,0,4
1995,First Unit of Quantity,8471923200,China,1995,number,"38,046","26,974","57,074","43,473","53,137","52,556","93,318","72,893","102,654","90,880","93,483","101,213"
1995,First Unit of Quantity,8471923475,China,1995,number,"10,301","24,662","21,041","16,590","23,439","15,154","12,421","9,554","10,399","4,710","10,249","14,140"
1995,First Unit of Quantity,8471923485,China,1995,number,"2,160",0,"1,218",180,420,1,"49,490","78,444",707,"31,346",525,"50,725"
1995,First Unit of Quantity,8471923600,China,1995,number,0,0,0,40,0,0,0,0,0,0,0,0
1995,First Unit of Quantity,8471923800,China,1995,number,6,200,"1,080","2,061","3,220","2,880","3,251","2,880","1,420","2,719","6,196","8,160"
1995,First Unit of Quantity,8471924200,China,1995,number,0,0,0,0,0,0,0,0,0,3,0,0
1995,First Unit of Quantity,8471924400,China,1995,number,"32,220","24,772","29,240","30,476",0,"10,984","2,000","16,980","52,340","52,389","55,041","74,907"
1995,First Unit of Quantity,8471924600,China,1995,number,0,0,0,0,"10,652",0,0,48,212,"2,200","3,696","1,250"
1995,First Unit of Quantity,8471925240,China,1995,number,"31,857","32,072","42,240","56,246","27,420","23,000","12,974","12,538","11,359","10,856","23,680","10,730"
1995,First Unit of Quantity,8471925280,China,1995,number,"1,000","12,312",0,0,0,"2,612",0,800,"1,964",0,0,"1,400"
1995,First Unit of Quantity,8471925600,China,1995,number,"3,960","9,240","6,600","9,240","7,920","19,800","9,240",4,0,"4,840","4,830","3,930"
1995,First Unit of Quantity,8471926200,China,1995,number,0,0,14,0,"1,600","1,600","4,800",0,"9,600","13,316","16,000","11,200"
1995,First Unit of Quantity,8471926400,China,1995,number,0,0,0,0,0,0,0,0,140,0,902,0
1995,First Unit of Quantity,8471926800,China,1995,number,61,21,61,26,31,30,0,32,13,14,0,0
1995,First Unit of Quantity,8471927200,China,1995,number,0,60,0,0,41,0,0,3,0,23,0,"2,838"
1995,First Unit of Quantity,8471928065,China,1995,number,1,2,0,171,1,1,"13,801","6,900",2,"17,519","7,000",501
1995,First Unit of Quantity,8471928085,China,1995,number,"25,628","17,173","22,014","26,375","30,726","27,338","10,983","23,643","32,660","35,509","21,671","33,212"
1995,First Unit of Quantity,8471928400,China,1995,number,"14,800","1,280","3,322","2,284","1,200","5,808","9,294","15,470","14,990","13,820","12,963","17,386"
1995,First Unit of Quantity,8471928820,China,1995,number,"3,130","4,800","2,240",0,700,710,"1,703",800,600,"10,000",800,"1,400"
1995,First Unit of Quantity,8471928860,China,1995,number,"29,320","13,277","49,291","9,776","14,233","7,363","3,065","4,937","6,749","12,164","15,186","23,201"
1995,First Unit of Quantity,8471928880,China,1995,number,"1,030,792","643,270","913,993","1,002,458","1,161,629","1,083,347","1,467,916","1,617,904","1,412,595","2,351,033","2,435,232","2,176,849"
1995,First Unit of Quantity,8471931000,China,1995,number,0,0,0,61,0,0,0,0,0,0,4,0
1995,First Unit of Quantity,8471931500,China,1995,number,0,0,400,0,0,0,0,0,0,0,0,0
1995,First Unit of Quantity,8471932000,China,1995,number,0,0,0,0,0,0,0,0,0,0,0,1
1995,First Unit of Quantity,8471933020,China,1995,number,"528,497","399,931","426,425","583,886","685,004","618,653","751,246","809,678","554,994","721,936","773,188","706,777"
1995,First Unit of Quantity,8471933040,China,1995,number,"10,556","4,128","9,070","2,037","1,668","2,591","58,034","58,613","41,686","100,220","139,601","149,048"
1995,First Unit of Quantity,8471933060,China,1995,number,321,0,1,0,0,"3,680","2,000","1,000",0,0,"1,000",530
1995,First Unit of Quantity,8471934030,China,1995,number,19,0,100,0,0,210,0,0,0,0,0,200
1995,First Unit of Quantity,8471934050,China,1995,number,0,9,0,0,0,0,0,1,1,"3,505",0,0
1995,First Unit of Quantity,8471935000,China,1995,number,"97,012","97,565","114,024","135,795","153,655","179,489","237,449","233,239","247,202","186,829","430,446","315,229"
1995,First Unit of Quantity,8471936000,China,1995,number,0,0,48,2,0,0,0,0,0,0,0,0
1995,First Unit of Quantity,8471991500,China,1995,number,"209,394","202,793","205,779","124,739","174,727","185,944","187,736","82,875","96,352","182,487","134,882","206,977"
1995,First Unit of Quantity,8471993200,China,1995,number,"559,126","367,842","558,185","652,677","580,542","628,739","622,753","568,938","692,494","880,541","673,385","685,036"
1995,First Unit of Quantity,8471993400,China,1995,number,"27,424","48,691","36,843","36,449","37,101","21,171","24,723","23,976","32,700","47,705","62,352","24,638"
1995,First Unit of Quantity,8471996000,China,1995,number,"2,177","17,537","29,766","19,791","26,487","6,517",490,161,"1,760","5,319",207,"1,519"
1995,First Unit of Quantity,8471999000,China,1995,number,"4,700",440,"2,103",942,"1,833",623,"2,510",403,"1,026","19,233","13,908","1,780"
1995,First Unit of Quantity,8472300000,China,1995,number,0,"15,840","6,192","15,840","10,384","2,016",0,"10,440","10,176","85,056","74,976","8,964"
1995,First Unit of Quantity,8472902020,China,1995,number,15,83,0,140,70,120,50,0,39,39,62,"2,006"
1995,First Unit of Quantity,8472904000,China,1995,number,"86,430","72,368","29,426","279,935","217,230","381,590","254,344","227,700","148,285","76,604","99,272","143,787"
1995,First Unit of Quantity,8472906000,China,1995,number,0,0,0,0,0,76,0,317,0,0,0,0
1995,First Unit of Quantity,8472907000,China,1995,number,0,0,0,0,15,164,0,116,835,256,117,413
1995,First Unit of Quantity,8472909000,China,1995,number,"489,771","605,226","685,791","900,663","1,200,067","1,330,652","1,569,986","1,401,675","1,490,709","1,199,629","851,409","610,068"
1995,First Unit of Quantity,8473103000,China,1995,no units collected,0,0,0,0,0,0,0,0,0,0,0,0
1995,First Unit of Quantity,8473106000,China,1995,no units collected,0,0,0,0,0,0,0,0,0,0,0,0
1995,First Unit of Quantity,8473109000,China,1995,no units collected,0,0,0,0,0,0,0,0,0,0,0,0
1995,First Unit of Quantity,8473210000,China,1995,no units collected,0,0,0,0,0,0,0,0,0,0,0,0
1995,First Unit of Quantity,8473290000,China,1995,no units collected,0,0,0,0,0,0,0,0,0,0,0,0
1995,First Unit of Quantity,8473301000,China,1995,no units collected,0,0,0,0,0,0,0,0,0,0,0,0
1995,First Unit of Quantity,8473302000,China,1995,no units collected,0,0,0,0,0,0,0,0,0,0,0,0
1995,First Unit of Quantity,8473303000,China,1995,no units collected,0,0,0,0,0,0,0,0,0,0,0,0
1995,First Unit of Quantity,8473303500,China,1995,no units collected,0,0,0,0,0,0,0,0,0,0,0,0
1995,First Unit of Quantity,8473304500,China,1995,no units collected,0,0,0,0,0,0,0,0,0,0,0,0
1995,First Unit of Quantity,8473305000,China,1995,no units collected,0,0,0,0,0,0,0,0,0,0,0,0
1995,First Unit of Quantity,8473306000,China,1995,no units collected,0,0,0,0,0,0,0,0,0,0,0,0
1995,First Unit of Quantity,8473309000,China,1995,no units collected,0,0,0,0,0,0,0,0,0,0,0,0
1995,First Unit of Quantity,8473402000,China,1995,no units collected,0,0,0,0,0,0,0,0,0,0,0,0
1995,First Unit of Quantity,8473406000,China,1995,no units collected,0,0,0,0,0,0,0,0,0,0,0,0
1995,First Unit of Quantity,8473409000,China,1995,no units collected,0,0,0,0,0,0,0,0,0,0,0,0
1995,First Unit of Quantity,8474100010,China,1995,number,0,2,92,5,10,0,0,0,0,50,0,0
1995,First Unit of Quantity,8474100090,China,1995,number,0,23,0,0,0,20,418,0,0,412,6,416
1995,First Unit of Quantity,8474200010,China,1995,number,60,0,40,0,0,49,0,0,0,0,0,0
1995,First Unit of Quantity,8474200050,China,1995,number,9,2,19,0,8,0,2,0,0,0,6,2
1995,First Unit of Quantity,8474200070,China,1995,number,0,0,0,18,7,10,8,23,27,0,28,15
1995,First Unit of Quantity,8474310000,China,1995,number,0,0,0,0,0,0,0,0,0,0,210,0
1995,First Unit of Quantity,8474800080,China,1995,number,0,0,0,0,1,0,0,0,0,2,2,0
1995,First Unit of Quantity,8474900010,China,1995,no units collected,0,0,0,0,0,0,0,0,0,0,0,0
1995,First Unit of Quantity,8474900020,China,1995,no units collected,0,0,0,0,0,0,0,0,0,0,0,0
1995,First Unit of Quantity,8474900050,China,1995,no units collected,0,0,0,0,0,0,0,0,0,0,0,0
1995,First Unit of Quantity,8474900090,China,1995,no units collected,0,0,0,0,0,0,0,0,0,0,0,0
1995,First Unit of Quantity,8475901000,China,1995,no units collected,0,0,0,0,0,0,0,0,0,0,0,0
1995,First Unit of Quantity,8475909000,China,1995,no units collected,0,0,0,0,0,0,0,0,0,0,0,0
1995,First Unit of Quantity,8476190000,China,1995,number,0,8,"5,796",0,"6,570","2,580","5,370","6,000","5,526","17,384",0,"3,000"
1995,First Unit of Quantity,8476900000,China,1995,no units collected,0,0,0,0,0,0,0,0,0,0,0,0
1995,First Unit of Quantity,8477108010,China,1995,number,2,0,0,0,0,0,0,0,0,0,0,0
1995,First Unit of Quantity,8477108090,China,1995,number,0,0,1,1,1,0,0,0,2,1,0,0
1995,First Unit of Quantity,8477200015,China,1995,number,0,0,0,0,0,1,0,0,0,0,0,0
1995,First Unit of Quantity,8477300000,China,1995,number,0,0,0,0,0,0,2,0,2,0,0,0
1995,First Unit of Quantity,8477510010,China,1995,number,0,0,0,0,0,1,0,0,0,0,0,0
1995,First Unit of Quantity,8477590000,China,1995,number,0,1,0,0,0,0,0,0,0,0,0,0
1995,First Unit of Quantity,8477800000,China,1995,number,0,0,0,0,0,3,0,8,0,0,6,0
1995,First Unit of Quantity,8477904000,China,1995,no units collected,0,0,0,0,0,0,0,0,0,0,0,0
1995,First Unit of Quantity,8477908010,China,1995,no units collected,0,0,0,0,0,0,0,0,0,0,0,0
1995,First Unit of Quantity,8477908020,China,1995,no units collected,0,0,0,0,0,0,0,0,0,0,0,0
1995,First Unit of Quantity,8477908030,China,1995,no units collected,0,0,0,0,0,0,0,0,0,0,0,0
1995,First Unit of Quantity,8477908090,China,1995,no units collected,0,0,0,0,0,0,0,0,0,0,0,0
1995,First Unit of Quantity,8479200000,China,1995,number,0,0,0,0,0,0,0,0,3,0,0,0
1995,First Unit of Quantity,8479810000,China,1995,number,0,0,0,197,0,0,0,0,5,0,906,0
1995,First Unit of Quantity,8479820040,China,1995,number,238,286,"1,032",0,0,0,0,2,1,0,0,0
1995,First Unit of Quantity,8479820080,China,1995,number,0,0,6,0,0,0,0,1,0,0,0,0
1995,First Unit of Quantity,8479891000,China,1995,number,"6,490",585,540,"4,343",480,"4,558",558,0,0,"3,984","45,850","6,828"
1995,First Unit of Quantity,8479893080,China,1995,number,0,0,0,0,0,0,0,0,0,"2,016",0,0
1995,First Unit of Quantity,8479896500,China,1995,no units collected,0,0,0,0,0,0,0,0,0,0,0,0
1995,First Unit of Quantity,8479897000,China,1995,number,0,0,"10,752",0,0,0,0,0,0,0,0,0
1995,First Unit of Quantity,8479898590,China,1995,number,0,0,0,35,0,2,100,"1,110",0,0,0,0
1995,First Unit of Quantity,8479899550,China,1995,number,0,0,0,0,0,0,2,0,0,0,0,0
1995,First Unit of Quantity,8479899560,China,1995,number,"2,455","1,500",0,"4,050","1,170","6,497",0,"3,200","1,500",1,0,0
1995,First Unit of Quantity,8479899585,China,1995,number,"6,216",0,0,0,0,0,"7,872",0,0,"15,360","48,328",0
1995,First Unit of Quantity,8479899595,China,1995,number,"2,496",0,"2,496",0,"10,000",0,0,516,"10,000","5,000","1,300",864
1995,First Unit of Quantity,8479899598,China,1995,number,0,0,0,"32,305","44,919","35,250","44,449","56,026","132,490","97,342","97,608","55,840"
1995,First Unit of Quantity,8479899599,China,1995,number,"47,099","48,610","20,806",0,0,0,0,0,0,0,0,0
1995,First Unit of Quantity,8479904000,China,1995,no units collected,0,0,0,0,0,0,0,0,0,0,0,0
1995,First Unit of Quantity,8479909540,China,1995,no units collected,0,0,0,0,0,0,0,0,0,0,0,0
1995,First Unit of Quantity,8479909550,China,1995,no units collected,0,0,0,0,0,0,0,0,0,0,0,0
1995,First Unit of Quantity,8479909565,China,1995,no units collected,0,0,0,0,0,0,0,0,0,0,0,0
1995,First Unit of Quantity,8479909570,China,1995,no units collected,0,0,0,0,0,0,0,0,0,0,0,0
1995,First Unit of Quantity,8479909590,China,1995,no units collected,0,0,0,0,0,0,0,0,0,0,0,0
1995,First Unit of Quantity,8480200000,China,1995,number,"1,143",162,14,6,129,233,225,110,0,"3,173",0,0
1995,First Unit of Quantity,8480300000,China,1995,number,0,0,0,0,0,0,1,"1,438",0,0,0,0
1995,First Unit of Quantity,8480410000,China,1995,number,0,0,1,0,0,0,1,0,1,0,1,0
1995,First Unit of Quantity,8480490000,China,1995,number,3,"22,658",90,"10,000","17,298",0,"28,008","14,226","10,001","10,012","16,001",2
1995,First Unit of Quantity,8480500010,China,1995,number,0,1,0,0,0,0,0,0,0,0,0,0
1995,First Unit of Quantity,8480711000,China,1995,number,0,0,0,0,0,0,0,0,0,25,0,0
1995,First Unit of Quantity,8480719010,China,1995,number,21,0,26,763,24,12,30,8,3,28,9,81
1995,First Unit of Quantity,8480719090,China,1995,number,0,0,0,0,0,1,0,70,0,0,0,0
1995,First Unit of Quantity,8480791000,China,1995,number,466,0,0,0,0,0,0,0,0,0,0,0
1995,First Unit of Quantity,8480799010,China,1995,number,0,0,0,0,0,0,4,0,0,0,0,12
1995,First Unit of Quantity,8480799090,China,1995,number,0,1,"1,300",0,603,6,0,0,"5,500","40,504","3,921","8,533"
1995,First Unit of Quantity,8481100040,China,1995,number,"9,360",0,0,0,"7,776",0,0,0,0,0,0,0
1995,First Unit of Quantity,8481100090,China,1995,number,"20,448","18,868","4,032","18,532",0,0,0,"14,544","22,108","6,156","36,155","47,853"
1995,First Unit of Quantity,8481200040,China,1995,number,0,0,0,0,474,0,200,1,0,0,0,175
1995,First Unit of Quantity,8481200060,China,1995,number,1,0,0,0,0,0,1,0,0,0,0,0
1995,First Unit of Quantity,8481200070,China,1995,number,0,0,0,0,0,0,0,0,0,0,1,0
1995,First Unit of Quantity,8481200080,China,1995,number,"9,794",307,0,840,"1,032","2,737","2,976","2,112",576,416,176,"1,200"
1995,First Unit of Quantity,8481301010,China,1995,number,0,"7,832",0,"5,220",0,"7,180","1,200",0,0,0,0,0
1995,First Unit of Quantity,8481301090,China,1995,number,0,0,"7,320","2,434",0,"9,840","2,090",0,"2,420","5,000",0,"11,240"
1995,First Unit of Quantity,8481302010,China,1995,number,30,60,215,711,84,662,50,"2,661",0,99,58,0
1995,First Unit of Quantity,8481302090,China,1995,number,249,272,887,0,275,100,102,50,605,334,0,788
1995,First Unit of Quantity,8481309000,China,1995,number,"10,500","166,668","123,000","31,496","169,832","54,394","16,368","93,120","45,200","113,840","292,000","120,100"
1995,First Unit of Quantity,8481400000,China,1995,number,"5,702",100,"30,000","1,660","17,400",0,"10,312","13,622",0,"12,616","1,006","94,906"
1995,First Unit of Quantity,8481801020,China,1995,number,803,"81,724","43,484","4,158","67,198","8,550","79,470","3,846","47,306","8,256","16,616","28,944"
1995,First Unit of Quantity,8481801030,China,1995,number,"13,890","40,888","15,982","81,462","51,040","51,120","30,562","32,198","38,656","22,752","38,932","16,584"
1995,First Unit of Quantity,8481801040,China,1995,number,0,"26,000","7,200","20,000","6,000","76,300",0,0,"44,928","110,326","22,320","2,160"
1995,First Unit of Quantity,8481801050,China,1995,number,"1,152,443","1,779,342","329,022","1,489,138","1,891,462","795,348","1,380,020","536,173","1,123,172","902,218","510,540","553,184"
1995,First Unit of Quantity,8481801060,China,1995,number,"122,669","236,954","28,844","105,504","53,070","171,131","98,904","53,852","48,157","120,097","101,073","82,834"
1995,First Unit of Quantity,8481801070,China,1995,number,"27,912","1,224","4,308","9,360",0,"31,572","50,986","2,472","28,584",0,"12,948","41,040"
1995,First Unit of Quantity,8481801075,China,1995,number,0,0,"63,300","50,000",0,0,"148,000","82,000","239,000","45,004",0,0
1995,First Unit of Quantity,8481801085,China,1995,number,"214,202","425,053","157,948","127,527","96,799","329,821","76,507","127,539","7,900","306,048","89,784","154,189"
1995,First Unit of Quantity,8481801090,China,1995,number,0,0,0,0,0,"9,250",0,0,"35,465",0,"6,677","6,349"
1995,First Unit of Quantity,8481801095,China,1995,number,"144,410","119,545","39,505","72,900","60,154","57,163","174,106","123,860","32,920","111,462","165,632","71,384"
1995,First Unit of Quantity,8481803010,China,1995,number,"5,502","4,151",676,"6,911",846,"2,748",882,"5,352",750,"2,696","2,933",234
1995,First Unit of Quantity,8481803015,China,1995,number,254,177,300,176,6,186,86,279,120,0,258,0
1995,First Unit of Quantity,8481803020,China,1995,number,0,0,174,0,0,0,315,0,0,0,40,0
1995,First Unit of Quantity,8481803025,China,1995,number,0,0,1,825,728,0,681,"6,292",0,0,"26,700",350
1995,First Unit of Quantity,8481803030,China,1995,number,"9,709",415,0,"3,764",704,"6,582","1,025","20,587","3,030","50,985","9,115","17,575"
1995,First Unit of Quantity,8481803040,China,1995,number,788,730,0,828,0,"3,833",44,382,374,957,"10,245","1,799"
1995,First Unit of Quantity,8481803055,China,1995,number,"1,449","3,560","1,522",40,926,854,"4,434",968,"2,234","1,497","1,599","4,822"
1995,First Unit of Quantity,8481803060,China,1995,number,102,122,0,4,121,454,170,42,250,342,0,"1,677"
1995,First Unit of Quantity,8481803065,China,1995,number,0,0,0,0,0,0,0,0,640,500,0,0
1995,First Unit of Quantity,8481803070,China,1995,number,0,0,0,200,"12,992","6,603","24,787","3,927",148,346,184,0
1995,First Unit of Quantity,8481803075,China,1995,number,760,573,305,496,"3,109",532,"3,915",325,0,4,"2,202","2,613"
1995,First Unit of Quantity,8481803090,China,1995,number,"6,621",160,"10,800","13,104","4,380","7,828","28,063","28,772","22,395",880,"9,504",267
1995,First Unit of Quantity,8481805040,China,1995,number,0,0,0,0,0,0,0,0,"82,344","9,360",0,0
1995,First Unit of Quantity,8481805060,China,1995,number,"14,304","63,508","14,022","36,400","80,658","54,545","50,252","106,922","43,272","141,397","86,373","79,018"
1995,First Unit of Quantity,8481805090,China,1995,number,"291,328","318,992","351,908","404,201","416,603","495,144","500,742","395,839","862,887","499,147","399,196","166,289"
1995,First Unit of Quantity,8481809010,China,1995,number,0,0,0,"10,000","90,204","10,904",0,"15,000",0,"82,000","10,000","9,340"
1995,First Unit of Quantity,8481809015,China,1995,number,0,"69,440","24,300","31,590","233,662","212,688","77,760","66,014","254,452",155,0,"80,650"
1995,First Unit of Quantity,8481809025,China,1995,number,0,0,0,0,0,0,0,"3,305",0,0,0,0
1995,First Unit of Quantity,8481809040,China,1995,number,0,0,0,0,100,0,0,0,0,0,0,0
1995,First Unit of Quantity,8481809050,China,1995,number,"27,840","20,000","6,880",0,115,0,"5,876","1,501",0,"9,101",500,"85,304"
1995,First Unit of Quantity,8481901000,China,1995,kilograms,"21,236","68,897","87,895","51,806","21,662","29,400","46,958","47,599","34,315","60,563","25,453","24,800"
1995,First Unit of Quantity,8481903000,China,1995,kilograms,"226,220","330,281","480,276","185,148","437,332","265,290","342,503","475,501","334,900","287,628","173,288","203,557"
1995,First Unit of Quantity,8481905000,China,1995,kilograms,"36,755","43,578","20,811","23,556","37,861","21,095","20,874","22,301","26,087","30,375","54,081","60,054"
1995,First Unit of Quantity,8481909020,China,1995,kilograms,0,0,0,0,"30,196","29,374","61,878","63,310","28,556","35,259","11,750",0
1995,First Unit of Quantity,8481909040,China,1995,kilograms,0,0,0,"30,662",0,480,0,0,0,"2,092","1,781","1,340"
1995,First Unit of Quantity,8481909060,China,1995,kilograms,"217,040","175,015","235,438","217,968","157,610","200,866","122,511","153,635","88,567","119,590","69,371","207,484"
1995,First Unit of Quantity,8481909080,China,1995,kilograms,"53,007","33,738","129,907","58,140","118,458","139,601","128,845","144,072","136,019","102,369","173,002","93,828"
1995,First Unit of Quantity,8482101040,China,1995,number,"48,100","56,194",0,0,"94,110","106,200","162,600","166,594","134,385","176,650","25,000","70,300"
1995,First Unit of Quantity,8482101080,China,1995,number,"2,500","51,098","4,330","89,763","270,820",0,"48,150","175,440","105,208","189,550","32,000","55,090"
1995,First Unit of Quantity,8482105004,China,1995,number,"148,268","177,610","26,030","142,128","112,092","238,680","202,378","156,604","154,464","104,588","201,222","283,703"
1995,First Unit of Quantity,8482105008,China,1995,number,"14,788","31,645","5,000","6,000","16,308","15,000",0,"131,000","4,280","30,000",0,"34,507"
1995,First Unit of Quantity,8482105024,China,1995,number,"10,359",500,0,0,0,0,0,0,0,0,"4,100",0
1995,First Unit of Quantity,8482105028,China,1995,number,"10,000","10,860","22,415","106,426","8,270","10,907","24,025",0,"40,275","14,985","23,191","15,536"
1995,First Unit of Quantity,8482105032,China,1995,number,"1,018,600","486,000","575,489","385,550","449,740","120,343","193,328","748,388","2,162,965","679,416","749,260","265,146"
1995,First Unit of Quantity,8482105036,China,1995,number,"333,400","355,620","3,600","439,121","860,380","491,500","756,392","780,438","661,690","560,270","567,600","493,000"
1995,First Unit of Quantity,8482105044,China,1995,number,"3,723,106","3,279,574","3,676,119","3,820,864","5,318,708","5,165,431","5,405,131","4,091,709","4,715,257","5,248,960","2,518,156","3,376,973"
1995,First Unit of Quantity,8482105048,China,1995,number,"3,866,155","2,475,985","2,392,758","2,970,363","3,228,205","4,145,084","3,363,985","3,439,656","2,733,624","2,210,750","3,513,004","3,606,408"
1995,First Unit of Quantity,8482105052,China,1995,number,"369,086","718,140","680,597","744,349","503,441","392,228","560,551","329,688","328,110","400,278","306,086","184,221"
1995,First Unit of Quantity,8482105056,China,1995,number,"12,843","53,571",0,"23,544","7,104",0,"10,583","13,929","2,589","31,227","4,555","2,000"
1995,First Unit of Quantity,8482105060,China,1995,number,"2,078","2,541","45,000",0,0,"101,000","48,732","5,528","2,188","1,323","112,055","44,000"
1995,First Unit of Quantity,8482105064,China,1995,number,"712,674","466,065","632,082","655,906","868,088","452,730","1,135,004","607,940","237,808","1,072,362","391,150","1,081,374"
1995,First Unit of Quantity,8482105068,China,1995,number,"287,126","156,725","304,504","601,987","557,078","599,681","350,160","465,461","806,706","482,534","659,875","674,812"
1995,First Unit of Quantity,8482200020,China,1995,number,0,0,"7,700",0,0,"5,000",0,0,0,0,0,500
1995,First Unit of Quantity,8482200030,China,1995,number,"99,873","190,753","71,130","126,469","164,824","217,145","70,630","433,576","54,080","6,776","100,553","307,119"
1995,First Unit of Quantity,8482200040,China,1995,number,"543,683","287,222","307,493","255,278","419,085","475,086","608,867","730,336","467,084","319,992","434,337","340,611"
1995,First Unit of Quantity,8482200060,China,1995,number,"5,000","96,686","4,378","55,000","24,756","78,000","201,000","151,646",0,"89,700","206,400",0
1995,First Unit of Quantity,8482200070,China,1995,number,"331,252","355,880","144,657","373,415","567,345","368,320","504,333","516,800","267,350","294,474","379,490","554,640"
1995,First Unit of Quantity,8482200080,China,1995,number,"904,244","253,735","836,975","590,191","106,476","861,666","726,053","159,949","415,116","780,199","183,455","672,724"
1995,First Unit of Quantity,8482300040,China,1995,number,0,0,"3,500",0,"18,175",0,0,0,"5,070","6,800",0,0
1995,First Unit of Quantity,8482300080,China,1995,number,"5,909",0,"1,282","1,420",430,50,0,100,0,"4,642",433,200
1995,First Unit of Quantity,8482400000,China,1995,number,"2,700","27,210","2,790","6,135",0,752,"3,462","60,000",0,0,0,904
1995,First Unit of Quantity,8482500000,China,1995,number,"12,520","5,060","44,780","18,882","47,410","40,800","76,703","55,698",940,"1,551","34,000","13,401"
1995,First Unit of Quantity,8482800080,China,1995,number,"30,160","30,000","15,000",0,0,"28,534","7,709",0,"3,672","4,319",72,"4,500"
1995,First Unit of Quantity,8482910010,China,1995,kilograms,"56,176","56,853","34,362","35,754","17,712","40,479","151,723","134,519","18,740","32,611","31,247","16,884"
1995,First Unit of Quantity,8482910020,China,1995,kilograms,"2,541",0,0,"2,364",0,"7,629","1,265","31,648","16,131","22,304","91,274","59,393"
1995,First Unit of Quantity,8482910040,China,1995,kilograms,0,0,0,0,0,0,0,0,"12,358",0,0,0
1995,First Unit of Quantity,8482910050,China,1995,kilograms,"49,077","32,899",0,"7,128",0,"56,767","19,048","14,036","31,981","37,908","16,009","10,793"
1995,First Unit of Quantity,8482910090,China,1995,kilograms,0,0,0,0,0,0,0,"10,000",0,0,0,0
1995,First Unit of Quantity,8482990500,China,1995,number,"124,044","43,200",0,0,0,0,0,0,0,0,0,0
1995,First Unit of Quantity,8482991540,China,1995,number,"697,176","474,258","294,051","450,979","770,715","404,157","1,153,645","647,728","458,847","752,843","1,183,852","268,146"
1995,First Unit of Quantity,8482991580,China,1995,number,"96,465","54,024","286,400","49,257","64,955","184,226","63,803","66,860","59,600","161,485","80,163","14,595"
1995,First Unit of Quantity,8482993500,China,1995,kilograms,543,714,824,273,517,701,968,"2,755","1,808",387,"5,622","1,018"
1995,First Unit of Quantity,8482994500,China,1995,kilograms,"2,893","9,846","2,105","92,229","1,086","4,270",0,"21,682",0,0,0,0
1995,First Unit of Quantity,8482996560,China,1995,kilograms,0,0,0,0,0,0,0,"1,803",0,800,0,0
1995,First Unit of Quantity,8482996595,China,1995,kilograms,0,0,0,"28,450","8,000",0,"47,250","3,963","2,925","8,527","18,986","44,270"
1995,First Unit of Quantity,8483101010,China,1995,number,143,0,0,0,0,77,0,305,0,0,0,0
1995,First Unit of Quantity,8483101030,China,1995,number,300,318,447,0,630,0,241,0,420,238,388,32
1995,First Unit of Quantity,8483101050,China,1995,number,0,0,0,0,0,0,"1,000",0,0,0,0,600
1995,First Unit of Quantity,8483103050,China,1995,number,0,0,0,150,0,0,0,"1,200",0,"2,404",3,"1,200"
1995,First Unit of Quantity,8483105000,China,1995,kilograms,"8,272","14,640","7,414","12,000",0,"15,000",0,"8,709",0,91,460,0
1995,First Unit of Quantity,8483204040,China,1995,number,"47,713","26,810","26,207","4,418","1,294","8,201","19,265","20,519","10,829","22,729","28,290","32,133"
1995,First Unit of Quantity,8483204080,China,1995,number,"10,465",0,0,0,"17,351",0,"11,345","19,501",0,"16,497","9,054","2,033"
1995,First Unit of Quantity,8483208040,China,1995,number,"104,976","39,839","85,220","35,987","98,097","42,202","73,243","70,103","29,075","21,137","23,891","25,451"
1995,First Unit of Quantity,8483208080,China,1995,number,"4,032",0,0,"21,686",0,110,0,70,32,"20,000",500,0
1995,First Unit of Quantity,8483304040,China,1995,kilograms,"9,820",0,"1,706",0,0,"33,908","22,045","4,337","12,349","10,180","5,909","18,474"
1995,First Unit of Quantity,8483304080,China,1995,kilograms,"3,466","3,060","9,680",0,"9,825","3,618",0,"10,740",717,"9,005",0,"5,789"
1995,First Unit of Quantity,8483308020,China,1995,kilograms,"42,685","43,148","20,461","29,513","72,908","41,930",348,"25,651","26,597",638,"36,743","39,977"
1995,First Unit of Quantity,8483308040,China,1995,kilograms,"7,335",0,20,0,0,0,"18,430","3,411","7,581","2,914","14,563","8,919"
1995,First Unit of Quantity,8483308060,China,1995,number,"10,700","8,200",0,0,0,0,0,0,0,0,0,"3,660"
1995,First Unit of Quantity,8483308070,China,1995,number,0,0,0,0,"2,498","6,500",0,0,0,0,"50,000",0
1995,First Unit of Quantity,8483308090,China,1995,number,"1,700","10,000","132,863","180,940","18,020","127,916","100,006","82,279","140,065","259,913","26,197","19,145"
1995,First Unit of Quantity,8483401000,China,1995,number,0,"12,000",0,0,0,0,0,0,0,0,115,0
1995,First Unit of Quantity,8483403040,China,1995,number,0,0,0,0,0,0,0,0,150,152,200,0
1995,First Unit of Quantity,8483403080,China,1995,number,0,0,0,0,0,0,0,"1,200",0,0,0,0
1995,First Unit of Quantity,8483405010,China,1995,number,"25,355","5,864","4,368","6,993","23,460","1,591","3,855","1,399","31,864",922,"2,209","20,819"
1995,First Unit of Quantity,8483405050,China,1995,number,639,"2,271","15,957","1,200","4,777","1,871","15,514","14,021",313,"2,729","2,182","2,473"
1995,First Unit of Quantity,8483407000,China,1995,number,0,0,0,0,0,0,0,"1,500",0,"2,290",0,0
1995,First Unit of Quantity,8483408000,China,1995,no units collected,0,0,0,0,0,0,0,0,0,0,0,0
1995,First Unit of Quantity,8483409000,China,1995,no units collected,0,0,0,0,0,0,0,0,0,0,0,0
1995,First Unit of Quantity,8483506000,China,1995,no units collected,0,0,0,0,0,0,0,0,0,0,0,0
1995,First Unit of Quantity,8483509040,China,1995,no units collected,0,0,0,0,0,0,0,0,0,0,0,0
1995,First Unit of Quantity,8483509080,China,1995,no units collected,0,0,0,0,0,0,0,0,0,0,0,0
1995,First Unit of Quantity,8483604000,China,1995,no units collected,0,0,0,0,0,0,0,0,0,0,0,0
1995,First Unit of Quantity,8483608000,China,1995,no units collected,0,0,0,0,0,0,0,0,0,0,0,0
1995,First Unit of Quantity,8483901010,China,1995,kilograms,"1,110",0,0,0,0,0,698,0,0,0,0,0
1995,First Unit of Quantity,8483901050,China,1995,kilograms,"61,418","27,135","71,454","40,885","40,090","66,743","28,980","84,922","73,223","29,516","74,234","15,789"
1995,First Unit of Quantity,8483903000,China,1995,no units collected,0,0,0,0,0,0,0,0,0,0,0,0
1995,First Unit of Quantity,8483905000,China,1995,no units collected,0,0,0,0,0,0,0,0,0,0,0,0
1995,First Unit of Quantity,8483907000,China,1995,no units collected,0,0,0,0,0,0,0,0,0,0,0,0
1995,First Unit of Quantity,8483908010,China,1995,no units collected,0,0,0,0,0,0,0,0,0,0,0,0
1995,First Unit of Quantity,8483908090,China,1995,no units collected,0,0,0,0,0,0,0,0,0,0,0,0
1995,First Unit of Quantity,8484100000,China,1995,no units collected,0,0,0,0,0,0,0,0,0,0,0,0
1995,First Unit of Quantity,8484900000,China,1995,number,0,0,0,"48,600",0,525,75,0,0,335,630,0
1995,First Unit of Quantity,8485100080,China,1995,no units collected,0,0,0,0,0,0,0,0,0,0,0,0
1995,First Unit of Quantity,8485900080,China,1995,kilograms,"4,365",76,0,0,38,"3,000","17,100",0,0,"1,240",300,"2,000"
1995,First Unit of Quantity,8501102000,China,1995,number,"6,000","10,080","138,000",0,0,0,0,0,500,0,"2,000",0
1995,First Unit of Quantity,8501104020,China,1995,number,"154,409","149,302","64,201","79,170","23,180","106,856","57,553","92,272","135,256","149,715","84,676","157,032"
1995,First Unit of Quantity,8501104040,China,1995,number,"219,990","153,335","159,060","708,580","254,153","150,092","235,557","310,800","418,485","276,084","229,740","132,820"
1995,First Unit of Quantity,8501104060,China,1995,number,"7,812,758","7,726,414","6,174,938","7,845,444","6,922,694","8,751,530","7,987,410","8,417,459","6,286,939","7,494,597","7,821,323","6,560,463"
1995,First Unit of Quantity,8501104080,China,1995,number,"141,984","260,942","183,510","660,518","995,168","723,861","464,932","308,954","233,123","561,384","371,109","372,156"
1995,First Unit of Quantity,8501106020,China,1995,number,"40,000","32,000","27,000","78,000","95,213","22,700","76,913","29,960","80,010","51,050","85,418","53,300"
1995,First Unit of Quantity,8501106040,China,1995,number,"10,000",0,"5,184","83,552","49,316",350,"4,500","11,000","15,350","48,528",0,"8,000"
1995,First Unit of Quantity,8501106060,China,1995,number,"555,449","584,430","658,563","926,726","665,748","784,954","954,048","756,710","728,923","746,146","460,132","568,545"
1995,First Unit of Quantity,8501106080,China,1995,number,"136,934","160,452","88,038","27,283","34,869","17,384",450,"4,800","10,257","7,392","20,809","15,552"
1995,First Unit of Quantity,8501202000,China,1995,number,"24,960","125,000","155,000","87,059","15,120","25,000","22,020","27,428",900,"37,432","12,000","25,068"
1995,First Unit of Quantity,8501204000,China,1995,number,"65,110","30,496","27,640","10,880","73,576","61,156","55,412","66,050","127,040","47,550","101,716","51,253"
1995,First Unit of Quantity,8501206000,China,1995,number,0,0,150,0,0,200,0,0,160,0,0,0
1995,First Unit of Quantity,8501312000,China,1995,number,"1,414,343","870,912","612,506","912,836","574,058","452,656","476,080","614,030","585,702","793,481","560,514","473,711"
1995,First Unit of Quantity,8501314000,China,1995,number,"511,116","347,425","293,963","296,325","284,366","240,593","490,705","569,759","490,671","625,370","287,604","325,971"
1995,First Unit of Quantity,8501316000,China,1995,number,"12,204","2,040","15,892","11,600","154,380","10,000","9,360","19,090","21,996","7,020","9,372","102,440"
1995,First Unit of Quantity,8501318000,China,1995,number,0,0,0,"1,008",0,0,1,0,0,0,0,0
1995,First Unit of Quantity,8501322000,China,1995,number,"1,524","1,088","5,465","1,020","3,480","1,216","3,998",508,"3,304",0,"4,532",512
1995,First Unit of Quantity,8501325540,China,1995,number,0,160,0,0,0,1,0,0,0,0,0,0
1995,First Unit of Quantity,8501326000,China,1995,number,0,0,0,0,0,0,0,16,20,36,8,20
1995,First Unit of Quantity,8501332040,China,1995,number,0,0,0,0,0,0,0,2,0,0,0,0
1995,First Unit of Quantity,8501332080,China,1995,number,0,0,0,2,0,0,0,0,0,4,0,0
1995,First Unit of Quantity,8501334040,China,1995,number,3,0,0,5,0,0,5,0,0,4,0,0
1995,First Unit of Quantity,8501402020,China,1995,number,"138,976","51,840",0,"27,207","26,378","26,144","26,060","27,144","25,920",0,"20,160","47,856"
1995,First Unit of Quantity,8501402040,China,1995,number,"125,184","143,429","173,960","141,852","106,417","111,636","27,626","113,258","68,225","100,509","44,913","102,509"
1995,First Unit of Quantity,8501404020,China,1995,number,"235,342","159,600","128,446","65,429","67,200","16,800","42,556","74,400","99,194","132,504","109,460","136,200"
1995,First Unit of Quantity,8501404040,China,1995,number,"47,496","29,972","81,876","52,030","61,110","79,382","60,723","73,960","63,239","44,815","32,854","30,412"
1995,First Unit of Quantity,8501405040,China,1995,number,0,0,0,65,0,0,41,0,0,150,0,0
1995,First Unit of Quantity,8501406040,China,1995,number,"1,100",0,10,"2,561","1,203","1,200",0,192,"94,397","26,114","2,400","3,191"
1995,First Unit of Quantity,8501512040,China,1995,number,"20,030","20,000","20,000","20,000",0,0,"41,472",0,0,0,"21,084","5,000"
1995,First Unit of Quantity,8501514040,China,1995,number,0,600,"33,600","65,600",800,"1,592",0,"1,940","1,050",950,0,54
1995,First Unit of Quantity,8501515040,China,1995,number,0,0,0,0,0,0,0,2,0,37,0,0
1995,First Unit of Quantity,8501516040,China,1995,number,0,0,0,0,192,0,0,0,0,0,0,7
1995,First Unit of Quantity,8501524000,China,1995,number,"3,301","3,460","1,746",915,"2,036","1,491","3,619","4,844","2,607","4,480","4,453","3,204"
1995,First Unit of Quantity,8501528040,China,1995,number,"1,847","1,155",771,787,"1,794","2,213","1,761","1,957",906,"1,381","1,473",912
1995,First Unit of Quantity,8501534080,China,1995,number,4,4,1,1,137,2,0,34,36,8,0,6
1995,First Unit of Quantity,8501536000,China,1995,number,0,1,0,0,31,0,0,0,0,0,0,1
1995,First Unit of Quantity,8501538040,China,1995,number,0,2,0,0,145,0,0,0,0,1,0,3
1995,First Unit of Quantity,8501538060,China,1995,number,0,"2,600",0,0,46,0,0,0,0,0,0,0
1995,First Unit of Quantity,8501610000,China,1995,number,206,302,127,100,12,312,0,0,0,137,0,0
1995,First Unit of Quantity,8501640030,China,1995,number,0,0,0,0,0,0,0,0,0,0,0,2
1995,First Unit of Quantity,8501640050,China,1995,number,1,0,0,0,0,0,14,0,0,8,0,0
1995,First Unit of Quantity,8502110000,China,1995,number,0,0,0,0,0,0,0,54,1,0,0,0
1995,First Unit of Quantity,8502200080,China,1995,number,0,0,0,0,0,0,0,0,0,1,0,0
1995,First Unit of Quantity,8502300000,China,1995,number,0,0,1,"1,401",1,500,2,"1,740",202,1,339,400
1995,First Unit of Quantity,8502400000,China,1995,number,"4,000","8,400","2,502",0,0,1,0,0,0,330,2,0
1995,First Unit of Quantity,8503002000,China,1995,number,"4,200","7,600",0,0,0,0,0,0,"29,200","35,000","12,000","7,200"
1995,First Unit of Quantity,8503003500,China,1995,no units collected,0,0,0,0,0,0,0,0,0,0,0,0
1995,First Unit of Quantity,8503007500,China,1995,no units collected,0,0,0,0,0,0,0,0,0,0,0,0
1995,First Unit of Quantity,8503009000,China,1995,no units collected,0,0,0,0,0,0,0,0,0,0,0,0
1995,First Unit of Quantity,8503009520,China,1995,no units collected,0,0,0,0,0,0,0,0,0,0,0,0
1995,First Unit of Quantity,8503009545,China,1995,no units collected,0,0,0,0,0,0,0,0,0,0,0,0
1995,First Unit of Quantity,8503009560,China,1995,no units collected,0,0,0,0,0,0,0,0,0,0,0,0
1995,First Unit of Quantity,8504100000,China,1995,number,"731,628","864,419","860,680","952,710","1,133,121","1,049,733","1,017,856","1,224,529","1,185,922","998,445","1,056,211","963,702"
1995,First Unit of Quantity,8504210020,China,1995,number,825,1,0,0,"1,311",260,"1,203",930,"1,112",680,960,610
1995,First Unit of Quantity,8504210060,China,1995,number,0,0,0,0,0,0,0,0,0,0,11,3
1995,First Unit of Quantity,8504210080,China,1995,number,0,0,0,0,0,0,0,0,"1,000",0,0,0
1995,First Unit of Quantity,8504312000,China,1995,number,"5,559,824","4,832,648","6,407,045","6,250,963","7,811,929","8,011,874","7,273,564","9,048,081","8,484,367","6,331,793","6,749,162","8,041,834"
1995,First Unit of Quantity,8504314035,China,1995,number,"665,931","459,797","722,304","848,131","847,757","851,771","557,830","783,402","597,891","713,936","1,011,454","1,047,086"
1995,First Unit of Quantity,8504314065,China,1995,number,"361,712","393,356","382,725","383,753","442,737","681,925","460,601","576,323","298,666","532,778","430,025","210,265"
1995,First Unit of Quantity,8504316000,China,1995,number,"18,110","20,760","2,760","1,000",200,0,240,"11,310","4,748","14,100","17,300","7,163"
1995,First Unit of Quantity,8504320000,China,1995,number,"21,600","88,922","70,605","130,533","170,144","194,027","273,820","316,499","246,544","370,121","259,187","226,086"
1995,First Unit of Quantity,8504330020,China,1995,number,"14,244","2,500",0,"51,200","2,520","2,207",0,"18,778","6,344","4,383","8,070","12,540"
1995,First Unit of Quantity,8504330040,China,1995,number,"1,696","17,950",5,"3,790",0,"2,620",0,"1,848","1,252",1,0,"9,268"
1995,First Unit of Quantity,8504340000,China,1995,number,0,0,0,0,0,0,0,0,0,0,120,0
1995,First Unit of Quantity,8504404000,China,1995,number,"237,606","169,804","137,712","43,267","164,877","195,308","80,972","245,776","540,287","41,440","11,000","194,638"
1995,First Unit of Quantity,8504408004,China,1995,number,"950,654","910,472","378,901","660,183","381,556","618,147","671,170","943,242","782,594","817,484","651,592","783,829"
1995,First Unit of Quantity,8504408008,China,1995,number,"113,620","126,044","167,620","236,840","180,076","159,068","259,654","109,034","224,999","63,046","131,357","213,454"
1995,First Unit of Quantity,8504408010,China,1995,number,"12,300",226,"17,970","17,220","14,508","16,370","21,537","21,290","7,484","2,065","10,947","12,033"
1995,First Unit of Quantity,8504408015,China,1995,number,"362,884","291,952","233,508","211,876","349,098","406,046","229,362","229,001","272,600","347,546","469,940","477,857"
1995,First Unit of Quantity,8504408025,China,1995,no units collected,0,0,0,0,0,0,0,0,0,0,0,0
1995,First Unit of Quantity,8504408040,China,1995,number,"163,386","252,975","405,455","563,211","644,060","507,473","346,992","815,789","606,201","482,031","539,781","224,204"
1995,First Unit of Quantity,8504408060,China,1995,no units collected,0,0,0,0,0,0,0,0,0,0,0,0
1995,First Unit of Quantity,8504500000,China,1995,number,"8,591,922","4,089,331","6,875,053","7,731,569","9,179,203","8,754,364","11,008,046","10,142,227","11,338,527","14,987,778","12,343,696","8,682,943"
1995,First Unit of Quantity,8504906000,China,1995,number,0,0,"25,000",0,0,0,"2,401",0,500,0,"5,000","58,844"
1995,First Unit of Quantity,8504909010,China,1995,number,0,0,"10,000",0,"15,000","25,000","25,000","55,500","28,750","41,000","136,000","95,652"
1995,First Unit of Quantity,8504909030,China,1995,number,"227,236","124,560","82,000","88,024","12,008",0,"40,000","122,500","202,192","121,692","39,020","12,150"
1995,First Unit of Quantity,8504909040,China,1995,no units collected,0,0,0,0,0,0,0,0,0,0,0,0
1995,First Unit of Quantity,8504909050,China,1995,no units collected,0,0,0,0,0,0,0,0,0,0,0,0
1995,First Unit of Quantity,8504909090,China,1995,no units collected,0,0,0,0,0,0,0,0,0,0,0,0
1995,First Unit of Quantity,8505110000,China,1995,number,"4,399,238","2,279,194","5,711,133","6,434,355","7,157,168","5,911,407","5,640,633","6,625,219","7,678,836","6,990,833","5,013,755","5,393,796"
1995,First Unit of Quantity,8505190000,China,1995,number,"7,681,327","6,443,498","2,956,995","6,000,719","6,372,464","7,210,970","8,795,423","11,155,672","4,702,763","5,920,682","6,055,428","17,827,850"
1995,First Unit of Quantity,8505200000,China,1995,no units collected,0,0,0,0,0,0,0,0,0,0,0,0
1995,First Unit of Quantity,8505300000,China,1995,no units collected,0,0,0,0,0,0,0,0,0,0,0,0
1995,First Unit of Quantity,8505904000,China,1995,no units collected,0,0,0,0,0,0,0,0,0,0,0,0
1995,First Unit of Quantity,8505908000,China,1995,no units collected,0,0,0,0,0,0,0,0,0,0,0,0
1995,First Unit of Quantity,8506110000,China,1995,number,"580,788","516,372","633,928","471,264","1,806,088","630,588","27,124","913,988","1,572,648","3,714,876","5,971,632","2,333,468"
1995,First Unit of Quantity,8506120000,China,1995,number,0,0,0,0,0,0,0,"36,000",0,"1,296",0,"21,000"
1995,First Unit of Quantity,8506130000,China,1995,number,"75,130","85,320","279,321","15,948","338,926",0,"250,000","200,000",0,"19,599","457,177","66,854"
1995,First Unit of Quantity,8506190000,China,1995,number,"7,822,541","6,848,499","5,690,016","3,922,104","4,039,716","5,251,465","6,743,171","8,031,309","10,897,490","6,508,441","4,821,783","4,090,186"
1995,First Unit of Quantity,8506200000,China,1995,number,"131,013",0,"31,111","31,423","90,336","34,152","23,195","94,512","101,480","30,125","123,926","100,940"
1995,First Unit of Quantity,8506900000,China,1995,no units collected,0,0,0,0,0,0,0,0,0,0,0,0
1995,First Unit of Quantity,8507100030,China,1995,number,"1,000","23,148","6,040","44,352",0,"15,120","5,904","23,040","14,508","5,768","12,168","56,560"
1995,First Unit of Quantity,8507100060,China,1995,number,0,"2,800",0,0,0,0,"1,279",0,0,0,0,0
1995,First Unit of Quantity,8507100090,China,1995,number,0,0,0,0,7,"18,120",0,0,0,661,"18,007","1,731"
1995,First Unit of Quantity,8507208030,China,1995,number,457,0,"1,200","25,600",0,"7,000",0,0,"91,392",0,"4,000","31,730"
1995,First Unit of Quantity,8507208040,China,1995,number,"22,640","15,773","15,000","1,020",600,"14,235","1,660",500,0,"21,669","28,880","52,920"
1995,First Unit of Quantity,8507208090,China,1995,number,"4,364","4,232","1,107","5,860",420,"1,787","3,478",675,"111,257","33,536","8,796",0
1995,First Unit of Quantity,8507304000,China,1995,number,0,0,0,"2,016","31,230",0,0,0,0,"6,400",0,0
1995,First Unit of Quantity,8507308010,China,1995,number,"1,440,754","681,749","613,077","1,752,185","914,430","821,658","858,938","1,017,825","1,079,083","1,383,645","567,803","529,716"
1995,First Unit of Quantity,8507308090,China,1995,number,"283,884","129,880","127,490","179,011","172,942","310,392","112,050","174,376","172,718","195,310","140,308","134,595"
1995,First Unit of Quantity,8507408000,China,1995,number,"110,700",0,"11,326",0,"80,000","20,000",786,"80,000",0,"2,910",0,300
1995,First Unit of Quantity,8507804000,China,1995,number,1,0,0,0,0,0,0,0,0,0,0,0
1995,First Unit of Quantity,8507808000,China,1995,number,"96,107","306,334","64,161","120,593","16,387","253,887","50,555","386,361","1,214,599","331,047","123,914","142,833"
1995,First Unit of Quantity,8507904000,China,1995,no units collected,0,0,0,0,0,0,0,0,0,0,0,0
1995,First Unit of Quantity,8507908000,China,1995,no units collected,0,0,0,0,0,0,0,0,0,0,0,0
1995,First Unit of Quantity,8508100010,China,1995,number,"63,803","15,438","10,022","18,889","33,730","54,449","135,366","121,761","154,886","124,341","144,141","92,897"
1995,First Unit of Quantity,8508100030,China,1995,number,500,"1,700","1,000","1,500",0,0,0,"1,500","1,500",0,"1,500",0
1995,First Unit of Quantity,8508100050,China,1995,number,"7,720",0,"34,099","1,775","8,204","11,300","11,600","71,848","289,152","253,573","84,154","99,294"
1995,First Unit of Quantity,8508100070,China,1995,number,"9,920","20,307","21,376","9,104","30,600","23,880","70,144","97,071","30,720","86,264","89,880","17,330"
1995,First Unit of Quantity,8508200020,China,1995,number,0,972,972,0,0,0,972,"1,610",0,0,0,0
1995,First Unit of Quantity,8508200070,China,1995,number,275,0,0,0,0,0,0,0,0,0,0,0
1995,First Unit of Quantity,8508200090,China,1995,number,60,0,0,0,150,0,"1,365",410,0,50,136,0
1995,First Unit of Quantity,8508800010,China,1995,number,"31,702","11,568","11,610","8,387","17,038","28,562","35,656","31,324","35,958","20,845","27,610","21,484"
1995,First Unit of Quantity,8508800015,China,1995,number,915,0,0,0,0,0,0,0,0,0,0,0
1995,First Unit of Quantity,8508800025,China,1995,number,0,0,"2,000",0,0,100,0,0,0,0,0,0
1995,First Unit of Quantity,8508800035,China,1995,number,0,"5,482",0,"8,366",0,"1,632","9,598","1,500","1,906","8,270","11,076","3,736"
1995,First Unit of Quantity,8508800040,China,1995,number,"31,856","30,090","26,933","20,541","20,766","28,412","42,042","64,257","125,685","146,737","66,400","20,785"
1995,First Unit of Quantity,8508800055,China,1995,number,0,0,0,0,0,0,0,0,0,0,0,500
1995,First Unit of Quantity,8508800065,China,1995,number,150,750,504,300,904,198,408,948,500,"1,740","2,220",0
1995,First Unit of Quantity,8508800085,China,1995,number,0,0,0,0,0,"5,148",0,0,0,0,0,0
1995,First Unit of Quantity,8508800090,China,1995,number,"70,219","47,410","15,042","63,955","30,578","31,996","42,976","15,092","36,992","44,192","95,428","49,855"
1995,First Unit of Quantity,8508904000,China,1995,no units collected,0,0,0,0,0,0,0,0,0,0,0,0
1995,First Unit of Quantity,8508908000,China,1995,no units collected,0,0,0,0,0,0,0,0,0,0,0,0
1995,First Unit of Quantity,8509100020,China,1995,number,"278,804","200,181","317,073","319,928","152,776","222,050","196,020","406,075","412,208","440,122","260,204","217,585"
1995,First Unit of Quantity,8509100030,China,1995,number,"37,900","23,580","10,788","21,164","41,304","18,748","10,544","38,662","29,388","63,900","70,070","41,910"
1995,First Unit of Quantity,8509100050,China,1995,number,0,0,0,0,0,0,0,504,0,0,0,0
1995,First Unit of Quantity,8509100070,China,1995,number,0,"2,496","2,496","6,540","37,548","5,994",0,"2,496","4,992","8,192","5,010","4,992"
1995,First Unit of Quantity,8509100080,China,1995,number,"29,290","51,642","14,670","35,620","25,566","17,922","46,542","34,439","23,490","21,708","33,156","8,390"
1995,First Unit of Quantity,8509300000,China,1995,number,510,"7,500","3,000","15,000","9,000","13,000",0,0,"2,500","2,950","2,750","3,000"
1995,First Unit of Quantity,8509400015,China,1995,number,"116,106","84,283","70,516","119,323","59,942","60,048","19,522","103,093","148,593","181,538","95,438","64,170"
1995,First Unit of Quantity,8509400025,China,1995,number,"442,235","437,201","244,307","327,734","270,744","329,789","347,555","576,515","993,154","718,742","546,437","510,650"
1995,First Unit of Quantity,8509400030,China,1995,number,"138,534","129,792","96,448","153,638","48,204","95,328","92,783","60,459","69,871","81,766","91,030","44,884"
1995,First Unit of Quantity,8509400040,China,1995,number,"413,475","210,024","236,634","302,872","249,159","377,924","317,063","569,127","665,647","849,202","519,336","247,687"
1995,First Unit of Quantity,8509800040,China,1995,number,"479,556","336,713","240,628","313,233","264,763","547,293","543,963","514,466","662,910","1,009,413","682,587","372,899"
1995,First Unit of Quantity,8509800045,China,1995,number,"76,608","56,460","10,000","36,706","73,799","62,281","127,630","204,588","276,845","177,430","79,306","31,125"
1995,First Unit of Quantity,8509800050,China,1995,number,"1,092",0,0,0,0,0,"33,190","90,055","47,756","62,572","85,079","43,187"
1995,First Unit of Quantity,8509800070,China,1995,number,0,0,0,0,0,0,762,0,"5,750","9,231","1,320","4,710"
1995,First Unit of Quantity,8509800080,China,1995,number,"41,348","3,975","4,812","9,630","22,678",0,"56,394","170,684","159,155","157,278","164,087","100,007"
1995,First Unit of Quantity,8509800095,China,1995,number,"276,917","236,900","155,296","228,723","269,036","420,325","450,483","798,048","957,282","1,090,917","518,386","288,334"
1995,First Unit of Quantity,8509900530,China,1995,no units collected,0,0,0,0,0,0,0,0,0,0,0,0
1995,First Unit of Quantity,8509900560,China,1995,no units collected,0,0,0,0,0,0,0,0,0,0,0,0
1995,First Unit of Quantity,8509901530,China,1995,no units collected,0,0,0,0,0,0,0,0,0,0,0,0
1995,First Unit of Quantity,8509901560,China,1995,no units collected,0,0,0,0,0,0,0,0,0,0,0,0
1995,First Unit of Quantity,8509904500,China,1995,no units collected,0,0,0,0,0,0,0,0,0,0,0,0
1995,First Unit of Quantity,8509905500,China,1995,no units collected,0,0,0,0,0,0,0,0,0,0,0,0
1995,First Unit of Quantity,8510100000,China,1995,number,"277,950","212,186","119,348","241,041","238,683","383,255","612,898","247,356","656,658","608,311","373,949","176,072"
1995,First Unit of Quantity,8510200000,China,1995,number,"268,818","387,630","247,554","197,256","338,167","334,540","332,428","356,192","546,410","438,590","393,910","365,838"
1995,First Unit of Quantity,8510901000,China,1995,no units collected,0,0,0,0,0,0,0,0,0,0,0,0
1995,First Unit of Quantity,8510902000,China,1995,no units collected,0,0,0,0,0,0,0,0,0,0,0,0
1995,First Unit of Quantity,8510903000,China,1995,no units collected,0,0,0,0,0,0,0,0,0,0,0,0
1995,First Unit of Quantity,8511100000,China,1995,hundred units,"3,650","2,699",0,198,0,"2,116",938,62,0,60,"11,265","3,421"
1995,First Unit of Quantity,8511200000,China,1995,no units collected,0,0,0,0,0,0,0,0,0,0,0,0
1995,First Unit of Quantity,8511300040,China,1995,number,"2,160","1,586",0,0,0,0,"3,526",0,775,0,0,"1,095"
1995,First Unit of Quantity,8511300080,China,1995,number,"55,436","18,000","26,200","11,780","25,000","6,150","9,155","27,699","14,000","34,688","48,000","55,650"
1995,First Unit of Quantity,8511400000,China,1995,number,"4,083","5,803","5,982","12,588","3,721","6,165","9,615","8,135","7,918","28,670","17,985","4,272"
1995,First Unit of Quantity,8511500000,China,1995,number,"1,200","2,782","1,214","2,000","6,347","1,904","1,611","3,633","1,781","4,976","5,400","1,769"
1995,First Unit of Quantity,8511802000,China,1995,number,0,"34,860",0,"33,205","10,000","111,100","24,248",0,"27,253","59,600","54,788","1,445"
1995,First Unit of Quantity,8511804000,China,1995,number,150,200,"5,511",0,0,0,"3,150",0,150,738,"1,900",350
1995,First Unit of Quantity,8511806000,China,1995,no units collected,0,0,0,0,0,0,0,0,0,0,0,0
1995,First Unit of Quantity,8511902000,China,1995,no units collected,0,0,0,0,0,0,0,0,0,0,0,0
1995,First Unit of Quantity,8511904000,China,1995,no units collected,0,0,0,0,0,0,0,0,0,0,0,0
1995,First Unit of Quantity,8511906020,China,1995,number,360,0,0,0,0,0,0,0,0,0,0,0
1995,First Unit of Quantity,8511906040,China,1995,no units collected,0,0,0,0,0,0,0,0,0,0,0,0
1995,First Unit of Quantity,8512102000,China,1995,no units collected,0,0,0,0,0,0,0,0,0,0,0,0
1995,First Unit of Quantity,8512104000,China,1995,no units collected,0,0,0,0,0,0,0,0,0,0,0,0
1995,First Unit of Quantity,8512202040,China,1995,no units collected,0,0,0,0,0,0,0,0,0,0,0,0
1995,First Unit of Quantity,8512202080,China,1995,no units collected,0,0,0,0,0,0,0,0,0,0,0,0
1995,First Unit of Quantity,8512204040,China,1995,no units collected,0,0,0,0,0,0,0,0,0,0,0,0
1995,First Unit of Quantity,8512204080,China,1995,no units collected,0,0,0,0,0,0,0,0,0,0,0,0
1995,First Unit of Quantity,8512300020,China,1995,no units collected,0,0,0,0,0,0,0,0,0,0,0,0
1995,First Unit of Quantity,8512300040,China,1995,no units collected,0,0,0,0,0,0,0,0,0,0,0,0
1995,First Unit of Quantity,8512402000,China,1995,no units collected,0,0,0,0,0,0,0,0,0,0,0,0
1995,First Unit of Quantity,8512404000,China,1995,no units collected,0,0,0,0,0,0,0,0,0,0,0,0
1995,First Unit of Quantity,8512902000,China,1995,no units collected,0,0,0,0,0,0,0,0,0,0,0,0
1995,First Unit of Quantity,8512904000,China,1995,no units collected,0,0,0,0,0,0,0,0,0,0,0,0
1995,First Unit of Quantity,8512906000,China,1995,no units collected,0,0,0,0,0,0,0,0,0,0,0,0
1995,First Unit of Quantity,8512909000,China,1995,no units collected,0,0,0,0,0,0,0,0,0,0,0,0
1995,First Unit of Quantity,8513102000,China,1995,number,"3,583,412","1,437,537","2,036,286","2,933,648","3,109,132","3,747,947","2,344,497","3,587,910","3,189,933","3,923,342","3,319,332","2,233,610"
1995,First Unit of Quantity,8513104000,China,1995,number,"1,531,816","940,930","1,105,331","1,330,436","1,512,618","1,641,588","2,073,293","2,731,497","2,523,729","2,625,468","2,239,373","2,672,737"
1995,First Unit of Quantity,8513902000,China,1995,no units collected,0,0,0,0,0,0,0,0,0,0,0,0
1995,First Unit of Quantity,8513904000,China,1995,no units collected,0,0,0,0,0,0,0,0,0,0,0,0
1995,First Unit of Quantity,8514100000,China,1995,number,0,"3,940",0,0,0,0,0,0,0,0,0,0
1995,First Unit of Quantity,8514200000,China,1995,number,0,0,0,0,0,0,0,0,"121,500",0,0,0
1995,First Unit of Quantity,8514302000,China,1995,number,0,"17,280",0,0,0,0,0,0,0,0,0,0
1995,First Unit of Quantity,8514304000,China,1995,number,1,2,0,6,0,0,0,0,0,0,0,0
1995,First Unit of Quantity,8514400000,China,1995,no units collected,0,0,0,0,0,0,0,0,0,0,0,0
1995,First Unit of Quantity,8514900000,China,1995,no units collected,0,0,0,0,0,0,0,0,0,0,0,0
1995,First Unit of Quantity,8515110000,China,1995,number,"63,831","60,872","20,952","23,344","63,396","52,638","40,712","76,288","107,932","18,924","52,936","43,573"
1995,First Unit of Quantity,8515190000,China,1995,number,0,"5,820",0,78,0,"4,432","6,432","2,450",0,0,0,0
1995,First Unit of Quantity,8515210000,China,1995,number,0,0,0,0,1,0,0,0,0,0,0,0
1995,First Unit of Quantity,8515290000,China,1995,number,0,0,4,0,0,0,0,0,0,0,0,0
1995,First Unit of Quantity,8515310000,China,1995,number,0,0,0,0,0,0,0,0,0,0,0,0
1995,First Unit of Quantity,8515800080,China,1995,number,0,0,0,0,0,0,0,0,0,1,4,0
1995,First Unit of Quantity,8515902000,China,1995,no units collected,0,0,0,0,0,0,0,0,0,0,0,0
1995,First Unit of Quantity,8515904000,China,1995,no units collected,0,0,0,0,0,0,0,0,0,0,0,0
1995,First Unit of Quantity,8516100040,China,1995,number,0,0,0,0,0,0,0,0,0,49,0,848
1995,First Unit of Quantity,8516100080,China,1995,number,"91,248","93,972","126,564","62,232","121,380","38,976","55,446","173,748","154,480","116,984","28,546","54,444"
1995,First Unit of Quantity,8516210000,China,1995,number,0,0,0,0,0,0,0,0,"1,020",840,0,0
1995,First Unit of Quantity,8516290030,China,1995,number,"62,933","21,675","22,662","5,420",848,"9,792","280,640","767,557","766,362","774,827","532,993","204,339"
1995,First Unit of Quantity,8516290060,China,1995,number,60,0,"1,203",0,0,0,"14,114","53,072","38,164","38,202","19,624","15,582"
1995,First Unit of Quantity,8516290090,China,1995,no units collected,0,0,0,0,0,0,0,0,0,0,0,0
1995,First Unit of Quantity,8516310000,China,1995,number,"1,540,856","1,076,071","813,934","1,401,526","1,610,395","1,791,960","1,499,268","1,981,420","2,453,982","1,788,109","1,733,675","823,070"
1995,First Unit of Quantity,8516320020,China,1995,number,"1,673,296","1,003,347","997,256","1,737,864","1,685,169","1,809,953","1,417,238","1,746,117","1,964,920","1,866,241","1,242,360","916,208"
1995,First Unit of Quantity,8516320040,China,1995,no units collected,0,0,0,0,0,0,0,0,0,0,0,0
1995,First Unit of Quantity,8516330000,China,1995,number,"88,626","17,004",891,0,"19,020","29,352","26,640","74,568","67,548","73,320","5,016","2,652"
1995,First Unit of Quantity,8516402000,China,1995,number,"52,274","21,008","14,004","21,764","18,348","16,602","28,448","84,314","48,668","62,531","22,681","26,704"
1995,First Unit of Quantity,8516404000,China,1995,number,"75,936","83,694","98,071","59,252","49,548","94,504","97,012","133,944","145,233","221,904","234,230","100,990"
1995,First Unit of Quantity,8516500000,China,1995,number,"4,192",0,"10,707",0,"1,772","31,858","4,250","11,725","26,535","4,385","3,125","1,695"
1995,First Unit of Quantity,8516604060,China,1995,number,0,0,0,0,0,0,"2,301",0,0,0,0,0
1995,First Unit of Quantity,8516604070,China,1995,number,"44,450","39,472","55,842","56,537","72,040","106,297","63,964","98,014","139,453","155,918","124,487","124,726"
1995,First Unit of Quantity,8516604080,China,1995,number,"40,637","34,928","30,547","50,473","36,602","45,808","26,822","74,174","97,804","132,738","170,303","68,980"
1995,First Unit of Quantity,8516606000,China,1995,number,"14,763","36,078","29,603","30,140","26,410","68,894","84,558","77,573","259,292","199,853","205,787","92,112"
1995,First Unit of Quantity,8516710020,China,1995,number,"476,423","272,616","205,636","257,291","465,782","302,322","372,000","506,113","533,075","616,506","461,280","406,411"
1995,First Unit of Quantity,8516710040,China,1995,number,"76,492","64,026","27,885","38,519","28,950","22,266","39,688","100,215","54,249","36,181","22,920","8,344"
1995,First Unit of Quantity,8516710060,China,1995,number,"25,338","19,686","23,974","28,098","48,082","68,056","62,334","59,460","111,846","165,434","150,412","22,235"
1995,First Unit of Quantity,8516710080,China,1995,number,"41,400","10,260","62,043","36,876","73,119","104,748","53,877","68,580","138,311","208,021","241,770","235,728"
1995,First Unit of Quantity,8516720000,China,1995,number,"289,997","258,370","197,276","384,450","339,493","423,786","354,692","441,178","379,708","509,884","269,891","204,542"
1995,First Unit of Quantity,8516790000,China,1995,number,"575,045","231,161","344,837","465,218","504,171","704,450","600,956","783,019","1,269,945","1,432,090","943,446","554,839"
1995,First Unit of Quantity,8516804000,China,1995,no units collected,0,0,0,0,0,0,0,0,0,0,0,0
1995,First Unit of Quantity,8516808000,China,1995,no units collected,0,0,0,0,0,0,0,0,0,0,0,0
1995,First Unit of Quantity,8516900500,China,1995,no units collected,0,0,0,0,0,0,0,0,0,0,0,0
1995,First Unit of Quantity,8516901500,China,1995,no units collected,0,0,0,0,0,0,0,0,0,0,0,0
1995,First Unit of Quantity,8516902500,China,1995,no units collected,0,0,0,0,0,0,0,0,0,0,0,0
1995,First Unit of Quantity,8516903500,China,1995,no units collected,0,0,0,0,0,0,0,0,0,0,0,0
1995,First Unit of Quantity,8516904500,China,1995,no units collected,0,0,0,0,0,0,0,0,0,0,0,0
1995,First Unit of Quantity,8516905000,China,1995,no units collected,0,0,0,0,0,0,0,0,0,0,0,0
1995,First Unit of Quantity,8516905500,China,1995,no units collected,0,0,0,0,0,0,0,0,0,0,0,0
1995,First Unit of Quantity,8516906500,China,1995,no units collected,0,0,0,0,0,0,0,0,0,0,0,0
1995,First Unit of Quantity,8516908000,China,1995,no units collected,0,0,0,0,0,0,0,0,0,0,0,0
1995,First Unit of Quantity,8516909000,China,1995,no units collected,0,0,0,0,0,0,0,0,0,0,0,0
1995,First Unit of Quantity,8517100020,China,1995,number,"205,358","73,634","38,702","99,408","247,734","180,241","124,414","58,625","83,648","104,347","158,688","111,926"
1995,First Unit of Quantity,8517100040,China,1995,number,"323,037","267,595","216,018","197,018","359,077","264,787","551,078","319,289","238,126","438,313","204,492","138,889"
1995,First Unit of Quantity,8517100050,China,1995,number,"31,978","24,966","12,696","31,946","26,022","37,648","63,052","101,489","75,144","104,552","68,857","56,085"
1995,First Unit of Quantity,8517100070,China,1995,number,"1,646,137","1,658,099","1,194,654","1,654,003","1,654,369","1,969,631","2,182,757","1,639,419","2,069,974","2,172,039","1,614,318","1,105,701"
1995,First Unit of Quantity,8517100080,China,1995,number,"33,971","21,050","35,718","64,040","27,468","57,741","29,836","55,037","46,178","41,963","82,500","67,689"
1995,First Unit of Quantity,8517302500,China,1995,number,379,724,200,291,36,0,164,24,0,381,386,461
1995,First Unit of Quantity,8517303000,China,1995,number,0,0,0,0,0,0,0,0,0,0,500,0
1995,First Unit of Quantity,8517305000,China,1995,no units collected,0,0,0,0,0,0,0,0,0,0,0,0
1995,First Unit of Quantity,8517401000,China,1995,number,"43,941","20,087","13,932","28,402","24,891","31,528","33,205","36,757","65,346","49,563","84,012","95,973"
1995,First Unit of Quantity,8517405000,China,1995,no units collected,0,0,0,0,0,0,0,0,0,0,0,0
1995,First Unit of Quantity,8517407000,China,1995,no units collected,0,0,0,0,0,0,0,0,0,0,0,0
1995,First Unit of Quantity,8517810010,China,1995,number,"51,766","30,111","22,896","13,338","35,436","62,155","63,146","20,615","35,328","57,458","46,046","72,467"
1995,First Unit of Quantity,8517810020,China,1995,no units collected,0,0,0,0,0,0,0,0,0,0,0,0
1995,First Unit of Quantity,8517824000,China,1995,number,"31,795","37,471","45,273","51,131","52,005","54,623","41,015","47,219","55,277","60,498","41,300","34,827"
1995,First Unit of Quantity,8517828000,China,1995,no units collected,0,0,0,0,0,0,0,0,0,0,0,0
1995,First Unit of Quantity,8517900400,China,1995,no units collected,0,0,0,0,0,0,0,0,0,0,0,0
1995,First Unit of Quantity,8517900800,China,1995,no units collected,0,0,0,0,0,0,0,0,0,0,0,0
1995,First Unit of Quantity,8517901200,China,1995,no units collected,0,0,0,0,0,0,0,0,0,0,0,0
1995,First Unit of Quantity,8517901600,China,1995,no units collected,0,0,0,0,0,0,0,0,0,0,0,0
1995,First Unit of Quantity,8517902400,China,1995,no units collected,0,0,0,0,0,0,0,0,0,0,0,0
1995,First Unit of Quantity,8517902600,China,1995,no units collected,0,0,0,0,0,0,0,0,0,0,0,0
1995,First Unit of Quantity,8517903200,China,1995,no units collected,0,0,0,0,0,0,0,0,0,0,0,0
1995,First Unit of Quantity,8517903400,China,1995,no units collected,0,0,0,0,0,0,0,0,0,0,0,0
1995,First Unit of Quantity,8517903600,China,1995,no units collected,0,0,0,0,0,0,0,0,0,0,0,0
1995,First Unit of Quantity,8517903800,China,1995,no units collected,0,0,0,0,0,0,0,0,0,0,0,0
1995,First Unit of Quantity,8517904400,China,1995,no units collected,0,0,0,0,0,0,0,0,0,0,0,0
1995,First Unit of Quantity,8517904800,China,1995,no units collected,0,0,0,0,0,0,0,0,0,0,0,0
1995,First Unit of Quantity,8517905200,China,1995,no units collected,0,0,0,0,0,0,0,0,0,0,0,0
1995,First Unit of Quantity,8517905600,China,1995,no units collected,0,0,0,0,0,0,0,0,0,0,0,0
1995,First Unit of Quantity,8517905800,China,1995,no units collected,0,0,0,0,0,0,0,0,0,0,0,0
1995,First Unit of Quantity,8517906400,China,1995,no units collected,0,0,0,0,0,0,0,0,0,0,0,0
1995,First Unit of Quantity,8517906600,China,1995,no units collected,0,0,0,0,0,0,0,0,0,0,0,0
1995,First Unit of Quantity,8518100020,China,1995,number,"219,785","204,028","312,443","225,331","459,061","337,278","703,609","253,336","433,486","479,089","369,115","715,206"
1995,First Unit of Quantity,8518100040,China,1995,no units collected,0,0,0,0,0,0,0,0,0,0,0,0
1995,First Unit of Quantity,8518210000,China,1995,number,"1,363,185","813,672","961,763","777,439","1,155,623","923,196","1,036,312","918,721","963,934","1,072,498","1,857,987","1,046,748"
1995,First Unit of Quantity,8518220000,China,1995,number,"129,969","72,141","241,537","208,997","168,672","329,206","214,547","358,699","201,090","440,509","222,680","235,669"
1995,First Unit of Quantity,8518290000,China,1995,number,"3,579,664","2,456,061","2,897,981","3,314,827","3,231,497","4,169,920","3,498,076","5,148,135","3,298,235","4,194,629","3,221,481","2,549,346"
1995,First Unit of Quantity,8518301000,China,1995,number,"8,056","7,803","7,476","15,360","6,696","18,754","3,234","8,149","11,888","13,737","42,262","16,525"
1995,First Unit of Quantity,8518302000,China,1995,number,"3,523,915","2,360,503","1,877,989","2,279,998","3,210,229","1,800,552","2,864,562","2,968,234","4,452,525","2,918,252","3,163,441","2,899,581"
1995,First Unit of Quantity,8518401000,China,1995,number,"13,044",0,"3,308",0,"10,600","11,200",0,0,"10,000","1,200","12,900","19,132"
1995,First Unit of Quantity,8518402000,China,1995,number,"126,041","86,469","87,908","96,757","102,792","89,312","184,866","124,302","97,905","133,044","122,639","101,529"
1995,First Unit of Quantity,8518500000,China,1995,number,"40,497","18,368","36,665","34,180","32,801","27,510","38,459","38,910","25,526","30,560","78,476","53,082"
1995,First Unit of Quantity,8518901000,China,1995,no units collected,1,0,0,0,0,0,0,0,0,0,0,0
1995,First Unit of Quantity,8518903000,China,1995,no units collected,0,0,0,0,0,0,0,0,0,0,0,0
1995,First Unit of Quantity,8519210000,China,1995,number,0,0,0,0,0,0,0,0,0,"3,000",0,0
1995,First Unit of Quantity,8519290020,China,1995,number,0,0,0,0,0,440,0,0,"5,423",0,0,0
1995,First Unit of Quantity,8519290040,China,1995,number,"2,534",0,"1,980","30,000",0,0,"2,256",0,0,0,360,17
1995,First Unit of Quantity,8519310000,China,1995,number,0,0,0,0,0,0,0,0,0,0,0,140
1995,First Unit of Quantity,8519390020,China,1995,number,0,0,"2,700",0,0,0,0,0,"3,600",0,0,0
1995,First Unit of Quantity,8519390040,China,1995,number,0,452,"2,500","3,208",0,"1,512","19,350","2,600",690,0,"36,412","17,564"
1995,First Unit of Quantity,8519400000,China,1995,number,495,400,"1,865",868,"2,986","5,087","2,649","4,175","5,963","3,020","6,206","2,216"
1995,First Unit of Quantity,8519911000,China,1995,number,"9,050","6,352","8,490","2,900","3,520","12,940","2,000","1,000","2,120",100,"1,002","1,197"
1995,First Unit of Quantity,8519915040,China,1995,number,"8,608","12,460","15,065","23,421","8,341","11,832","19,486","12,816","13,591","36,364","35,123","32,309"
1995,First Unit of Quantity,8519915060,China,1995,number,"379,692","204,652","309,362","314,698","295,524","541,594","559,769","686,218","866,800","1,051,576","533,329","261,777"
1995,First Unit of Quantity,8519915080,China,1995,number,"92,030","106,412","78,812","171,299","104,146","74,756","389,648","389,980","272,337","277,751","275,082","101,144"
1995,First Unit of Quantity,8519990030,China,1995,number,"1,700","16,800",320,0,0,0,"26,004","26,004",5,"26,004","26,004",0
1995,First Unit of Quantity,8519990045,China,1995,number,"201,504","172,029","201,698","236,856","252,123","222,321","293,369","356,771","494,596","681,983","501,327","293,188"
1995,First Unit of Quantity,8519990060,China,1995,number,"137,934","151,252","232,786","67,700","41,456","32,100","69,812","87,097","56,870","64,648","17,194","25,358"
1995,First Unit of Quantity,8520100000,China,1995,number,0,0,0,0,321,0,0,0,0,0,0,21
1995,First Unit of Quantity,8520200040,China,1995,number,"223,954","205,816","101,362","204,222","246,169","324,696","156,171","222,115","331,911","381,124","410,377","258,714"
1995,First Unit of Quantity,8520200080,China,1995,number,"9,500",108,0,"2,580","9,786","27,619","54,455","76,462","53,050","90,589","24,841",0
1995,First Unit of Quantity,8520310020,China,1995,number,"257,311","170,256","333,479","215,799","228,782","218,043","199,593","211,801","179,231","158,738","221,350","186,832"
1995,First Unit of Quantity,8520310040,China,1995,number,"43,126","29,031","41,244","62,333","23,473","34,374","22,487","71,494","74,663","35,427","38,608","18,185"
1995,First Unit of Quantity,8520310060,China,1995,number,"11,193","4,805","6,895","4,040","19,971","5,000","10,104","15,308","22,424","14,740",0,0
1995,First Unit of Quantity,8520310070,China,1995,number,"25,438","6,454","31,327","15,427","25,478","21,124","27,778","23,206","35,775","62,252","46,161","34,820"
1995,First Unit of Quantity,8520310090,China,1995,number,"302,951","187,054","235,957","213,583","209,797","213,529","365,587","393,033","566,193","596,335","453,535","193,415"
1995,First Unit of Quantity,8520390010,China,1995,number,0,0,0,0,0,0,0,0,0,"57,168","10,520",0
1995,First Unit of Quantity,8520390060,China,1995,number,0,0,0,0,0,0,"1,600",720,"3,816","42,150","51,000",0
1995,First Unit of Quantity,8520390070,China,1995,number,"2,003","9,300",0,6,400,0,0,"8,508","119,088","137,358","157,573","55,572"
1995,First Unit of Quantity,8520900040,China,1995,number,0,0,238,"1,920",648,812,778,"3,570","1,900",0,0,0
1995,First Unit of Quantity,8520900080,China,1995,number,"30,064","62,986","65,289","166,804","109,363","89,452","162,376","107,808","138,997","203,886","117,624","88,968"
1995,First Unit of Quantity,8521103000,China,1995,number,20,0,0,0,0,0,0,0,"1,704",0,"13,229","8,801"
1995,First Unit of Quantity,8521106000,China,1995,number,"151,630","58,444","77,591","168,937","164,923","221,515","196,157","226,136","157,108","285,749","156,291","158,692"
1995,First Unit of Quantity,8521109000,China,1995,number,0,0,0,0,0,0,0,0,0,0,0,0
1995,First Unit of Quantity,8521900000,China,1995,number,0,0,0,0,0,0,995,0,0,"11,095",30,0
1995,First Unit of Quantity,8522903500,China,1995,no units collected,0,0,0,0,0,0,0,0,0,0,0,0
1995,First Unit of Quantity,8522905540,China,1995,no units collected,0,0,0,0,0,0,0,0,0,0,0,0
1995,First Unit of Quantity,8522905580,China,1995,no units collected,0,0,0,0,0,0,0,0,0,0,0,0
1995,First Unit of Quantity,8522906500,China,1995,no units collected,0,0,0,0,0,0,0,0,0,0,0,0
1995,First Unit of Quantity,8522907540,China,1995,no units collected,0,0,0,0,0,0,0,0,0,0,0,0
1995,First Unit of Quantity,8522907580,China,1995,no units collected,0,0,0,0,0,0,0,0,0,0,0,0
1995,First Unit of Quantity,8523110000,China,1995,number,"3,765,320","1,870,520","3,653,666","2,904,012","3,894,257","3,539,737","2,019,184","3,928,621","6,170,622","4,681,695","4,398,258","4,675,114"
1995,First Unit of Quantity,8523120010,China,1995,number,"2,990,608","857,212","3,009,772","2,510,092","2,433,104","1,736,904","3,747,916","2,966,328","1,646,760","653,200","3,580,880","2,961,560"
1995,First Unit of Quantity,8523120020,China,1995,no units collected,0,0,0,0,0,0,0,0,0,0,0,0
1995,First Unit of Quantity,8523120040,China,1995,no units collected,0,0,0,0,0,0,0,0,0,0,0,0
1995,First Unit of Quantity,8523120060,China,1995,no units collected,0,0,0,0,0,0,0,0,0,0,0,0
1995,First Unit of Quantity,8523130020,China,1995,no units collected,0,0,0,0,0,0,0,0,0,0,0,0
1995,First Unit of Quantity,8523130040,China,1995,number,"3,376,090","2,452,588","2,156,854","3,126,684","1,213,356","1,797,664","4,284,822","5,977,708","2,562,664","3,751,294","2,729,760","2,323,160"
1995,First Unit of Quantity,8523130060,China,1995,no units collected,0,0,0,0,0,0,0,0,0,0,0,0
1995,First Unit of Quantity,8523130080,China,1995,no units collected,0,0,0,0,0,0,0,0,0,0,0,0
1995,First Unit of Quantity,8523200000,China,1995,number,"45,463,160","32,107,560","39,575,120","52,285,360","51,008,660","54,187,330","47,166,256","69,139,900","59,107,550","67,609,925","75,866,810","53,349,314"
1995,First Unit of Quantity,8523900000,China,1995,no units collected,0,0,0,0,0,0,0,0,0,0,0,0
1995,First Unit of Quantity,8524100020,China,1995,number,0,0,0,0,0,0,0,0,0,0,0,746
1995,First Unit of Quantity,8524213040,China,1995,number,"12,000","57,000","15,708","307,662","5,078","165,016","548,745","637,366","93,165","642,112","113,596","3,600"
1995,First Unit of Quantity,8524213080,China,1995,number,"4,350",0,18,0,"4,000",0,"21,600",0,0,0,0,0
1995,First Unit of Quantity,8524221040,China,1995,linear meters,"134,606","1,750,176","6,399,902","1,344,697","1,571,454",0,0,0,0,0,"369,418",0
1995,First Unit of Quantity,8524221080,China,1995,linear meters,0,0,0,0,0,0,0,"15,000",0,0,0,0
1995,First Unit of Quantity,8524222000,China,1995,square meters,0,"149,730",0,"49,947","45,107","4,772","16,248","12,423","30,859","14,092",0,0
1995,First Unit of Quantity,8524231040,China,1995,linear meters,"611,839",0,"158,720","446,448","174,400","46,430","998,780","2,564,126","2,911,306","18,150,505","2,361,460","132,000"
1995,First Unit of Quantity,8524231080,China,1995,linear meters,"40,804","40,000",0,217,0,0,0,0,0,0,0,0
1995,First Unit of Quantity,8524232000,China,1995,square meters,0,0,0,0,0,100,0,0,0,0,0,0
1995,First Unit of Quantity,8524903000,China,1995,number,500,0,0,368,"1,980",0,832,0,0,0,0,0
1995,First Unit of Quantity,8524904040,China,1995,number,"1,950",0,0,0,"1,875",0,"63,072","57,148","9,593","2,576","22,236","63,259"
1995,First Unit of Quantity,8524904050,China,1995,number,0,0,"3,500","14,660","11,060","1,500",0,"54,100","22,076","3,480",0,"5,000"
1995,First Unit of Quantity,8524904060,China,1995,number,0,0,0,0,"225,000","80,000",0,0,"5,620",0,0,0
1995,First Unit of Quantity,8524904090,China,1995,number,"681,238","101,824","881,414","580,505","886,027","170,186","150,067","100,729","187,714","149,511","166,922","208,061"
1995,First Unit of Quantity,8525102010,China,1995,number,"26,908","14,108","22,716","10,760","78,634","42,639","15,039","51,801","37,104","28,644","20,893","31,875"
1995,First Unit of Quantity,8525102030,China,1995,no units collected,0,0,0,0,0,0,0,0,0,0,0,0
1995,First Unit of Quantity,8525102040,China,1995,no units collected,0,0,0,0,0,0,0,0,0,0,0,0
1995,First Unit of Quantity,8525106020,China,1995,number,360,560,"2,035","2,040","6,340",500,"5,000",200,"12,922",0,"1,500","4,300"
1995,First Unit of Quantity,8525106040,China,1995,number,"21,310","35,833","5,727","6,723","8,280","9,784","28,131","14,002","15,135","5,133","32,701","32,935"
1995,First Unit of Quantity,8525106060,China,1995,number,75,375,216,436,210,192,192,"1,800",4,150,"1,812",253
1995,First Unit of Quantity,8525106080,China,1995,number,0,675,500,333,0,0,0,0,308,0,897,0
1995,First Unit of Quantity,8525108000,China,1995,no units collected,0,0,0,0,0,0,0,0,0,0,0,0
1995,First Unit of Quantity,8525200500,China,1995,number,"30,146","11,909","29,107","31,419","22,848","21,097","23,977","5,377","44,350","38,155","12,326","12,536"
1995,First Unit of Quantity,8525201500,China,1995,number,"34,610","15,831","24,006","18,439","33,139","28,800","23,805","41,103","24,052","28,168","36,386","26,702"
1995,First Unit of Quantity,8525202400,China,1995,number,0,"1,780","1,500","14,128","1,600","1,539","1,950","3,602","13,332","17,751","9,716","2,212"
1995,First Unit of Quantity,8525202800,China,1995,number,"24,023","2,616","1,095","2,470","4,762","6,908","11,574","22,989","34,303","7,608","15,964","2,424"
1995,First Unit of Quantity,8525203010,China,1995,number,"1,920",0,"1,152",0,0,"1,248","2,808","10,176","3,415","1,888",0,"10,012"
1995,First Unit of Quantity,8525203015,China,1995,number,"22,083","6,722","8,184","8,840","8,190","5,390","30,008","6,189","25,504","22,573","7,084","9,750"
1995,First Unit of Quantity,8525203025,China,1995,number,0,45,20,0,0,"5,000","6,029",0,0,"6,756","4,290",0
1995,First Unit of Quantity,8525203040,China,1995,number,840,"1,361","4,380","3,590","1,710",500,122,381,719,860,890,810
1995,First Unit of Quantity,8525203060,China,1995,number,0,0,0,0,"1,000","1,000",543,276,404,348,258,804
1995,First Unit of Quantity,8525203065,China,1995,number,"17,076",300,0,300,0,0,0,0,0,0,0,0
1995,First Unit of Quantity,8525203070,China,1995,number,"2,539","4,934","1,475",750,"3,889","2,953","1,630","25,783","22,908","40,348","13,004","3,700"
1995,First Unit of Quantity,8525203080,China,1995,number,400,100,"1,100",151,845,715,"1,440","2,465","1,815",600,"1,375","1,230"
1995,First Unit of Quantity,8525205000,China,1995,number,"1,042,516","660,095","790,515","755,563","858,893","636,783","719,850","886,917","1,078,299","1,101,088","1,112,540","543,355"
1995,First Unit of Quantity,8525206020,China,1995,number,"51,232","15,171","6,514","18,136","31,268","11,060","14,826","18,936","4,300","1,963","8,438","12,939"
1995,First Unit of Quantity,8525206060,China,1995,number,"4,500","7,929","6,504","24,783","7,199","9,854","9,523","22,676","7,070","5,310","2,985","8,277"
1995,First Unit of Quantity,8525206070,China,1995,number,"20,646","18,700","12,073","18,660","15,117","18,240","14,626","19,199","17,809","53,568","39,034","34,756"
1995,First Unit of Quantity,8525206080,China,1995,no units collected,0,0,0,0,0,0,0,0,0,0,0,0
1995,First Unit of Quantity,8525309030,China,1995,number,0,0,200,0,0,0,0,0,200,0,0,0
1995,First Unit of Quantity,8525309060,China,1995,number,0,454,300,0,0,0,438,"1,663","2,600",0,801,"3,454"
1995,First Unit of Quantity,8526100020,China,1995,number,0,0,0,0,0,0,0,0,0,0,3,0
1995,First Unit of Quantity,8526100040,China,1995,number,0,0,0,0,0,0,0,0,0,3,0,0
1995,First Unit of Quantity,8526910040,China,1995,number,0,0,0,0,0,111,0,0,0,0,0,0
1995,First Unit of Quantity,8526920000,China,1995,no units collected,0,0,0,0,0,0,0,0,0,0,0,0
1995,First Unit of Quantity,8527111140,China,1995,number,"154,345","97,475","127,531","143,025","118,457","161,720","155,060","235,212","236,333","284,304","192,037","132,139"
1995,First Unit of Quantity,8527111180,China,1995,number,"1,866,961","1,093,978","821,271","1,050,222","1,037,828","1,194,423","1,543,412","1,733,937","1,771,770","1,882,976","1,453,148","974,291"
1995,First Unit of Quantity,8527112020,China,1995,number,"34,006","42,502","60,142","57,780","25,898","22,318","12,636","66,908","107,785","107,624","61,723","110,691"
1995,First Unit of Quantity,8527112040,China,1995,number,"444,706","269,547","259,768","343,886","328,741","389,294","354,698","440,810","562,036","553,426","503,641","202,964"
1995,First Unit of Quantity,8527112060,China,1995,number,"76,408","212,994","107,624","237,518","93,626","86,300","96,746","179,915","169,794","225,353","111,789","120,183"
1995,First Unit of Quantity,8527112080,China,1995,number,"5,525",0,0,0,"2,219","7,614","6,300",150,"18,402","10,913",0,"7,200"
1995,First Unit of Quantity,8527114000,China,1995,number,860,0,0,"1,190","1,750",0,0,0,0,760,450,450
1995,First Unit of Quantity,8527116040,China,1995,number,"172,728","73,967","119,955","159,340","147,309","236,557","197,691","292,971","441,880","460,166","337,312","205,654"
1995,First Unit of Quantity,8527116080,China,1995,number,"98,484","76,169","78,126","87,446","39,476","101,811","142,696","132,077","154,373","127,313","63,997","13,046"
1995,First Unit of Quantity,8527191000,China,1995,number,"57,983","59,692","41,999","97,585","189,562","119,132","128,924","232,491","289,032","268,064","305,674","87,955"
1995,First Unit of Quantity,8527195015,China,1995,number,"37,128","117,964","33,475","161,780","338,432","206,320","145,464","149,833","200,132","214,508","165,293","130,830"
1995,First Unit of Quantity,8527195020,China,1995,number,"26,372","14,376","8,140","13,150","35,888","31,300","2,928","58,172","22,470","11,594","21,500","21,816"
1995,First Unit of Quantity,8527195035,China,1995,number,"724,480","510,767","549,577","753,665","978,609","1,126,981","1,241,756","1,716,360","1,920,074","2,706,117","2,189,770","1,783,652"
1995,First Unit of Quantity,8527195045,China,1995,number,"204,713","140,699","81,240","76,561","124,781","217,162","271,587","298,741","174,156","182,989","212,833","106,055"
1995,First Unit of Quantity,8527211005,China,1995,number,"9,078","5,454","3,645",326,"4,380","4,774","15,737","16,707","19,243","1,630","1,784",626
1995,First Unit of Quantity,8527211015,China,1995,number,"296,243","243,028","274,382","319,121","272,589","366,826","314,681","220,403","237,886","289,952","191,991","140,030"
1995,First Unit of Quantity,8527211020,China,1995,number,"41,810","38,975","9,002","44,879","48,561","53,459","24,478","35,122","54,128","78,873","72,201","48,216"
1995,First Unit of Quantity,8527211030,China,1995,number,"17,081","11,370","6,816","7,352","9,903","1,704",0,0,"2,728",0,"1,800","2,160"
1995,First Unit of Quantity,8527214040,China,1995,number,"7,747","2,940",0,"9,800","10,940","23,530","19,667","28,022","32,579","42,606","31,316","37,773"
1995,First Unit of Quantity,8527214080,China,1995,number,0,"1,000",0,0,0,"1,260",0,"7,000",0,0,0,0
1995,First Unit of Quantity,8527294000,China,1995,number,"10,428","1,825","4,418","24,429","46,129","12,698","40,238","2,061",628,"4,916","9,423","3,934"
1995,First Unit of Quantity,8527298020,China,1995,number,"1,000",0,0,0,0,0,0,"1,500",700,0,0,"1,200"
1995,First Unit of Quantity,8527298060,China,1995,number,0,"1,200","4,059",0,0,25,"5,500","2,000","1,190","4,140",0,0
1995,First Unit of Quantity,8527310500,China,1995,number,0,0,0,0,0,0,0,"2,598",0,0,0,0
1995,First Unit of Quantity,8527314040,China,1995,number,"111,006","38,367","76,782","79,201","63,300","88,201","138,423","130,523","166,883","189,237","168,665","111,391"
1995,First Unit of Quantity,8527314080,China,1995,number,"219,171","137,346","82,332","128,196","109,667","158,662","117,234","222,585","254,299","246,257","158,443","86,754"
1995,First Unit of Quantity,8527315005,China,1995,number,"28,469","36,717","27,606","31,581","64,155","50,081","84,920","139,238","149,727","150,626","98,730","40,316"
1995,First Unit of Quantity,8527315025,China,1995,number,"69,575","50,429","45,413","57,228","67,311","46,542","40,528","74,699","42,983","56,776","47,757","19,247"
1995,First Unit of Quantity,8527315065,China,1995,number,"59,839","7,797","49,626","45,159","99,866","39,716","62,169","46,808","27,511","17,454","8,670","2,548"
1995,First Unit of Quantity,8527316040,China,1995,number,"4,740","4,260","2,690","6,666","3,092","4,423","7,580","4,815","13,200","35,773","31,870","26,884"
1995,First Unit of Quantity,8527316080,China,1995,number,480,0,"2,566","3,000",0,0,0,0,0,0,1,0
1995,First Unit of Quantity,8527321010,China,1995,number,"423,604","297,906","255,838","480,452","716,020","545,545","570,844","728,854","633,005","653,570","582,193","312,724"
1995,First Unit of Quantity,8527321030,China,1995,number,"50,346","10,508",480,"7,832","40,112","16,621","6,660","40,818","52,976","34,388","15,102","1,450"
1995,First Unit of Quantity,8527325010,China,1995,number,"41,708",580,0,0,258,0,0,0,0,0,0,0
1995,First Unit of Quantity,8527325030,China,1995,number,360,0,0,0,0,0,0,0,0,0,0,0
1995,First Unit of Quantity,8527390020,China,1995,number,"10,127","16,244","3,119","5,507","9,535","8,783","5,811","35,385","46,642","28,882","28,272","9,086"
1995,First Unit of Quantity,8527390040,China,1995,number,"38,940","21,076","17,255","21,476","90,385","9,192","85,062","42,631","108,368","98,215","23,519","26,437"
1995,First Unit of Quantity,8527904000,China,1995,number,0,0,0,0,0,0,0,0,0,0,0,250
1995,First Unit of Quantity,8527905000,China,1995,number,"53,940","77,981","130,047","70,600","104,760","91,402","59,553","81,024","62,829","75,592","68,378","115,514"
1995,First Unit of Quantity,8527909010,China,1995,number,0,0,"6,900","8,600","6,000",0,0,"2,160",0,35,0,794
1995,First Unit of Quantity,8527909030,China,1995,number,"11,266","14,046","19,456","19,366","5,640","22,128","17,034",0,"4,680",0,0,0
1995,First Unit of Quantity,8527909040,China,1995,number,"10,957","15,158","12,839","9,209","20,220","45,249","32,475","12,240","4,512","9,210","6,632","8,096"
1995,First Unit of Quantity,8527909050,China,1995,number,70,"6,936","5,694","8,244","17,010","6,102","1,068",0,0,150,0,253
1995,First Unit of Quantity,8527909090,China,1995,no units collected,0,0,0,0,0,0,0,0,0,0,0,0
1995,First Unit of Quantity,8528100400,China,1995,number,0,0,0,0,0,0,0,39,0,0,0,0
1995,First Unit of Quantity,8528100800,China,1995,number,0,0,0,0,0,0,0,0,0,0,0,0
1995,First Unit of Quantity,8528101710,China,1995,number,352,0,0,0,"4,410",0,"4,000",0,"2,000","2,040",62,636
1995,First Unit of Quantity,8528101712,China,1995,number,"2,040","4,640","1,500","2,220",0,0,0,0,0,0,0,0
1995,First Unit of Quantity,8528101714,China,1995,number,"10,240",0,"9,000","8,038","4,650","2,019",0,0,"1,560","1,500","1,469","4,469"
1995,First Unit of Quantity,8528101715,China,1995,number,"45,824","14,560","26,610","24,473","14,186","19,658","18,488","31,037","29,326","22,441","31,776","24,970"
1995,First Unit of Quantity,8528101780,China,1995,number,0,"2,430","4,900",840,"5,600","5,770","9,100",0,0,"7,700",0,0
1995,First Unit of Quantity,8528101910,China,1995,number,0,0,0,0,0,0,0,0,0,0,0,30
1995,First Unit of Quantity,8528101920,China,1995,number,0,0,"2,840","4,971",0,840,"3,022",840,0,840,"7,366",0
1995,First Unit of Quantity,8528101980,China,1995,number,0,0,0,0,0,0,0,6,0,0,402,0
1995,First Unit of Quantity,8528102400,China,1995,number,0,0,0,0,0,0,0,993,0,0,0,0
1995,First Unit of Quantity,8528102805,China,1995,number,0,0,0,668,0,0,0,0,0,0,0,0
1995,First Unit of Quantity,8528102835,China,1995,number,"1,892",736,"1,472","3,840","2,208",0,352,"1,944",208,"1,863",0,0
1995,First Unit of Quantity,8528102838,China,1995,number,640,0,"2,560",0,0,"2,720",0,320,0,0,160,0
1995,First Unit of Quantity,8528102842,China,1995,number,0,14,0,0,0,0,0,0,0,0,0,0
1995,First Unit of Quantity,8528102890,China,1995,number,0,0,0,"1,680",0,0,0,0,0,0,0,0
1995,First Unit of Quantity,8528103800,China,1995,number,0,0,0,0,0,0,0,0,0,0,0,0
1995,First Unit of Quantity,8528104400,China,1995,number,0,0,0,0,0,0,0,1,0,0,0,0
1995,First Unit of Quantity,8528106700,China,1995,number,"4,072",700,"3,060",0,"5,000","7,500","19,532",108,"5,089","10,188","5,000","9,000"
1995,First Unit of Quantity,8528106900,China,1995,number,16,3,0,0,23,0,11,5,0,2,0,0
1995,First Unit of Quantity,8528107700,China,1995,number,928,0,"1,920","3,440","1,000",0,0,0,0,0,0,"2,500"
1995,First Unit of Quantity,8528107900,China,1995,number,0,0,0,0,0,840,0,0,0,0,0,0
1995,First Unit of Quantity,8528200005,China,1995,number,"9,022","11,147","9,660","17,688","16,634","30,561","14,368","11,088","22,394","66,215","16,724","12,758"
1995,First Unit of Quantity,8528200010,China,1995,number,0,0,0,0,0,"1,520",0,0,"7,774","3,440",0,0
1995,First Unit of Quantity,8528200020,China,1995,number,"36,882","19,462","20,316","23,342","28,612","29,360","52,096","31,786","39,868","61,008","51,709","23,572"
1995,First Unit of Quantity,8528200025,China,1995,number,"1,700","1,700",0,200,"3,000",0,"1,945","6,380",64,"4,720","6,770","4,000"
1995,First Unit of Quantity,8528200030,China,1995,number,0,0,"1,850","1,312",0,0,0,"1,665",0,0,"2,000","1,700"
1995,First Unit of Quantity,8528200035,China,1995,number,"6,345","8,813","13,100","8,670","11,474","5,214","13,806","8,632","10,480","14,960","10,332","8,736"
1995,First Unit of Quantity,8528200040,China,1995,number,0,0,0,0,0,"1,000",0,0,0,0,0,0
1995,First Unit of Quantity,8528200050,China,1995,number,"2,580",0,0,0,0,"1,150",0,"2,517",0,0,"2,580",225
1995,First Unit of Quantity,8528200055,China,1995,number,0,"1,700","3,590","4,760","4,966","3,364","4,870","5,084","16,655","11,310","1,512","2,918"
1995,First Unit of Quantity,8528200060,China,1995,number,0,0,73,0,0,500,0,0,0,0,"1,516",300
1995,First Unit of Quantity,8529102020,China,1995,number,"495,682","725,600","571,132","654,680","416,810","522,912","704,209","545,630","663,756","574,664","917,377","556,602"
1995,First Unit of Quantity,8529102050,China,1995,number,"145,776","258,208","132,648","107,203","81,296","82,020","19,884","127,063","138,660","115,524","66,384","17,050"
1995,First Unit of Quantity,8529102090,China,1995,no units collected,0,0,0,0,0,0,0,0,0,0,0,0
1995,First Unit of Quantity,8529104040,China,1995,number,"65,373","242,474","37,528","70,582","59,537","79,837","7,504","29,519","23,972",0,"13,132",0
1995,First Unit of Quantity,8529104080,China,1995,no units collected,0,0,0,0,0,0,0,0,0,0,0,0
1995,First Unit of Quantity,8529106000,China,1995,no units collected,0,0,0,0,0,0,0,0,0,0,0,0
1995,First Unit of Quantity,8529900100,China,1995,number,"2,450",0,"2,200",0,660,400,200,"1,000","2,650",0,0,400
1995,First Unit of Quantity,8529900600,China,1995,number,0,0,2,0,0,0,0,0,70,0,0,70
1995,First Unit of Quantity,8529901300,China,1995,no units collected,0,0,0,0,0,0,0,0,0,0,0,0
1995,First Unit of Quantity,8529901620,China,1995,no units collected,0,0,0,0,0,0,0,0,0,0,0,0
1995,First Unit of Quantity,8529901660,China,1995,no units collected,0,0,0,0,0,0,0,0,0,0,0,0
1995,First Unit of Quantity,8529901920,China,1995,no units collected,0,0,0,0,0,0,0,0,0,0,0,0
1995,First Unit of Quantity,8529901960,China,1995,no units collected,0,0,0,0,0,0,0,0,0,0,0,0
1995,First Unit of Quantity,8529902300,China,1995,no units collected,0,0,0,0,0,0,0,0,0,0,0,0
1995,First Unit of Quantity,8529902600,China,1995,no units collected,0,0,0,0,0,0,0,0,0,0,0,0
1995,First Unit of Quantity,8529902900,China,1995,number,80,0,0,"7,000",0,0,0,0,0,0,80,100
1995,First Unit of Quantity,8529903600,China,1995,number,"194,402","122,912","132,800","158,455","8,400","325,824","1,056","56,200","3,056","79,102","174,778","103,167"
1995,First Unit of Quantity,8529903900,China,1995,no units collected,0,0,0,0,0,0,0,0,0,0,0,0
1995,First Unit of Quantity,8529904600,China,1995,number,0,0,0,0,0,0,"2,320","3,020","1,700",0,288,0
1995,First Unit of Quantity,8529904900,China,1995,no units collected,0,0,0,0,0,0,0,0,0,0,0,0
1995,First Unit of Quantity,8529906300,China,1995,no units collected,0,0,0,0,0,0,0,0,0,0,0,0
1995,First Unit of Quantity,8529906900,China,1995,no units collected,0,0,0,0,0,0,0,0,0,0,0,0
1995,First Unit of Quantity,8529907300,China,1995,no units collected,0,0,0,0,0,0,0,0,0,0,0,0
1995,First Unit of Quantity,8529907600,China,1995,no units collected,0,0,0,0,0,0,0,0,0,0,0,0
1995,First Unit of Quantity,8529908100,China,1995,no units collected,0,0,0,0,0,0,0,0,0,0,0,0
1995,First Unit of Quantity,8529908300,China,1995,no units collected,0,0,0,0,0,0,0,0,0,0,0,0
1995,First Unit of Quantity,8529908500,China,1995,no units collected,0,0,0,0,0,0,0,0,0,0,0,0
1995,First Unit of Quantity,8529909345,China,1995,no units collected,0,0,0,0,0,0,0,0,0,0,0,0
1995,First Unit of Quantity,8529909380,China,1995,no units collected,0,0,0,0,0,0,0,0,0,0,0,0
1995,First Unit of Quantity,8529909520,China,1995,no units collected,0,0,0,0,0,0,0,0,0,0,0,0
1995,First Unit of Quantity,8529909560,China,1995,no units collected,0,0,0,0,0,0,0,0,0,0,0,0
1995,First Unit of Quantity,8529909720,China,1995,no units collected,0,0,0,0,0,0,0,0,0,0,0,0
1995,First Unit of Quantity,8529909740,China,1995,no units collected,0,0,0,0,0,0,0,0,0,0,0,0
1995,First Unit of Quantity,8529909760,China,1995,no units collected,0,0,0,0,0,0,0,0,0,0,0,0
1995,First Unit of Quantity,8529909900,China,1995,no units collected,0,0,0,0,0,0,0,0,0,0,0,0
1995,First Unit of Quantity,8530800000,China,1995,no units collected,0,0,0,0,0,0,0,0,0,0,0,0
1995,First Unit of Quantity,8530900000,China,1995,no units collected,0,0,0,0,0,0,0,0,0,0,0,0
1995,First Unit of Quantity,8531100015,China,1995,number,"300,172","350,128","221,496","410,933","561,749","449,450","358,694","239,786","234,296","339,802","309,576","224,287"
1995,First Unit of Quantity,8531100025,China,1995,number,"16,680","6,640",61,0,0,0,0,0,0,0,0,0
1995,First Unit of Quantity,8531100035,China,1995,number,"458,178","371,618","279,144","276,878","221,768","330,768","194,252","240,107","143,544","288,553","268,011","188,229"
1995,First Unit of Quantity,8531100045,China,1995,number,"149,918","124,576","112,691","142,201","212,956","229,703","202,922","148,407","213,591","227,708","182,771","109,774"
1995,First Unit of Quantity,8531200020,China,1995,no units collected,0,0,0,0,0,0,0,0,0,0,0,0
1995,First Unit of Quantity,8531200040,China,1995,no units collected,0,0,0,0,0,0,0,0,0,0,0,0
1995,First Unit of Quantity,8531804000,China,1995,number,0,"7,938",0,"3,552","5,262",500,"10,232","20,225","15,632","19,500","32,000","8,440"
1995,First Unit of Quantity,8531808010,China,1995,no units collected,0,0,0,0,0,0,0,0,0,0,0,0
1995,First Unit of Quantity,8531808020,China,1995,no units collected,0,0,0,0,0,0,0,0,0,0,0,0
1995,First Unit of Quantity,8531808030,China,1995,no units collected,0,0,0,0,0,0,0,0,0,0,0,0
1995,First Unit of Quantity,8531808038,China,1995,number,0,0,0,0,0,0,0,0,0,0,"2,200","2,760"
1995,First Unit of Quantity,8531808040,China,1995,no units collected,0,0,0,0,0,0,0,0,0,0,0,0
1995,First Unit of Quantity,8531808050,China,1995,no units collected,0,0,0,0,0,0,0,0,0,0,0,0
1995,First Unit of Quantity,8531904000,China,1995,no units collected,0,0,0,0,0,0,0,0,0,0,0,0
1995,First Unit of Quantity,8531908000,China,1995,no units collected,0,0,0,0,0,0,0,0,0,0,0,0
1995,First Unit of Quantity,8532100000,China,1995,number,0,0,"202,400","100,000","60,000","200,000","100,000",0,0,"9,173","7,844",0
1995,First Unit of Quantity,8532210050,China,1995,number,0,0,0,"6,412",0,0,0,0,0,0,"1,526,000",0
1995,First Unit of Quantity,8532210080,China,1995,number,0,0,"20,000",0,"232,500",0,0,0,"47,000","100,000",0,0
1995,First Unit of Quantity,8532220020,China,1995,number,0,"25,527",0,0,0,"1,200,000","916,546","300,000",0,0,"801,600","752,900"
1995,First Unit of Quantity,8532220040,China,1995,number,0,"1,569",0,0,0,"25,000","7,997",0,"173,000","5,895,500",200,0
1995,First Unit of Quantity,8532220060,China,1995,number,0,0,0,0,0,0,0,0,0,0,"115,000","77,500"
1995,First Unit of Quantity,8532230020,China,1995,number,"272,700",0,0,0,0,0,"1,070,000",0,0,0,0,0
1995,First Unit of Quantity,8532230040,China,1995,number,0,0,0,"3,891,000",0,"1,137,500",0,0,"1,400,000",0,0,0
1995,First Unit of Quantity,8532230060,China,1995,number,"639,200","608,700","1,239,210","1,217,638","7,652,580","3,595,460","9,842,440","12,812,950","5,469,350","5,480,350","8,278,600","11,140,000"
1995,First Unit of Quantity,8532240020,China,1995,number,"591,000",0,0,0,"120,000",0,0,0,0,0,"70,000",0
1995,First Unit of Quantity,8532240040,China,1995,number,0,0,0,0,0,0,"2,000,000","2,400,000","1,000,000",0,"143,000","2,000,000"
1995,First Unit of Quantity,8532240060,China,1995,number,"255,100",0,0,0,0,"2,500",0,0,0,0,0,0
1995,First Unit of Quantity,8532250010,China,1995,number,0,"84,750","166,000","243,080","540,000","4,247,500","1,136,000","100,000","28,000","250,000",0,0
1995,First Unit of Quantity,8532250020,China,1995,number,0,0,0,0,0,0,0,0,0,0,"10,500",0
1995,First Unit of Quantity,8532250040,China,1995,number,0,0,0,0,0,0,0,0,"1,503,281",0,0,0
1995,First Unit of Quantity,8532250070,China,1995,number,"1,675,750","1,172,500","1,307,000","2,279,300","1,086,000","555,000",0,"1,518,000","1,285,000","1,694,000","1,971,000","830,000"
1995,First Unit of Quantity,8532250080,China,1995,number,0,0,0,0,0,0,0,0,0,0,0,"25,000"
1995,First Unit of Quantity,8532290020,China,1995,number,0,"9,686",0,0,0,0,0,"49,000",0,0,0,0
1995,First Unit of Quantity,8532290040,China,1995,number,"438,000","196,054","707,200","541,135","560,000","1,029,000","912,000","199,500","826,800","660,000","136,000","1,186,500"
1995,First Unit of Quantity,8532300010,China,1995,number,"79,500",0,0,0,0,"76,000","30,000",0,0,0,"20,000",0
1995,First Unit of Quantity,8532300090,China,1995,number,"14,522","79,223","1,675","31,000","100,000","312,659",0,"110,227",0,0,0,"234,000"
1995,First Unit of Quantity,8532900000,China,1995,no units collected,0,0,0,0,0,0,0,0,0,0,0,0
1995,First Unit of Quantity,8533100020,China,1995,number,"46,000","136,700","3,800",0,"118,200","20,000","21,000","127,000","20,000",0,"91,000",0
1995,First Unit of Quantity,8533100060,China,1995,number,"10,000",0,0,0,0,0,0,0,0,"12,096",0,0
1995,First Unit of Quantity,8533100065,China,1995,number,"37,402,500","30,000,000","31,090,000","60,540,000","30,356,200","15,005,000","70,277,500","34,309,000","37,004,470","75,273,300","61,652,500","60,270,000"
1995,First Unit of Quantity,8533210010,China,1995,number,0,0,0,0,0,0,0,0,0,0,0,"72,462"
1995,First Unit of Quantity,8533210030,China,1995,number,0,0,0,"1,218","20,115",698,"1,015,847","2,872,000","4,509,000","5,232,000","6,305,000","413,000"
1995,First Unit of Quantity,8533210050,China,1995,number,0,0,"2,017",0,0,0,0,0,"2,176,743",0,"147,846",0
1995,First Unit of Quantity,8533210060,China,1995,number,0,0,0,0,0,0,0,0,"5,525",0,0,0
1995,First Unit of Quantity,8533210080,China,1995,number,0,0,0,0,"7,088","14,000","95,000","61,200","37,097","108,200",0,"655,000"
1995,First Unit of Quantity,8533210090,China,1995,number,"3,258,000","24,167",0,0,0,0,"1,720,000","1,813,000","70,914","1,365,000","2,755,200","1,200"
1995,First Unit of Quantity,8533290000,China,1995,number,0,"118,004",0,0,"5,000",0,0,"17,979,000",0,"10,300",0,0
1995,First Unit of Quantity,8533310000,China,1995,number,"5,000","9,461",0,0,0,0,0,"11,297","3,211","4,000","25,920",0
1995,First Unit of Quantity,8533390040,China,1995,number,0,"1,150","3,265","15,570","10,450","12,034",0,"55,807","5,193","17,125",194,525
1995,First Unit of Quantity,8533390080,China,1995,number,"5,000",0,0,0,0,"10,000","65,000",0,0,0,0,"13,000"
1995,First Unit of Quantity,8533404000,China,1995,number,0,0,0,0,"169,000",0,0,"248,021","373,927","108,604",0,0
1995,First Unit of Quantity,8533408040,China,1995,number,0,0,0,0,0,0,100,0,0,0,0,0
1995,First Unit of Quantity,8533408050,China,1995,number,0,0,0,0,0,0,0,"83,500",0,0,0,0
1995,First Unit of Quantity,8533408070,China,1995,number,"149,997","31,600","49,000","663,527","127,501","33,520","215,590","131,000","106,000","114,500","100,000","76,000"
1995,First Unit of Quantity,8533904000,China,1995,no units collected,0,0,0,0,0,0,0,0,0,0,0,0
1995,First Unit of Quantity,8533908000,China,1995,no units collected,0,0,0,0,0,0,0,0,0,0,0,0
1995,First Unit of Quantity,8534000020,China,1995,number,"132,604","69,669","75,621","56,269","74,766","95,663","94,125","205,276","218,625","39,637","150,358","299,481"
1995,First Unit of Quantity,8534000040,China,1995,number,"247,203","240,838","212,369","317,142","212,714","67,556","310,819","251,995","239,246","363,996","312,966","191,381"
1995,First Unit of Quantity,8534000050,China,1995,number,0,0,"3,850",0,0,0,0,0,0,0,0,"4,800"
1995,First Unit of Quantity,8534000070,China,1995,number,"280,100","96,624","295,020","99,931","174,592","249,538","244,626","223,103","215,232","442,497","380,322","280,095"
1995,First Unit of Quantity,8534000080,China,1995,number,0,0,3,506,"65,426","81,300","46,000","188,428","59,460","138,700","60,239","101,945"
1995,First Unit of Quantity,8534000090,China,1995,number,"734,888","299,119","407,631","1,741,477","1,716,072","1,009,343","1,065,589","893,482","1,365,554","1,234,138","2,134,822","1,534,951"
1995,First Unit of Quantity,8535100040,China,1995,number,"10,728",0,0,"3,400",0,"6,500","345,947","32,100",0,0,0,"250,000"
1995,First Unit of Quantity,8535210000,China,1995,number,0,"1,350",0,0,0,0,0,0,0,0,0,0
1995,First Unit of Quantity,8535290040,China,1995,number,1,0,0,0,0,0,0,0,"3,015",0,0,0
1995,First Unit of Quantity,8535300040,China,1995,number,0,0,"52,000",0,0,0,0,0,0,0,0,0
1995,First Unit of Quantity,8535300080,China,1995,number,"569,510","255,620","44,614","20,000","35,100","9,500","156,755","48,900","76,600","194,560","90,100","45,080"
1995,First Unit of Quantity,8535400000,China,1995,no units collected,0,0,0,0,0,0,0,0,0,0,0,0
1995,First Unit of Quantity,8535904000,China,1995,no units collected,0,0,0,0,0,0,0,0,0,0,0,0
1995,First Unit of Quantity,8535908020,China,1995,number,"201,424","163,523","6,000","155,098","74,496","29,016","48,098","49,696","99,093","39,917","74,476","33,816"
1995,First Unit of Quantity,8535908040,China,1995,number,"1,095,990","1,160,220","179,336","2,895,414","1,223,079","304,200","1,459,004","1,603,550","1,326,404","4,196,831","3,167,492","1,979,175"
1995,First Unit of Quantity,8535908060,China,1995,number,"377,903","261,582","155,945","50,828","239,185","548,155","298,818","297,330","142,469","186,930","162,110","167,501"
1995,First Unit of Quantity,8536100020,China,1995,number,"2,030,000","425,074",0,"4,150,000","1,815,000","2,651,000","254,040","152,500","1,199,200","11,040","235,000",0
1995,First Unit of Quantity,8536100040,China,1995,number,"72,000",0,"80,000","712,910","614,532","72,800","143,644","719,120","621,040","1,236,776","1,264,848","11,952"
1995,First Unit of Quantity,8536200020,China,1995,number,0,"7,715",0,0,0,0,0,0,0,0,41,0
1995,First Unit of Quantity,8536200040,China,1995,number,"60,000","286,040","192,000","147,370","241,600","170,620","162,000","372,500","391,500","695,152","836,600","1,148,377"
1995,First Unit of Quantity,8536304000,China,1995,no units collected,0,0,0,0,0,0,0,0,0,0,0,0
1995,First Unit of Quantity,8536308000,China,1995,no units collected,0,0,0,0,0,0,0,0,0,0,0,0
1995,First Unit of Quantity,8536410005,China,1995,number,"4,000",0,0,"10,500",0,"20,000","2,016","10,600","20,000",0,"50,800",0
1995,First Unit of Quantity,8536410020,China,1995,number,"20,000","13,400","40,000","101,200","25,000","221,500","18,000",0,"85,865","90,000","55,000","6,000"
1995,First Unit of Quantity,8536410030,China,1995,number,"459,655","186,046","397,405","426,855","465,229","364,791","187,233","181,498","277,683","213,609","346,657","273,369"
1995,First Unit of Quantity,8536410045,China,1995,number,"10,000","15,200","20,000",0,"55,000","50,000","54,000",0,0,"3,893",0,0
1995,First Unit of Quantity,8536410050,China,1995,number,"1,652,685","380,287","674,683","333,444","497,810","238,166","356,300","216,319","327,600","87,000","130,500","411,600"
1995,First Unit of Quantity,8536410060,China,1995,number,"547,212","589,560","446,778","498,055","1,234,057","893,725","878,435","952,904","1,205,326","1,087,216","1,169,798","923,700"
1995,First Unit of Quantity,8536490050,China,1995,number,0,0,0,0,0,"1,500",0,0,0,0,0,0
1995,First Unit of Quantity,8536490055,China,1995,number,0,0,0,0,0,0,0,0,"6,960","6,760","6,360","6,360"
1995,First Unit of Quantity,8536490065,China,1995,number,0,0,"2,725","5,000","5,000","5,005","10,530","74,760","19,500","10,500",0,0
1995,First Unit of Quantity,8536490075,China,1995,number,"151,800","13,000","151,810","44,400","41,000","86,500","9,650","13,688","20,200","42,350","53,796","66,006"
1995,First Unit of Quantity,8536490080,China,1995,number,"1,512,530","1,175,295","2,554,842","1,356,960","2,000,345","2,061,869","2,875,115","2,690,080","2,998,350","2,532,990","2,074,620","2,446,214"
1995,First Unit of Quantity,8536504000,China,1995,number,"7,000","5,020","60,000","45,000","37,000","24,000","33,600","23,000","6,200","3,382",0,"27,000"
1995,First Unit of Quantity,8536508020,China,1995,number,"88,764","369,058","24,204","187,644","156,100","271,900","62,215","169,680","570,298","720,596","220,827","430,728"
1995,First Unit of Quantity,8536508025,China,1995,number,"620,000","657,000","1,278,750","35,201","320,000",0,"120,600","359,868","247,980","150,588","198,600","656,470"
1995,First Unit of Quantity,8536508031,China,1995,number,0,"18,985","16,013",0,"11,960","48,000","109,520","53,846","44,210","124,160","16,000","26,720"
1995,First Unit of Quantity,8536508032,China,1995,number,0,0,0,"2,000",0,0,0,0,0,"6,000","12,032","33,552"
1995,First Unit of Quantity,8536508033,China,1995,number,"427,904","232,050","110,160","401,100","321,490","410,650","271,750","281,240","441,669","261,200","393,300","197,588"
1995,First Unit of Quantity,8536508035,China,1995,number,"114,480","99,884","110,908","135,000","63,808","44,764","166,660","158,240","51,768","92,112","93,581","51,588"
1995,First Unit of Quantity,8536508040,China,1995,number,"85,000","27,200","73,800","84,500","73,720","62,900","93,000","274,000","86,900","144,250","133,500","46,580"
1995,First Unit of Quantity,8536508045,China,1995,number,"86,000",0,0,"5,900",0,0,0,0,0,0,0,0
1995,First Unit of Quantity,8536508050,China,1995,number,"1,231,090","907,292","475,522","1,136,500","745,380","273,350","286,500","1,064,800","696,244","601,850","931,684","860,438"
1995,First Unit of Quantity,8536508055,China,1995,number,0,0,0,0,0,"1,020","2,820","3,240","42,900",600,0,"5,460"
1995,First Unit of Quantity,8536508060,China,1995,number,"4,117,444","2,710,298","2,819,184","2,915,269","3,532,385","3,077,016","3,075,038","2,829,685","3,133,477","3,057,472","3,252,522","2,464,299"
1995,First Unit of Quantity,8536610000,China,1995,number,"2,912,731","2,285,982","2,937,285","4,072,198","4,254,707","3,258,020","3,055,623","5,210,798","4,313,538","4,014,688","2,461,385","2,674,996"
1995,First Unit of Quantity,8536690010,China,1995,number,"2,933,641","2,736,149","1,447,336","879,520","833,156","2,002,059","2,168,758","917,705","1,665,495","1,492,509","1,415,406","1,944,871"
1995,First Unit of Quantity,8536690020,China,1995,number,"224,160",0,"384,000","99,060","431,214","252,300","685,800","242,050","507,800","140,000","135,600","222,180"
1995,First Unit of Quantity,8536690030,China,1995,number,0,0,0,0,0,0,"3,700","20,128",0,0,0,0
1995,First Unit of Quantity,8536690040,China,1995,number,"314,295","882,001","2,001,828","2,430,144","3,066,648","2,003,635","4,220,381","3,010,855","4,201,819","2,927,331","3,138,473","2,125,435"
1995,First Unit of Quantity,8536690050,China,1995,number,"10,000","43,500","73,220","119,840","43,560","69,680","321,920","324,140","253,175","320,205","337,830","252,037"
1995,First Unit of Quantity,8536690060,China,1995,no units collected,0,0,0,0,0,0,0,0,0,0,0,0
1995,First Unit of Quantity,8536900010,China,1995,no units collected,0,0,0,0,0,0,0,0,0,0,0,0
1995,First Unit of Quantity,8536900030,China,1995,number,300,"2,500",0,"9,800","9,456","1,259","3,150","2,070","10,022","6,500","7,766","9,220"
1995,First Unit of Quantity,8536900060,China,1995,no units collected,0,0,0,0,0,0,0,0,0,0,0,0
1995,First Unit of Quantity,8536900090,China,1995,no units collected,0,0,0,0,0,0,0,0,0,0,0,0
1995,First Unit of Quantity,8537103000,China,1995,no units collected,0,0,0,0,0,0,0,0,0,0,0,0
1995,First Unit of Quantity,8537106000,China,1995,number,0,0,"2,200",0,"16,650","5,250","1,600","2,000",0,"13,502",618,"6,000"
1995,First Unit of Quantity,8537109020,China,1995,number,0,0,0,0,"5,445","3,500",0,0,0,0,"5,000",0
1995,First Unit of Quantity,8537109050,China,1995,number,710,"1,186","2,925","22,400","8,933","5,599","1,000","6,078","13,595","9,377","2,041",657
1995,First Unit of Quantity,8537109060,China,1995,number,"570,940","205,118","241,476","616,874","641,382","636,585","750,937","592,812","528,767","1,002,983","493,616","524,957"
1995,First Unit of Quantity,8537109070,China,1995,number,"609,125","431,444","476,277","512,796","602,614","384,952","484,555","514,800","617,828","602,953","800,289","539,933"
1995,First Unit of Quantity,8537200040,China,1995,number,0,0,0,0,0,0,0,0,0,0,0,480
1995,First Unit of Quantity,8538100000,China,1995,no units collected,0,0,0,0,0,0,0,0,0,0,0,0
1995,First Unit of Quantity,8538902000,China,1995,no units collected,0,0,0,0,0,0,0,0,0,0,0,0
1995,First Unit of Quantity,8538904000,China,1995,no units collected,0,0,0,0,0,0,0,0,0,0,0,0
1995,First Unit of Quantity,8538906000,China,1995,no units collected,0,0,0,0,0,0,0,0,0,0,0,0
1995,First Unit of Quantity,8538908020,China,1995,no units collected,0,0,0,0,0,0,0,0,0,0,0,0
1995,First Unit of Quantity,8538908040,China,1995,no units collected,0,0,0,0,0,0,0,0,0,0,0,0
1995,First Unit of Quantity,8538908060,China,1995,no units collected,0,0,0,0,0,0,0,0,0,0,0,0
1995,First Unit of Quantity,8538908080,China,1995,no units collected,0,0,0,0,0,0,0,0,0,0,0,0
1995,First Unit of Quantity,8539100010,China,1995,number,0,0,0,0,0,0,0,0,0,0,0,"2,792"
1995,First Unit of Quantity,8539100030,China,1995,number,0,"4,091","10,492",0,"6,091",0,"2,500","2,864",0,0,"5,562",0
1995,First Unit of Quantity,8539100060,China,1995,number,"2,310",0,0,0,0,0,0,0,0,0,0,500
1995,First Unit of Quantity,8539212040,China,1995,number,"15,368","18,548",0,"27,380","42,580","290,850","22,688","154,064","147,218","6,160","56,900","76,700"
1995,First Unit of Quantity,8539212080,China,1995,number,"108,880","191,009","99,649","139,550","275,366","397,903","177,934","468,928","553,344","221,070","465,590","506,206"
1995,First Unit of Quantity,8539214040,China,1995,number,"718,852","277,192","558,106","1,153,453","516,433","971,797","195,262","392,666","270,035","231,891","399,636","311,454"
1995,First Unit of Quantity,8539214080,China,1995,number,"249,695","182,538","160,780","197,000","257,455","191,882","157,098","199,875","106,712","131,641","239,686","117,558"
1995,First Unit of Quantity,8539224000,China,1995,number,"172,320",904,"119,146","4,150,232","16,401,955","3,697,149","6,342,945","13,356,780","9,679,768","5,527,699","85,034",0
1995,First Unit of Quantity,8539228010,China,1995,number,0,0,0,0,"15,000",0,0,"13,776",0,676,"11,350",0
1995,First Unit of Quantity,8539228030,China,1995,number,"2,734,953","1,322,949","649,588","1,374,680","2,130,082","3,387,746","2,629,912","1,568,033","2,612,756","2,807,790","1,674,435","2,877,642"
1995,First Unit of Quantity,8539228040,China,1995,number,"6,952,466","5,198,531","7,714,965","7,923,094","5,670,632","3,815,858","3,899,052","5,014,172","4,576,660","4,846,686","6,509,264","4,539,577"
1995,First Unit of Quantity,8539228060,China,1995,number,"238,712","647,884","204,320","361,820","303,560","741,760","508,296","973,272","1,041,350","1,131,650","1,515,994","1,127,592"
1995,First Unit of Quantity,8539228070,China,1995,number,"22,090","24,000","22,320","352,496","8,400","4,320","10,550",0,"6,600",0,"33,760",0
1995,First Unit of Quantity,8539291000,China,1995,number,0,0,"7,344,716","4,601,897","2,718,754","2,454,816","5,188,006","7,899,291","5,647,149","8,845,580","1,721,976",0
1995,First Unit of Quantity,8539292000,China,1995,number,0,0,0,0,0,0,0,3,0,0,0,0
1995,First Unit of Quantity,8539293020,China,1995,number,"1,071,400","102,000","133,000","157,319","215,400","243,762","61,900","176,400","42,000","200,800","154,200","310,704"
1995,First Unit of Quantity,8539293050,China,1995,number,"2,453,592","4,605,332","742,135","1,917,126","3,874,062","2,662,487","1,966,671","2,124,732","1,977,356","245,584","1,335,256","952,088"
1995,First Unit of Quantity,8539293060,China,1995,number,"2,081,564","1,486,672","1,701,990","2,871,973","1,228,254","1,393,284","1,725,312","2,377,730","1,229,308","1,896,802","2,739,430","1,076,792"
1995,First Unit of Quantity,8539294000,China,1995,number,"236,600","48,771","462,660","246,100","225,897","135,405","766,800","667,220","489,177","266,820","29,800","166,200"
1995,First Unit of Quantity,8539310040,China,1995,number,"3,763","69,600","13,916","39,000","47,000","21,916","38,608","2,196","33,000","5,000",0,0
1995,First Unit of Quantity,8539310080,China,1995,number,"140,508","247,789","133,128","15,712","268,839","88,492","42,208","168,917","556,899","173,974","383,646","251,456"
1995,First Unit of Quantity,8539390020,China,1995,number,"2,600","6,600","1,950","1,002","3,408",0,0,410,0,"11,868",300,"3,527"
1995,First Unit of Quantity,8539390040,China,1995,number,0,0,"1,000",0,0,0,0,"8,088","1,500",0,"1,500",0
1995,First Unit of Quantity,8539390060,China,1995,number,"272,310","278,402","157,224",0,"312,425","255,000","240,000",0,"412,736","5,000","97,798","35,602"
1995,First Unit of Quantity,8539408040,China,1995,number,0,750,0,"2,260",0,0,0,"2,592","11,160",0,0,"16,000"
1995,First Unit of Quantity,8539408080,China,1995,number,"1,150",0,110,"5,522",680,214,"2,700",0,"2,260",0,300,200
1995,First Unit of Quantity,8539900000,China,1995,no units collected,0,0,0,0,0,0,0,0,0,0,0,0
1995,First Unit of Quantity,8540111030,China,1995,number,0,"6,048","6,048","10,080","10,080","10,080","10,080","10,080","10,080",0,"8,064","8,064"
1995,First Unit of Quantity,8540111055,China,1995,number,0,0,0,0,0,0,0,192,0,0,32,0
1995,First Unit of Quantity,8540111065,China,1995,number,0,0,0,0,0,0,0,144,0,0,0,0
1995,First Unit of Quantity,8540121080,China,1995,number,0,0,0,0,0,0,40,"1,620",0,"1,080","1,080",0
1995,First Unit of Quantity,8540202040,China,1995,number,0,0,"1,000",0,0,0,0,0,0,0,0,0
1995,First Unit of Quantity,8540204000,China,1995,number,600,306,"2,157","2,329","3,770",33,796,136,860,"2,133",0,0
1995,First Unit of Quantity,8540300040,China,1995,number,0,0,0,0,0,0,0,0,0,20,0,0
1995,First Unit of Quantity,8540300060,China,1995,number,0,0,0,0,650,0,0,0,0,0,0,0
1995,First Unit of Quantity,8540300090,China,1995,number,0,0,0,0,0,0,18,0,"2,016",0,0,0
1995,First Unit of Quantity,8540414000,China,1995,number,0,4,0,0,0,0,0,0,9,0,0,0
1995,First Unit of Quantity,8540810000,China,1995,number,"61,161","27,201","24,273","96,558","67,027","6,673","170,757","39,736","64,580","55,803","2,885","3,849"
1995,First Unit of Quantity,8540890020,China,1995,number,"20,000",0,0,"11,000",3,61,39,"5,000",0,"28,000",0,0
1995,First Unit of Quantity,8540890040,China,1995,number,0,16,5,3,0,0,0,0,"2,403",157,1,108
1995,First Unit of Quantity,8540890060,China,1995,number,170,0,0,0,0,0,0,500,0,0,0,0
1995,First Unit of Quantity,8540890080,China,1995,number,0,0,0,90,"3,968",0,0,0,1,0,0,0
1995,First Unit of Quantity,8540911500,China,1995,no units collected,0,0,0,0,0,0,0,0,0,0,0,0
1995,First Unit of Quantity,8540912000,China,1995,no units collected,0,0,0,0,0,0,0,0,0,0,0,0
1995,First Unit of Quantity,8540915000,China,1995,no units collected,0,0,0,0,0,0,0,0,0,0,0,0
1995,First Unit of Quantity,8540994000,China,1995,no units collected,0,0,0,0,0,0,0,0,0,0,0,0
1995,First Unit of Quantity,8540998000,China,1995,no units collected,0,0,0,0,0,0,0,0,0,0,0,0
1995,First Unit of Quantity,8541100040,China,1995,number,352,"108,550",0,0,0,0,"23,969,043","10,000",0,"1,182,000","210,000",0
1995,First Unit of Quantity,8541100060,China,1995,number,0,"100,000",0,0,0,0,0,0,0,94,0,0
1995,First Unit of Quantity,8541100070,China,1995,number,0,0,0,0,"16,241","30,000","110,984","118,783","73,500","60,400",0,"50,000"
1995,First Unit of Quantity,8541100080,China,1995,number,"52,989,000","52,579,446","62,358,868","64,818,510","89,481,618","112,561,818","31,912,295","47,628,272","42,954,646","34,045,167","56,444,539","49,757,575"
1995,First Unit of Quantity,8541210040,China,1995,number,0,0,0,0,"725,000",0,0,"33,726","790,000",0,"48,000","390,000"
1995,First Unit of Quantity,8541210095,China,1995,number,0,0,"5,000","690,000",0,0,"762,500",0,"735,000","2,060,000","100,000","934,000"
1995,First Unit of Quantity,8541290040,China,1995,number,0,0,0,0,"270,000",0,"17,000","1,050,000",0,"525,000",0,"40,070"
1995,First Unit of Quantity,8541290075,China,1995,number,0,0,0,0,0,0,0,0,"110,321",0,0,0
1995,First Unit of Quantity,8541290095,China,1995,number,"1,540,000","3,418,000","1,960,800","3,815,000","2,912,192","3,018,700","2,716,000","4,917,680","3,517,207","1,370,000","4,170,000","3,819,270"
1995,First Unit of Quantity,8541300080,China,1995,number,"15,400","3,217",0,700,0,0,0,0,0,0,"1,710",0
1995,First Unit of Quantity,8541402000,China,1995,number,"2,889,716","587,664","2,236,088","2,567,443","1,175,300","1,281,164","2,645,335","2,437,489","2,980,179","2,542,028","3,645,276","6,681,992"
1995,First Unit of Quantity,8541406010,China,1995,number,"5,000,000","5,000,000","10,300","190,000",100,0,0,"2,395","60,000",87,0,0
1995,First Unit of Quantity,8541406020,China,1995,number,0,"2,880",0,"5,912",100,0,5,0,0,0,600,"1,278"
1995,First Unit of Quantity,8541406030,China,1995,number,0,0,0,0,0,0,"72,000",0,9,0,0,0
1995,First Unit of Quantity,8541406050,China,1995,number,"13,625,875","728,819","9,411,132","7,206,077","303,252","396,697","4,145,370","653,894","3,792,206","9,028,052","6,440,254","32,834,184"
1995,First Unit of Quantity,8541407040,China,1995,number,0,0,0,"100,000",0,0,0,0,0,0,0,0
1995,First Unit of Quantity,8541407080,China,1995,number,0,"50,000","1,350,000","895,000","831,000","1,600,000","7,000","38,000","970,000","983,000","983,000","1,035,500"
1995,First Unit of Quantity,8541408000,China,1995,number,0,0,10,0,30,43,13,79,35,0,385,29
1995,First Unit of Quantity,8541409500,China,1995,number,0,0,0,"5,000",0,0,0,"105,600","33,696","94,533","51,000","35,000"
1995,First Unit of Quantity,8541500040,China,1995,number,"8,900",0,0,"8,652","15,981","20,561","16,776","22,863","28,299","28,796","17,796","34,871"
1995,First Unit of Quantity,8541500080,China,1995,number,"7,561","2,000","102,450","10,100","16,029",500,900,0,"1,000",0,550,"13,078"
1995,First Unit of Quantity,8541600010,China,1995,number,"57,000","30,000","70,000","12,000","20,000",0,"132,000","191,000","170,000","500,015","1,040,000","433,868"
1995,First Unit of Quantity,8541600020,China,1995,number,"2,000",0,0,0,0,0,0,0,"15,000",0,"86,000","11,000"
1995,First Unit of Quantity,8541600030,China,1995,number,"879,271","109,581","388,129","303,795","492,514","542,210","323,928","260,636","161,173","306,712","289,400","272,358"
1995,First Unit of Quantity,8541600050,China,1995,number,"657,096","573,624","1,310,155","1,049,616","1,164,122","1,309,454","1,482,048","1,078,618","1,471,134","1,460,900","1,204,072","811,911"
1995,First Unit of Quantity,8541600060,China,1995,number,"817,997","204,009","1,361,184","863,117","1,306,254","1,952,903","1,188,810","1,809,016","1,677,895","2,455,056","948,390","1,490,432"
1995,First Unit of Quantity,8541600080,China,1995,number,"549,955","872,799","783,239","478,207","800,296","1,199,931","1,357,479","1,574,628","1,712,880","1,970,641","1,571,696","946,815"
1995,First Unit of Quantity,8541900000,China,1995,no units collected,0,0,0,0,0,0,0,0,0,0,0,0
1995,First Unit of Quantity,8542114000,China,1995,number,0,0,0,0,0,0,0,0,"1,000","3,987",0,0
1995,First Unit of Quantity,8542118001,China,1995,number,"41,717",0,"23,000","12,425","74,485","55,600","39,500","35,400","26,430","6,446","28,400","24,230"
1995,First Unit of Quantity,8542118004,China,1995,number,0,0,0,0,0,0,"5,028",0,"18,980",0,"1,200","35,174"
1995,First Unit of Quantity,8542118007,China,1995,number,"58,000",30,"78,080","132,822","149,544","54,155",0,"16,000",6,"62,676","12,202",0
1995,First Unit of Quantity,8542118011,China,1995,number,"30,001","44,500","22,311","12,000",0,0,"79,500","114,061","112,755","11,056","73,905","71,120"
1995,First Unit of Quantity,8542118012,China,1995,number,0,0,0,0,0,0,0,"20,493",0,"53,500",0,0
1995,First Unit of Quantity,8542118017,China,1995,number,"22,500",0,0,0,0,"10,000","21,500","10,500","39,500","9,000","27,500",0
1995,First Unit of Quantity,8542118021,China,1995,number,1,0,0,600,0,0,0,0,0,0,0,0
1995,First Unit of Quantity,8542118022,China,1995,number,0,0,0,0,0,0,333,0,0,0,0,0
1995,First Unit of Quantity,8542118023,China,1995,number,0,"1,257","5,800",0,0,0,0,0,0,0,0,0
1995,First Unit of Quantity,8542118024,China,1995,number,"2,520",0,"21,168","49,098","10,100","60,200","45,769","15,000","35,000","45,196","66,014",618
1995,First Unit of Quantity,8542118026,China,1995,number,"181,853","46,425","245,944","235,321","123,054","420,062","251,541","533,730","205,429","490,288","164,094","23,390"
1995,First Unit of Quantity,8542118034,China,1995,number,0,0,0,0,"5,018",0,0,0,"10,997","13,619","30,395",0
1995,First Unit of Quantity,8542118037,China,1995,number,0,0,0,0,0,0,0,0,0,"5,000",0,0
1995,First Unit of Quantity,8542118039,China,1995,number,0,"4,500",0,0,0,0,0,0,0,0,"3,000","2,149"
1995,First Unit of Quantity,8542118051,China,1995,number,0,0,0,0,"88,336",0,0,0,0,0,0,0
1995,First Unit of Quantity,8542118052,China,1995,number,0,0,0,0,0,0,0,496,0,0,0,0
1995,First Unit of Quantity,8542118057,China,1995,number,0,"2,500",0,0,0,0,0,"5,040",0,0,0,0
1995,First Unit of Quantity,8542118058,China,1995,number,0,0,0,"17,800","15,468",0,0,0,0,"41,444",0,"9,734"
1995,First Unit of Quantity,8542118059,China,1995,number,0,0,"5,034",0,0,0,"1,008",0,494,"2,200",0,"7,344"
1995,First Unit of Quantity,8542118060,China,1995,number,0,0,0,0,568,0,"23,500",0,0,0,0,0
1995,First Unit of Quantity,8542118065,China,1995,number,"19,535","15,332","4,945",280,"11,498","49,702","13,172","133,148","95,068","11,839","8,233","16,121"
1995,First Unit of Quantity,8542118066,China,1995,number,0,"45,996","54,735","235,718","750,036","984,958","2,027,857","985,047","1,168,507","1,347,830","1,929,007","1,570,673"
1995,First Unit of Quantity,8542118067,China,1995,number,"1,200",0,"2,658",0,0,"10,000","1,569","15,000","15,000",0,0,"30,909"
1995,First Unit of Quantity,8542118068,China,1995,number,0,0,"13,000",300,"5,200","15,064","34,014","1,172","16,622",600,400,0
1995,First Unit of Quantity,8542118072,China,1995,number,"18,755","5,000","64,695","162,561","62,407","23,134","125,217","274,908","310,047","524,991","180,488","430,266"
1995,First Unit of Quantity,8542118073,China,1995,number,0,0,0,"3,840",0,0,0,0,0,0,0,0
1995,First Unit of Quantity,8542118078,China,1995,number,0,0,725,500,0,0,"2,606",0,0,"1,000",71,0
1995,First Unit of Quantity,8542118079,China,1995,number,"3,276","6,000","51,678","5,000",400,"4,130","1,242,623",0,0,"362,520","49,965","22,440"
1995,First Unit of Quantity,8542118084,China,1995,number,0,0,0,750,0,0,0,0,0,0,0,0
1995,First Unit of Quantity,8542118090,China,1995,number,0,"1,900",0,0,0,0,0,100,0,0,0,0
1995,First Unit of Quantity,8542118095,China,1995,number,0,0,"23,000","3,600",0,400,0,0,0,100,500,"6,835"
1995,First Unit of Quantity,8542190040,China,1995,number,"7,650",83,"18,000","15,000","25,510",1,"41,711","54,800","15,427","1,000","40,000","1,160"
1995,First Unit of Quantity,8542190060,China,1995,number,"211,427","189,233","107,805","176,292","144,992","120,227","187,646","372,638","367,435","323,535","206,725","326,293"
1995,First Unit of Quantity,8542190065,China,1995,number,"2,843,874","2,767,641","4,393,255","2,463,635","3,378,441","4,452,090","4,935,803","6,688,836","4,944,889","6,997,691","10,100,944","6,542,366"
1995,First Unit of Quantity,8542190080,China,1995,number,"26,000","60,000","95,045","86,521","185,550","43,712","77,415","145,787","127,128","10,000",0,"22,500"
1995,First Unit of Quantity,8542190090,China,1995,number,"56,450","40,250","22,500","11,300","50,010","9,300","31,495","59,544","31,705","34,000","132,205","48,497"
1995,First Unit of Quantity,8542200075,China,1995,number,"132,958",0,"11,028","9,274","10,000",0,"29,400","17,990","31,725","18,273","15,950","11,526"
1995,First Unit of Quantity,8542200095,China,1995,number,"246,263","776,414","845,124","647,889","715,424","843,390","399,647","808,174","413,837","1,162,427","911,775","993,761"
1995,First Unit of Quantity,8542800000,China,1995,number,30,0,3,"14,214","40,000",259,0,120,0,240,0,0
1995,First Unit of Quantity,8542900000,China,1995,no units collected,0,0,0,0,0,0,0,0,0,0,0,0
1995,First Unit of Quantity,8543108000,China,1995,number,0,0,0,0,0,0,0,0,0,0,0,"1,380"
1995,First Unit of Quantity,8543200000,China,1995,number,0,0,210,0,"5,000",0,0,"6,000",0,0,0,1
1995,First Unit of Quantity,8543300000,China,1995,no units collected,0,0,0,0,0,0,0,0,0,0,0,0
1995,First Unit of Quantity,8543804000,China,1995,no units collected,0,0,0,0,0,0,0,0,0,0,0,0
1995,First Unit of Quantity,8543806000,China,1995,no units collected,0,0,0,0,0,0,0,0,0,0,0,0
1995,First Unit of Quantity,8543807000,China,1995,number,0,0,0,0,0,0,0,0,0,0,512,0
1995,First Unit of Quantity,8543809400,China,1995,number,"2,457","1,103",0,0,0,0,500,44,0,"2,528","1,668",804
1995,First Unit of Quantity,8543809820,China,1995,number,"1,832","1,578",0,"5,544",0,224,"2,065","4,080","4,716","37,511","15,096",0
1995,First Unit of Quantity,8543809840,China,1995,number,0,0,0,0,"1,002",0,0,0,"1,672",0,0,0
1995,First Unit of Quantity,8543809860,China,1995,number,"4,098","1,029","2,232","4,808","140,920","6,006","7,930","12,720","7,616","2,880","16,026","8,798"
1995,First Unit of Quantity,8543809870,China,1995,number,"1,170","5,480",0,0,0,"2,210","3,440","3,888","3,777","8,372","3,470","6,001"
1995,First Unit of Quantity,8543809890,China,1995,no units collected,0,0,0,0,0,0,0,0,0,0,0,0
1995,First Unit of Quantity,8543901500,China,1995,no units collected,0,0,0,0,0,0,0,0,0,0,0,0
1995,First Unit of Quantity,8543903500,China,1995,no units collected,0,0,0,0,0,0,0,0,0,0,0,0
1995,First Unit of Quantity,8543905500,China,1995,no units collected,0,0,0,0,0,0,0,0,0,0,0,0
1995,First Unit of Quantity,8543907580,China,1995,no units collected,0,0,0,0,0,0,0,0,0,0,0,0
1995,First Unit of Quantity,8544110020,China,1995,kilograms,0,0,"1,828",0,533,456,0,0,0,0,0,0
1995,First Unit of Quantity,8544110030,China,1995,kilograms,"1,304","7,584","5,089","6,588","17,444","14,111","16,553","44,112","34,465","23,413","31,971","35,035"
1995,First Unit of Quantity,8544110050,China,1995,kilograms,"7,155","6,639","7,089","67,909","12,550","19,767","18,932","4,937","16,000","4,465","5,142",442
1995,First Unit of Quantity,8544190000,China,1995,kilograms,"79,084","51,200","57,548","9,638","46,539",683,"20,427","8,497","25,236","9,722","29,151","11,913"
1995,First Unit of Quantity,8544200000,China,1995,kilograms,"554,571","552,047","410,279","564,684","537,091","446,910","613,980","696,726","418,838","701,575","755,979","485,506"
1995,First Unit of Quantity,8544300000,China,1995,no units collected,0,0,0,0,0,0,0,0,0,0,0,0
1995,First Unit of Quantity,8544410000,China,1995,no units collected,0,0,0,0,0,0,0,0,0,0,0,0
1995,First Unit of Quantity,8544490000,China,1995,kilograms,"478,876","388,671","326,900","427,196","242,040","414,508","423,109","424,004","403,821","310,810","618,450","486,368"
1995,First Unit of Quantity,8544514000,China,1995,no units collected,0,0,0,0,0,0,0,0,0,0,0,0
1995,First Unit of Quantity,8544518000,China,1995,no units collected,0,0,0,0,0,0,0,0,0,0,0,0
1995,First Unit of Quantity,8544592040,China,1995,kilograms,"64,116","27,978","12,036","8,528","31,055","24,063","25,647","26,974","24,186","19,762","20,849","32,857"
1995,First Unit of Quantity,8544592080,China,1995,kilograms,"163,430","146,632","105,235","216,853","128,608","49,031","135,424","129,982","187,536","211,365","73,418","61,787"
1995,First Unit of Quantity,8544594000,China,1995,kilograms,"44,683","20,036","54,061","19,787","48,774","93,596","68,752","114,637","123,726","52,455","47,220","4,037"
1995,First Unit of Quantity,8544602000,China,1995,no units collected,0,0,0,0,0,0,0,0,0,0,0,0
1995,First Unit of Quantity,8544604000,China,1995,kilograms,0,0,0,0,0,0,0,0,0,0,0,"3,539"
1995,First Unit of Quantity,8544606000,China,1995,kilograms,0,0,"1,188",0,"1,000",0,"5,600","3,126","5,636",0,0,0
1995,First Unit of Quantity,8544700000,China,1995,fiber meters,0,0,0,0,0,0,0,"7,279","42,732","21,900","26,683","22,401"
1995,First Unit of Quantity,8545110000,China,1995,kilograms,"85,529",0,"14,724","51,938","51,927",0,0,"218,802","103,776","151,889","84,685","118,934"
1995,First Unit of Quantity,8545192000,China,1995,kilograms,"51,077","64,406","46,126","46,943","44,099","30,543","16,459","79,378","30,150","52,969","2,611",0
1995,First Unit of Quantity,8545194000,China,1995,kilograms,0,0,0,68,"2,671",25,0,0,260,"18,114","4,150",0
1995,First Unit of Quantity,8545200000,China,1995,kilograms,0,"4,939",0,0,350,"1,305",515,"4,400","1,661",0,"1,072",0
1995,First Unit of Quantity,8545902000,China,1995,kilograms,0,"13,015",0,0,0,0,0,"11,986",0,"7,508",0,0
1995,First Unit of Quantity,8545904000,China,1995,kilograms,0,0,0,0,0,"14,780",0,0,0,0,0,0
1995,First Unit of Quantity,8546100000,China,1995,number,0,0,0,0,0,0,0,112,0,0,0,0
1995,First Unit of Quantity,8546200030,China,1995,number,0,0,0,0,0,804,0,0,0,63,"220,466","4,504"
1995,First Unit of Quantity,8546200060,China,1995,number,0,0,0,0,"142,299",0,0,"40,000","5,519",0,0,"3,456"
1995,First Unit of Quantity,8546200090,China,1995,number,"301,000",0,"97,000","2,039","120,000","106,000","464,500","23,856","347,500","14,472","68,500",0
1995,First Unit of Quantity,8546900000,China,1995,number,"392,242","140,594","44,944","51,844","326,195","176,507","45,480","104,534","134,844","99,460","162,520","52,262"
1995,First Unit of Quantity,8547200000,China,1995,number,"23,223","80,522",500,0,"45,591",0,"25,910","17,700","21,956",0,"53,033",0
1995,First Unit of Quantity,8547900010,China,1995,number,"44,634",0,"32,500","20,000",0,"35,000",0,"33,400",0,0,"5,000","123,245"
1995,First Unit of Quantity,8547900020,China,1995,kilograms,0,0,0,79,0,0,0,0,0,0,"3,755",0
1995,First Unit of Quantity,8547900030,China,1995,kilograms,0,0,"14,875",609,0,"14,328","10,704","11,489","43,200","39,749","45,569","70,258"
1995,First Unit of Quantity,8547900040,China,1995,kilograms,"16,800",0,"38,129","9,207","13,200","11,791","12,555","18,525","4,535","7,488","11,671","15,924"
1995,First Unit of Quantity,8548000000,China,1995,no units collected,0,0,0,0,0,0,0,0,0,0,0,0
1995,First Unit of Quantity,8607120000,China,1995,no units collected,0,0,0,0,0,0,0,0,0,0,0,0
1995,First Unit of Quantity,8607190300,China,1995,kilograms,0,0,0,0,"88,635",0,"88,635","88,635","88,636","88,635","167,240","88,635"
1995,First Unit of Quantity,8607190600,China,1995,kilograms,0,0,0,"44,318",0,0,0,0,0,0,0,0
1995,First Unit of Quantity,8607191200,China,1995,kilograms,0,0,0,0,0,0,"4,402",0,0,0,0,0
1995,First Unit of Quantity,8607191500,China,1995,kilograms,0,0,0,0,0,0,0,"1,300",0,"1,560",0,"5,160"
1995,First Unit of Quantity,8607193090,China,1995,no units collected,0,0,0,0,0,0,0,0,0,0,0,0
1995,First Unit of Quantity,8607199000,China,1995,no units collected,0,0,0,0,0,0,0,0,0,0,0,0
1995,First Unit of Quantity,8607215000,China,1995,no units collected,0,0,0,0,0,0,0,0,0,0,0,0
1995,First Unit of Quantity,8607295000,China,1995,no units collected,0,0,0,0,0,0,0,0,0,0,0,0
1995,First Unit of Quantity,8607301000,China,1995,no units collected,0,0,0,0,0,0,0,0,0,0,0,0
1995,First Unit of Quantity,8607305000,China,1995,no units collected,0,0,0,0,0,0,0,0,0,0,0,0
1995,First Unit of Quantity,8607910000,China,1995,no units collected,0,0,0,0,0,0,0,0,0,0,0,0
1995,First Unit of Quantity,8607991000,China,1995,no units collected,0,0,0,0,0,0,0,0,0,0,0,0
1995,First Unit of Quantity,8607995000,China,1995,no units collected,0,0,0,0,0,0,0,0,0,0,0,0
1995,First Unit of Quantity,8608000000,China,1995,no units collected,0,0,0,0,0,0,0,0,0,0,0,0
1995,First Unit of Quantity,8609000000,China,1995,no units collected,0,0,0,0,0,0,0,0,0,0,0,0
1995,First Unit of Quantity,8701100000,China,1995,number,14,14,0,8,0,0,0,0,0,0,0,0
1995,First Unit of Quantity,8701301015,China,1995,number,0,0,0,0,0,0,0,0,0,8,0,0
1995,First Unit of Quantity,8701901005,China,1995,number,0,0,32,28,55,0,0,32,0,0,0,1
1995,First Unit of Quantity,8701901010,China,1995,number,8,48,91,28,33,21,32,14,62,87,0,16
1995,First Unit of Quantity,8701901015,China,1995,number,26,24,12,88,18,2,0,2,25,24,50,8
1995,First Unit of Quantity,8701901030,China,1995,number,39,14,0,16,0,5,0,0,0,8,1,16
1995,First Unit of Quantity,8701901035,China,1995,number,1,2,24,33,0,16,0,0,0,0,20,7
1995,First Unit of Quantity,8701901040,China,1995,number,3,0,0,0,0,0,0,0,0,24,6,0
1995,First Unit of Quantity,8701901045,China,1995,number,15,0,0,0,0,0,0,0,10,0,23,0
1995,First Unit of Quantity,8701901050,China,1995,number,0,0,1,0,0,0,0,0,0,0,0,0
1995,First Unit of Quantity,8701901060,China,1995,number,0,2,0,0,0,0,0,0,0,0,0,0
1995,First Unit of Quantity,8701901065,China,1995,number,0,0,0,2,0,0,0,0,0,0,0,0
1995,First Unit of Quantity,8701901070,China,1995,number,1,1,0,0,0,0,0,0,2,1,1,0
1995,First Unit of Quantity,8701901090,China,1995,number,67,86,61,54,100,32,1,6,13,16,24,0
1995,First Unit of Quantity,8703230062,China,1995,number,0,0,0,0,0,0,0,1,0,0,0,0
1995,First Unit of Quantity,8703230090,China,1995,number,0,0,0,0,0,0,0,1,0,0,0,0
1995,First Unit of Quantity,8703900000,China,1995,number,1,0,0,0,0,0,0,0,0,0,0,0
1995,First Unit of Quantity,8704310020,China,1995,number,0,2,2,0,0,0,0,0,0,0,0,0
1995,First Unit of Quantity,8706000520,China,1995,number,0,0,0,0,0,1,0,0,9,0,0,2
1995,First Unit of Quantity,8707100040,China,1995,number,0,0,1,0,0,0,0,0,0,0,0,0
1995,First Unit of Quantity,8707901000,China,1995,number,0,15,0,0,0,0,0,0,0,0,0,0
1995,First Unit of Quantity,8707905090,China,1995,number,1,0,0,0,0,0,0,0,0,0,0,0
1995,First Unit of Quantity,8708103010,China,1995,number,0,0,0,0,0,500,0,0,0,0,0,0
1995,First Unit of Quantity,8708103050,China,1995,number,"16,740",0,"3,427","2,195","1,207",0,0,478,452,0,"2,158",0
1995,First Unit of Quantity,8708106010,China,1995,number,0,0,228,0,0,0,0,0,"1,013",0,0,0
1995,First Unit of Quantity,8708106050,China,1995,number,0,0,0,0,0,0,998,0,0,0,0,0
1995,First Unit of Quantity,8708210000,China,1995,kilograms,0,"1,300","2,210","2,115","10,342","6,024",567,508,0,0,0,"1,235"
1995,First Unit of Quantity,8708291500,China,1995,number,0,"1,192",0,"1,865",0,0,0,0,0,0,866,0
1995,First Unit of Quantity,8708292000,China,1995,number,0,"1,273",0,0,0,0,0,0,"5,375",0,0,0
1995,First Unit of Quantity,8708295010,China,1995,number,0,0,0,0,0,"33,146","47,997","49,761","48,871",0,0,0
1995,First Unit of Quantity,8708295060,China,1995,number,"190,570","78,878","43,909","187,666","93,432","124,327","78,592","79,849","37,841","74,880","82,561","44,544"
1995,First Unit of Quantity,8708311000,China,1995,number,0,0,0,0,0,0,0,0,0,50,0,0
1995,First Unit of Quantity,8708315000,China,1995,number,"16,761",0,"35,050",0,"10,217",799,"27,568",0,"16,134","36,620","24,785","8,100"
1995,First Unit of Quantity,8708391000,China,1995,number,0,"6,800","5,941",0,"7,820","2,500",0,"1,310","4,200",0,0,0
1995,First Unit of Quantity,8708395010,China,1995,number,"488,339","258,337","262,095","457,040","695,194","584,592","686,276","798,835","1,143,924","535,466","672,475","731,145"
1995,First Unit of Quantity,8708395050,China,1995,number,"152,040","172,895","129,115","146,686","304,073","238,377","174,251","676,477","260,852","367,860","297,085","452,846"
1995,First Unit of Quantity,8708402000,China,1995,number,0,"2,990",0,0,0,0,0,0,0,0,0,0
1995,First Unit of Quantity,8708403000,China,1995,number,972,0,0,"1,884",0,"1,440","1,884","1,760","1,144",724,"1,440",0
1995,First Unit of Quantity,8708405000,China,1995,number,100,50,0,0,0,655,0,0,123,0,0,0
1995,First Unit of Quantity,8708505000,China,1995,number,"9,072","10,800","6,912","6,048","7,776","6,048","11,016","15,768","18,119","6,049","23,868","6,048"
1995,First Unit of Quantity,8708605000,China,1995,number,0,0,0,0,"30,464",0,0,0,0,0,0,"1,553"
1995,First Unit of Quantity,8708608010,China,1995,number,"27,495",0,"13,328",0,"13,586",0,"25,554",0,"12,852",0,"11,401",0
1995,First Unit of Quantity,8708608050,China,1995,number,0,0,0,0,0,0,0,"16,425",0,0,0,"2,540"
1995,First Unit of Quantity,8708700500,China,1995,number,0,0,0,0,0,0,0,0,0,0,353,0
1995,First Unit of Quantity,8708701500,China,1995,number,0,0,0,0,0,0,0,0,890,0,0,"1,473"
1995,First Unit of Quantity,8708703500,China,1995,number,0,0,0,0,0,"15,478",0,"28,879",0,0,"11,339",0
1995,First Unit of Quantity,8708704530,China,1995,number,"1,400","4,708",0,0,0,0,"1,800",0,0,0,0,0
1995,First Unit of Quantity,8708704545,China,1995,number,"11,694","6,103",709,"6,093","6,267","2,151","3,747","9,944","9,895","9,125","13,670","6,486"
1995,First Unit of Quantity,8708704560,China,1995,number,0,0,"2,040","5,536",314,0,0,396,"1,050",0,0,0
1995,First Unit of Quantity,8708706030,China,1995,number,0,"20,064",0,"10,826",0,0,0,0,0,"62,119","5,913",0
1995,First Unit of Quantity,8708706045,China,1995,number,"113,852","129,012","87,743","107,936","183,228","103,145","137,308","79,624","64,244","248,649","57,944","41,267"
1995,First Unit of Quantity,8708706060,China,1995,number,300,"35,199","23,510","26,176","26,577","28,022","22,997","3,984","38,369","83,605","14,651","3,436"
1995,First Unit of Quantity,8708804500,China,1995,number,0,0,0,"15,503",0,0,0,0,0,0,"3,181",0
1995,First Unit of Quantity,8708911000,China,1995,number,"16,793",0,"14,148",0,0,0,0,0,0,0,"4,000",0
1995,First Unit of Quantity,8708915000,China,1995,number,"15,921","16,266","16,296","31,522","27,689","34,267","32,960","35,317","29,612","25,431","24,754","25,755"
1995,First Unit of Quantity,8708921000,China,1995,number,0,0,0,0,0,0,0,0,0,0,0,"11,204"
1995,First Unit of Quantity,8708925000,China,1995,number,"8,075","2,369",0,"4,186","33,352","7,935","7,672","10,342","15,340",0,"10,291",0
1995,First Unit of Quantity,8708931500,China,1995,number,"5,300","5,340",0,0,0,0,0,0,0,0,0,0
1995,First Unit of Quantity,8708933000,China,1995,number,"5,435",0,0,0,0,0,0,0,0,0,270,0
1995,First Unit of Quantity,8708936000,China,1995,number,"72,352","35,485","108,138","32,572","64,748","84,452","80,411","247,290","43,409","53,880","134,775","93,455"
1995,First Unit of Quantity,8708937500,China,1995,number,"30,400","11,780","9,535",842,"87,419","29,526","56,705","27,976","103,886","12,960","62,594","22,459"
1995,First Unit of Quantity,8708945000,China,1995,number,0,0,0,0,0,0,0,0,0,0,425,"1,106"
1995,First Unit of Quantity,8708990300,China,1995,number,"2,875",0,0,0,0,0,0,0,0,0,0,0
1995,First Unit of Quantity,8708991200,China,1995,number,0,0,0,0,"1,220",0,0,0,500,0,0,0
1995,First Unit of Quantity,8708991500,China,1995,number,0,"2,584","1,793","5,660",0,"3,030","3,816",0,0,"12,600","1,000","2,757"
1995,First Unit of Quantity,8708992400,China,1995,number,"79,913","86,343","128,756","141,392","102,999","66,761","52,595","51,946","46,939","70,369","29,928","82,765"
1995,First Unit of Quantity,8708994600,China,1995,number,0,0,"6,506",0,0,"3,385",0,0,"3,970",0,0,600
1995,First Unit of Quantity,8708994960,China,1995,number,"58,479","2,486","18,176","23,921","66,187",221,"1,860","25,000","32,800","42,513","18,042","1,035"
1995,First Unit of Quantity,8708995200,China,1995,kilograms,"17,074","16,535","14,772","32,649","19,256","33,000",0,"17,187","17,208","17,265","34,182","19,009"
1995,First Unit of Quantity,8708995500,China,1995,number,"16,135","28,964","17,313","33,780","13,998","16,693",0,0,0,0,"14,558",0
1995,First Unit of Quantity,8708996400,China,1995,number,0,0,0,0,"1,650","2,248","8,595",0,"5,811","3,824",0,0
1995,First Unit of Quantity,8708996700,China,1995,number,"15,261",0,"60,676","168,647","137,663","12,698","61,482","196,617","125,262","100,923","72,894","100,985"
1995,First Unit of Quantity,8708997060,China,1995,number,"8,430",880,"6,655","5,650","5,427","23,584","17,945","4,600","4,312","5,036","9,035","2,734"
1995,First Unit of Quantity,8708997360,China,1995,number,"14,500",0,"15,364","16,502",523,0,0,"1,541","8,252","3,243","1,384",605
1995,First Unit of Quantity,8708998005,China,1995,number,0,0,"16,400",0,0,0,0,0,0,0,0,0
1995,First Unit of Quantity,8708998060,China,1995,kilograms,"209,467","81,104","43,466",0,"58,492","88,072","243,639","240,948","248,256","81,687","370,016","156,457"
1995,First Unit of Quantity,8708998080,China,1995,number,"740,360","681,850","577,546","882,159","641,675","700,790","818,896","697,292","819,537","728,265","674,437","660,650"
1995,First Unit of Quantity,8709190030,China,1995,number,0,0,0,0,0,0,29,12,0,0,0,0
1995,First Unit of Quantity,8709190060,China,1995,number,0,0,40,0,0,0,0,0,0,0,0,0
1995,First Unit of Quantity,8709900000,China,1995,kilograms,"20,889","5,673",0,"2,619","10,066","1,615","27,176","5,347","4,007","3,995","1,700","4,205"
1995,First Unit of Quantity,8710000090,China,1995,kilograms,0,0,0,0,0,500,0,0,0,0,0,0
1995,First Unit of Quantity,8711100000,China,1995,number,48,0,0,277,231,736,295,336,990,876,278,820
1995,First Unit of Quantity,8711200030,China,1995,number,0,0,0,0,0,0,0,0,0,0,0,0
1995,First Unit of Quantity,8711200060,China,1995,number,0,0,0,3,0,0,0,0,2,0,11,21
1995,First Unit of Quantity,8711406030,China,1995,number,1,0,0,0,0,0,4,0,0,2,0,0
1995,First Unit of Quantity,8712001510,China,1995,number,"73,839","51,429","74,527","125,441","136,022","185,107","136,253","170,143","164,712","306,391","192,445","14,020"
1995,First Unit of Quantity,8712001520,China,1995,number,"25,040","49,706","35,226","46,107","59,130","28,023","21,734","65,345","20,957","35,586","19,191",0
1995,First Unit of Quantity,8712001550,China,1995,number,"44,935","29,947","37,178","32,639","43,099","38,574","45,098","54,854","38,402","70,172","36,788","2,910"
1995,First Unit of Quantity,8712002500,China,1995,number,"6,121","3,896","2,591","2,945","3,319",527,0,24,323,"1,564",42,585
1995,First Unit of Quantity,8712003500,China,1995,number,"148,179","106,693","149,871","162,800","104,487","80,552","92,247","74,630","84,318","136,134","79,586","8,324"
1995,First Unit of Quantity,8712004400,China,1995,number,0,0,0,0,0,0,0,0,7,0,0,0
1995,First Unit of Quantity,8712004800,China,1995,number,717,0,288,0,410,207,0,0,0,"1,345",0,0
1995,First Unit of Quantity,8712005000,China,1995,number,0,0,0,0,"2,400",0,0,0,0,0,0,0
1995,First Unit of Quantity,8713100000,China,1995,number,633,976,352,700,568,290,"1,398",902,"1,336",570,"1,286","1,594"
1995,First Unit of Quantity,8713900060,China,1995,number,0,0,0,0,0,0,0,0,0,0,262,0
1995,First Unit of Quantity,8714110000,China,1995,kilograms,545,0,0,0,0,619,0,0,0,0,0,0
1995,First Unit of Quantity,8714190060,China,1995,kilograms,"11,724",0,"9,503",460,463,"8,924","4,913",683,"1,010",837,733,827
1995,First Unit of Quantity,8714200000,China,1995,kilograms,760,"4,142",641,"10,958","4,628","4,831","4,791","35,368","1,196","1,301","54,395","3,650"
1995,First Unit of Quantity,8714912000,China,1995,number,0,0,0,0,0,0,0,0,0,0,1,0
1995,First Unit of Quantity,8714913000,China,1995,number,"26,098","15,153","16,608","9,859","14,071","16,504","36,138","18,333","34,300","40,681","23,060","13,198"
1995,First Unit of Quantity,8714919000,China,1995,kilograms,"110,244","67,013","93,635","86,314","122,968","66,233","148,859","71,581","99,956","157,542","138,943","78,972"
1995,First Unit of Quantity,8714921000,China,1995,kilograms,"18,954","19,175","2,129","2,000","18,142","12,443","19,520","1,663","4,332","15,326","6,940",0
1995,First Unit of Quantity,8714925000,China,1995,kilograms,0,0,0,0,0,0,0,0,0,0,0,"3,233"
1995,First Unit of Quantity,8714930500,China,1995,number,0,0,0,0,"2,982","3,000","8,574","1,500","7,660","2,915",760,0
1995,First Unit of Quantity,8714932800,China,1995,number,0,"1,500",0,0,0,0,0,"20,000",0,0,0,"40,000"
1995,First Unit of Quantity,8714933500,China,1995,number,0,0,0,0,"2,674","5,207","11,890","10,000","4,195","13,900","3,675","12,110"
1995,First Unit of Quantity,8714937030,China,1995,number,"16,000","8,700","21,700","42,520",0,"36,500","70,900","9,500","9,092","45,500","44,370","7,000"
1995,First Unit of Quantity,8714937060,China,1995,kilograms,0,"22,572","12,812","18,048",0,"22,306","5,260","3,220",0,"6,256",0,0
1995,First Unit of Quantity,8714943020,China,1995,number,"5,000","40,000","31,000",0,0,0,0,"5,376","2,282",0,0,0
1995,First Unit of Quantity,8714943040,China,1995,number,0,0,0,0,0,0,0,0,"2,726",0,0,0
1995,First Unit of Quantity,8714943080,China,1995,kilograms,0,0,0,0,"31,560","82,290","65,478",200,234,0,0,0
1995,First Unit of Quantity,8714949000,China,1995,kilograms,0,0,0,717,0,0,0,0,"7,683",447,"1,367",0
1995,First Unit of Quantity,8714950000,China,1995,number,"97,630","85,785","106,540","190,775","258,264","117,440","230,912","61,507","58,513","106,090","108,696","44,502"
1995,First Unit of Quantity,8714961000,China,1995,kilograms,"45,462","7,697","32,089","40,364","30,312","14,669","15,789","4,575","7,626","21,852","13,780","5,423"
1995,First Unit of Quantity,8714965000,China,1995,kilograms,"7,650","8,093",0,"13,550","3,037","5,788","11,938","8,588","6,630","3,783","3,128","2,570"
1995,First Unit of Quantity,8714969000,China,1995,kilograms,"3,900","9,360",0,"12,408",0,0,0,0,0,416,0,"3,081"
1995,First Unit of Quantity,8714991000,China,1995,kilograms,0,170,0,"54,050",0,"8,373",0,579,"2,363",0,878,0
1995,First Unit of Quantity,8714995000,China,1995,kilograms,"14,094","11,483","15,796","45,710",0,0,"6,377","13,650","12,306","15,281","8,412","8,699"
1995,First Unit of Quantity,8714996000,China,1995,kilograms,"4,203",0,0,0,0,"3,039",0,0,0,0,0,0
1995,First Unit of Quantity,8714998000,China,1995,kilograms,"67,682","203,823","235,452","264,113","387,767","244,371","314,164","288,834","196,779","399,137","310,588","240,763"
1995,First Unit of Quantity,8715000020,China,1995,number,"357,945","360,746","442,359","499,970","628,955","409,246","416,719","394,905","328,285","229,474","231,601","272,009"
1995,First Unit of Quantity,8715000040,China,1995,kilograms,"6,809","29,154","24,312","13,283","23,483","16,049","50,164","45,307","25,161","3,359","1,050","22,625"
1995,First Unit of Quantity,8716390030,China,1995,number,0,0,0,0,0,0,266,260,0,0,0,0
1995,First Unit of Quantity,8716400000,China,1995,number,20,0,0,0,0,0,"1,253",0,0,0,0,0
1995,First Unit of Quantity,8716801000,China,1995,number,750,"1,580","1,105",475,"1,925",195,400,"1,290","1,400","2,860",520,"2,890"
1995,First Unit of Quantity,8716805010,China,1995,number,"15,371","12,989","7,400","27,504","9,568","25,406","21,209","30,496","17,884","16,587","32,829","14,849"
1995,First Unit of Quantity,8716805020,China,1995,number,"70,147","49,495","82,209","58,038","121,264","69,549","57,279","72,348","53,009","67,091","29,600","55,632"
1995,First Unit of Quantity,8716805090,China,1995,number,"108,585","81,910","123,980","161,493","141,398","118,213","172,320","148,013","131,554","84,683","100,961","118,432"
1995,First Unit of Quantity,8716901000,China,1995,kilograms,0,0,0,0,0,"1,407",0,0,0,0,0,0
1995,First Unit of Quantity,8716903000,China,1995,kilograms,"154,005","114,650","176,609","175,050","95,860","133,718","173,958","191,545","150,040","130,720","94,027","137,468"
1995,First Unit of Quantity,8716905010,China,1995,kilograms,"33,500",0,"1,538",0,"12,650",0,0,0,0,"10,400",0,"49,259"
1995,First Unit of Quantity,8716905030,China,1995,kilograms,"236,264","289,507","212,120","386,638","395,561","490,342","336,140","559,064","399,986","173,037","349,465","245,543"
1995,First Unit of Quantity,8716905060,China,1995,kilograms,"162,217","254,539","362,061","323,707","337,187","515,117","301,685","304,092","451,341","458,613","255,532","241,083"
1995,First Unit of Quantity,8801100030,China,1995,number,0,0,0,0,20,0,0,25,0,0,0,0
1995,First Unit of Quantity,8801900000,China,1995,no units collected,0,0,0,0,0,0,0,0,0,0,0,0
1995,First Unit of Quantity,8802200040,China,1995,number,0,0,0,0,0,0,2,0,0,0,0,2
1995,First Unit of Quantity,8802200070,China,1995,number,0,0,2,0,0,0,0,0,2,0,0,0
1995,First Unit of Quantity,8802200080,China,1995,number,0,0,0,0,4,0,0,0,0,4,0,0
1995,First Unit of Quantity,8802300080,China,1995,number,0,0,0,0,0,0,0,0,0,0,1,0
1995,First Unit of Quantity,8803200010,China,1995,kilograms,"7,343",0,0,0,0,0,0,0,"5,390",0,"10,283","5,072"
1995,First Unit of Quantity,8803300010,China,1995,kilograms,"37,962","43,223","8,217","50,234","19,893","8,236","67,143","30,160","28,398","8,988","25,804","7,697"
1995,First Unit of Quantity,8803300050,China,1995,kilograms,0,3,0,"1,150",0,0,"9,250",0,"5,500",0,0,8
1995,First Unit of Quantity,8803903000,China,1995,kilograms,1,0,0,0,0,0,79,0,0,0,0,0
1995,First Unit of Quantity,8803909010,China,1995,kilograms,0,487,0,0,0,0,0,990,0,0,0,0
1995,First Unit of Quantity,8803909050,China,1995,kilograms,1,0,147,13,0,107,9,0,83,"30,848",200,0
1995,First Unit of Quantity,8804000000,China,1995,kilograms,0,0,"4,961",0,244,211,12,35,322,9,"5,639",0
1995,First Unit of Quantity,8902000000,China,1995,number,0,0,0,0,0,0,1,0,0,0,0,0
1995,First Unit of Quantity,8903100060,China,1995,number,"18,865","16,845","18,769","27,294","16,971","14,117","6,451",511,0,102,"1,878","14,976"
1995,First Unit of Quantity,8903910060,China,1995,number,0,0,0,0,0,0,8,0,0,0,0,0
1995,First Unit of Quantity,8903920030,China,1995,number,0,0,0,0,0,1,0,0,0,0,0,0
1995,First Unit of Quantity,8903990500,China,1995,number,0,0,0,0,0,0,0,0,2,0,0,0
1995,First Unit of Quantity,8903991500,China,1995,number,3,0,0,0,0,0,0,2,8,0,0,0
1995,First Unit of Quantity,8906009090,China,1995,no units collected,0,0,0,0,0,0,0,0,0,0,0,0
1995,First Unit of Quantity,8907100000,China,1995,number,294,"7,620","11,600","3,669","4,545","32,813",28,500,60,0,0,56
1995,First Unit of Quantity,8907900090,China,1995,no units collected,0,0,0,0,0,0,0,0,0,0,0,0
1995,First Unit of Quantity,9001100030,China,1995,meters,0,0,"6,171,200",0,0,"1,100,000","1,000,000","4,067,700","3,603,500","5,363,300","4,891,702","3,004,404"
1995,First Unit of Quantity,9001100070,China,1995,meters,"1,002","4,413,200","15,603,500",0,0,0,0,0,0,0,0,0
1995,First Unit of Quantity,9001100075,China,1995,fiber meters,"12,962",0,0,0,0,0,0,300,0,0,0,0
1995,First Unit of Quantity,9001100085,China,1995,fiber meters,0,0,0,0,0,0,0,"1,500",0,0,0,0
1995,First Unit of Quantity,9001400000,China,1995,pairs,0,0,"8,408",0,"5,120","26,350","21,600","11,835","38,538",0,"17,100",0
1995,First Unit of Quantity,9001500000,China,1995,pairs,"33,150","10,104","6,254","11,015","10,877","2,770","2,007","26,311","6,149","22,727","17,597","22,000"
1995,First Unit of Quantity,9001904000,China,1995,number,"56,679","30,797","135,005","167,393","103,786","134,446","81,745","100,693","131,744","105,408","72,839","89,618"
1995,First Unit of Quantity,9001905000,China,1995,no units collected,0,0,0,0,0,0,0,0,0,0,0,0
1995,First Unit of Quantity,9001906000,China,1995,no units collected,0,0,0,0,0,0,0,0,0,0,0,0
1995,First Unit of Quantity,9001909000,China,1995,no units collected,0,0,0,0,0,0,0,0,0,0,0,0
1995,First Unit of Quantity,9002114000,China,1995,number,"13,575","2,880","2,880","2,700","4,235","5,500","3,500",425,412,"3,625","2,125","8,688"
1995,First Unit of Quantity,9002116000,China,1995,number,0,0,0,0,0,0,0,0,100,100,0,225
1995,First Unit of Quantity,9002119000,China,1995,no units collected,0,0,0,0,0,0,0,0,0,0,0,0
1995,First Unit of Quantity,9002190000,China,1995,no units collected,0,0,0,0,0,0,0,0,0,0,0,0
1995,First Unit of Quantity,9002204000,China,1995,no units collected,0,0,0,0,0,0,0,0,0,0,0,0
1995,First Unit of Quantity,9002208000,China,1995,no units collected,0,0,0,0,0,0,0,0,0,0,0,0
1995,First Unit of Quantity,9002902000,China,1995,no units collected,0,0,0,0,0,0,0,0,0,0,0,0
1995,First Unit of Quantity,9002904000,China,1995,no units collected,0,0,0,0,0,0,0,0,0,0,0,0
1995,First Unit of Quantity,9002909500,China,1995,no units collected,0,0,0,0,0,0,0,0,0,0,0,0
1995,First Unit of Quantity,9003110000,China,1995,dozens,"83,424","55,238","115,730","65,343","67,857","45,891","62,651","45,976","27,940","32,279","32,284","25,988"
1995,First Unit of Quantity,9003190000,China,1995,dozens,"19,528","8,788","34,355","27,003","57,150","46,902","40,592","68,996","50,364","100,561","80,438","75,915"
1995,First Unit of Quantity,9003900000,China,1995,no units collected,0,0,0,0,0,0,0,0,0,0,0,0
1995,First Unit of Quantity,9004100000,China,1995,dozens,"1,296,438","1,330,647","1,227,025","1,293,899","1,230,405","803,338","696,766","552,287","524,108","1,001,726","1,138,588","1,304,200"
1995,First Unit of Quantity,9004900000,China,1995,dozens,"270,757","320,719","291,329","440,054","229,696","262,274","138,801","118,299","175,729","159,293","167,948","183,675"
1995,First Unit of Quantity,9005100020,China,1995,number,800,800,0,"5,230","12,000","2,698","2,000","2,400",0,"2,200",0,"2,200"
1995,First Unit of Quantity,9005100040,China,1995,number,"256,859","151,941","238,643","269,704","230,762","357,191","289,979","405,874","402,259","318,556","368,535","125,481"
1995,First Unit of Quantity,9005100080,China,1995,number,"324,755","449,640","160,954","224,242","280,580","447,278","471,454","322,829","178,352","302,425","414,082","192,730"
1995,First Unit of Quantity,9005804020,China,1995,number,0,0,0,0,0,0,0,0,0,0,"2,153",0
1995,First Unit of Quantity,9005804040,China,1995,number,"17,532","5,894","14,694","20,474","33,028","38,818","57,234","71,447","196,904","99,155","58,697","34,596"
1995,First Unit of Quantity,9005806000,China,1995,number,0,0,"1,200","1,510",0,"6,105","3,090",397,8,500,"16,214","1,313"
1995,First Unit of Quantity,9006300000,China,1995,number,0,0,0,0,0,"4,000",0,0,3,2,0,0
1995,First Unit of Quantity,9006404000,China,1995,number,0,"63,360","69,600","67,600","52,800","59,520","113,280","67,440","76,800","84,480","57,600","67,200"
1995,First Unit of Quantity,9006510040,China,1995,number,"5,936","11,112","6,644","8,133","5,542","7,638","3,569","21,290","14,448","5,249","3,037","2,609"
1995,First Unit of Quantity,9006510080,China,1995,number,0,0,0,0,0,0,0,1,0,0,2,3
1995,First Unit of Quantity,9006521020,China,1995,number,"308,674","187,118","201,540","215,101","261,946","384,662","303,780","330,128","260,319","214,201","352,012","229,575"
1995,First Unit of Quantity,9006521040,China,1995,number,"47,704","301,098","126,730","396,442","148,053","152,437","217,628","103,182","158,539","513,648","208,638","80,674"
1995,First Unit of Quantity,9006523000,China,1995,number,"8,760",400,632,0,"1,200",372,"6,348","2,368",188,771,250,"2,675"
1995,First Unit of Quantity,9006525000,China,1995,number,"100,000","9,960",0,0,0,0,0,7,0,0,0,0
1995,First Unit of Quantity,9006526000,China,1995,number,"9,800","1,000",0,0,0,0,0,"9,600",0,0,"7,800",0
1995,First Unit of Quantity,9006529060,China,1995,number,0,"1,000",0,"13,064","10,060",0,0,0,0,0,0,0
1995,First Unit of Quantity,9006529080,China,1995,number,100,100,0,0,0,250,0,0,201,"1,440",300,1
1995,First Unit of Quantity,9006530040,China,1995,number,"482,573","378,646","1,086,408","484,636","722,599","782,782","796,202","919,267","1,099,511","1,480,794","942,433","813,896"
1995,First Unit of Quantity,9006530080,China,1995,number,"754,830","622,140","407,838","1,676,238","1,591,922","2,047,009","1,343,635","1,089,614","795,593","906,108","1,178,228","792,280"
1995,First Unit of Quantity,9006594060,China,1995,number,0,0,0,"10,080","10,080","40,110","66,879","2,100","24,960","17,000","5,696","58,024"
1995,First Unit of Quantity,9006596000,China,1995,number,"5,440","3,192",0,0,"9,960",0,0,"20,800",0,0,0,0
1995,First Unit of Quantity,9006599000,China,1995,number,0,0,"5,850",2,0,0,0,0,"1,114",0,0,0
1995,First Unit of Quantity,9006610020,China,1995,number,"3,680","14,940","6,820","15,625","14,054","22,536","19,318","10,925","18,488","25,695","22,558","12,981"
1995,First Unit of Quantity,9006610040,China,1995,number,"30,454","2,000","6,096","28,000","17,936","5,792","2,229","3,212","2,500","16,470","8,083","1,100"
1995,First Unit of Quantity,9006610060,China,1995,number,0,"1,000",0,100,"16,930",500,"4,192",0,"10,456",0,"1,710",60
1995,First Unit of Quantity,9006620000,China,1995,number,10,"6,750","4,000",0,0,0,250,0,0,0,0,0
1995,First Unit of Quantity,9006690000,China,1995,no units collected,0,0,0,0,0,0,0,0,0,0,0,0
1995,First Unit of Quantity,9006910000,China,1995,no units collected,0,0,0,0,0,0,0,0,0,0,0,0
1995,First Unit of Quantity,9006990000,China,1995,no units collected,0,0,0,0,0,0,0,0,0,0,0,0
1995,First Unit of Quantity,9007198080,China,1995,number,0,0,0,0,0,2,0,0,0,65,62,0
1995,First Unit of Quantity,9007218000,China,1995,number,0,0,0,0,0,0,0,"1,500",0,"2,346",720,0
1995,First Unit of Quantity,9007298000,China,1995,number,0,0,0,0,0,0,"8,820","5,004",0,0,0,"2,001"
1995,First Unit of Quantity,9007914000,China,1995,no units collected,0,0,0,0,0,0,0,0,0,0,0,0
1995,First Unit of Quantity,9007918000,China,1995,no units collected,0,0,0,0,0,0,0,0,0,0,0,0
1995,First Unit of Quantity,9007920000,China,1995,no units collected,0,0,0,0,0,0,0,0,0,0,0,0
1995,First Unit of Quantity,9008100000,China,1995,number,"3,000",618,0,"2,000",420,"2,300","3,200","2,700","2,880","1,620","2,400","2,400"
1995,First Unit of Quantity,9008208000,China,1995,number,0,0,0,0,0,0,800,0,0,"1,010",0,0
1995,First Unit of Quantity,9008300000,China,1995,number,"6,626",0,0,0,0,"16,536","23,904","3,324","2,400","2,629","2,050",0
1995,First Unit of Quantity,9008400000,China,1995,number,0,0,0,0,0,0,0,0,0,0,1,0
1995,First Unit of Quantity,9008904000,China,1995,no units collected,0,0,0,0,0,0,0,0,0,0,0,0
1995,First Unit of Quantity,9008908000,China,1995,no units collected,0,0,0,0,0,0,0,0,0,0,0,0
1995,First Unit of Quantity,9009110000,China,1995,number,15,0,0,69,4,28,80,0,0,3,4,3
1995,First Unit of Quantity,9009120000,China,1995,number,"36,634","16,880","23,486","28,959","46,160","38,359","54,323","44,645","37,571","44,957","20,453","22,778"
1995,First Unit of Quantity,9009210000,China,1995,number,5,0,0,0,0,0,0,0,0,38,0,10
1995,First Unit of Quantity,9009220000,China,1995,number,0,0,0,0,0,0,0,0,0,0,0,3
1995,First Unit of Quantity,9009901000,China,1995,no units collected,0,0,0,0,0,0,0,0,0,0,0,0
1995,First Unit of Quantity,9009903000,China,1995,no units collected,0,0,0,0,0,0,0,0,0,0,0,0
1995,First Unit of Quantity,9009905000,China,1995,no units collected,0,0,0,0,0,0,0,0,0,0,0,0
1995,First Unit of Quantity,9009907070,China,1995,no units collected,0,0,0,0,0,0,0,0,0,0,0,0
1995,First Unit of Quantity,9009907090,China,1995,no units collected,0,0,0,0,0,0,0,0,0,0,0,0
1995,First Unit of Quantity,9010100000,China,1995,no units collected,0,0,0,0,0,0,0,0,0,0,0,0
1995,First Unit of Quantity,9010205000,China,1995,no units collected,0,0,0,0,0,0,0,0,0,0,0,0
1995,First Unit of Quantity,9010206080,China,1995,no units collected,0,0,0,0,0,0,0,0,0,0,0,0
1995,First Unit of Quantity,9010300000,China,1995,number,0,0,0,0,0,0,0,0,0,0,400,0
1995,First Unit of Quantity,9010904000,China,1995,no units collected,0,0,0,0,0,0,0,0,0,0,0,0
1995,First Unit of Quantity,9010908000,China,1995,no units collected,0,0,0,0,0,0,0,0,0,0,0,0
1995,First Unit of Quantity,9011104000,China,1995,number,6,8,12,55,90,60,5,70,5,20,125,50
1995,First Unit of Quantity,9011108000,China,1995,number,"2,443","2,532",702,"1,788","2,036","2,759","18,782","3,123","6,309","1,912","4,745",720
1995,First Unit of Quantity,9011204000,China,1995,number,914,425,205,876,"1,100",300,550,"1,046","1,740",2,"1,421",155
1995,First Unit of Quantity,9011208000,China,1995,number,50,0,0,0,100,0,200,500,0,0,98,0
1995,First Unit of Quantity,9011800000,China,1995,number,"73,962","15,005","6,163","20,002","19,878","24,075","45,991","49,560","46,065","217,167","79,926","48,966"
1995,First Unit of Quantity,9011900000,China,1995,no units collected,0,0,0,0,0,0,0,0,0,0,0,0
1995,First Unit of Quantity,9012100000,China,1995,no units collected,0,0,0,0,0,0,0,0,0,0,0,0
1995,First Unit of Quantity,9012900000,China,1995,no units collected,0,0,0,0,0,0,0,0,0,0,0,0
1995,First Unit of Quantity,9013101000,China,1995,number,"183,650",0,"239,760","251,579","96,729","134,789","180,060","313,752","169,450","158,763","114,479","42,414"
1995,First Unit of Quantity,9013103000,China,1995,number,"1,600",0,400,"1,588",500,344,"1,350",0,0,0,0,"22,100"
1995,First Unit of Quantity,9013104000,China,1995,number,"3,744",0,"29,972","25,752",0,"9,200","3,370",0,0,0,0,"2,000"
1995,First Unit of Quantity,9013200000,China,1995,number,0,0,5,5,5,12,0,0,1,10,50,1
1995,First Unit of Quantity,9013802000,China,1995,number,"931,086","803,773","461,773","730,724","585,066","653,072","590,850","919,226","634,855","1,224,859","916,798","692,197"
1995,First Unit of Quantity,9013804000,China,1995,number,"142,920","223,998","62,600","166,530","188,020","58,200","39,561","83,260","104,900","56,800","163,932","71,756"
1995,First Unit of Quantity,9013806000,China,1995,no units collected,0,0,0,0,0,0,0,0,0,0,0,0
1995,First Unit of Quantity,9013902000,China,1995,no units collected,0,0,0,0,0,0,0,0,0,0,0,0
1995,First Unit of Quantity,9013904000,China,1995,no units collected,0,0,0,0,0,0,0,0,0,0,0,0
1995,First Unit of Quantity,9014101000,China,1995,number,508,225,98,5,698,3,222,99,98,61,23,4
1995,First Unit of Quantity,9014106000,China,1995,number,"82,093","14,408",95,0,"11,101",308,19,233,"1,347",38,18,"3,024"
1995,First Unit of Quantity,9014107060,China,1995,number,0,0,0,0,2,0,0,0,0,0,0,0
1995,First Unit of Quantity,9014109000,China,1995,number,"122,906","161,936","88,504","139,476","60,778","137,093","68,699","341,263","191,610","56,477","153,732","93,998"
1995,First Unit of Quantity,9014204000,China,1995,number,0,0,0,1,0,0,0,0,0,0,0,0
1995,First Unit of Quantity,9014206000,China,1995,number,0,0,0,0,0,0,0,2,0,1,3,0
1995,First Unit of Quantity,9014208040,China,1995,number,168,1,0,625,0,0,480,0,1,309,0,4
1995,First Unit of Quantity,9014208080,China,1995,number,930,665,"1,654","1,361",418,670,652,623,564,0,"1,778",422
1995,First Unit of Quantity,9014801000,China,1995,number,260,0,0,0,120,0,150,0,130,0,0,140
1995,First Unit of Quantity,9014802000,China,1995,number,5,0,0,10,0,0,0,0,10,0,0,15
1995,First Unit of Quantity,9014804000,China,1995,number,0,0,0,0,0,0,150,0,0,0,0,0
1995,First Unit of Quantity,9014805000,China,1995,number,0,0,0,0,0,0,0,0,0,0,0,80
1995,First Unit of Quantity,9014906000,China,1995,no units collected,0,0,0,0,0,0,0,0,0,0,0,0
1995,First Unit of Quantity,9015104000,China,1995,number,0,6,0,0,0,0,0,3,0,0,0,0
1995,First Unit of Quantity,9015108000,China,1995,number,"1,200",0,0,"13,000","1,200",0,0,0,"20,736",0,"1,200",0
1995,First Unit of Quantity,9015208000,China,1995,number,85,0,110,110,0,0,0,0,0,0,0,0
1995,First Unit of Quantity,9015304000,China,1995,number,0,0,0,140,160,0,228,0,0,0,78,0
1995,First Unit of Quantity,9015308000,China,1995,number,"13,304","11,143","20,600","250,430","14,712","14,072","49,960","19,476","10,294","7,578","7,204","7,251"
1995,First Unit of Quantity,9015802000,China,1995,no units collected,0,0,0,0,0,0,0,0,0,0,0,0
1995,First Unit of Quantity,9015808040,China,1995,no units collected,0,0,0,0,0,0,0,0,0,0,0,0
1995,First Unit of Quantity,9015808080,China,1995,no units collected,0,0,0,0,0,0,0,0,0,0,0,0
1995,First Unit of Quantity,9015900010,China,1995,no units collected,0,0,0,0,0,0,0,0,0,0,0,0
1995,First Unit of Quantity,9015900020,China,1995,no units collected,0,0,0,0,0,0,0,0,0,0,0,0
1995,First Unit of Quantity,9015900030,China,1995,no units collected,0,0,0,0,0,0,0,0,0,0,0,0
1995,First Unit of Quantity,9015900050,China,1995,no units collected,0,0,0,0,0,0,0,0,0,0,0,0
1995,First Unit of Quantity,9015900060,China,1995,no units collected,0,0,0,0,0,0,0,0,0,0,0,0
1995,First Unit of Quantity,9015900090,China,1995,no units collected,0,0,0,0,0,0,0,0,0,0,0,0
1995,First Unit of Quantity,9016002000,China,1995,no units collected,0,0,0,0,0,0,0,0,0,0,0,0
1995,First Unit of Quantity,9016006000,China,1995,no units collected,0,0,0,0,0,0,0,0,0,0,0,0
1995,First Unit of Quantity,9017100000,China,1995,no units collected,0,0,0,0,0,0,0,0,0,0,0,0
1995,First Unit of Quantity,9017204000,China,1995,no units collected,0,0,0,0,0,0,0,0,0,0,0,0
1995,First Unit of Quantity,9017205000,China,1995,number,18,8,0,0,0,0,0,0,0,0,0,0
1995,First Unit of Quantity,9017209040,China,1995,number,0,0,0,"5,800","24,232",20,"1,548",0,364,0,0,43
1995,First Unit of Quantity,9017209090,China,1995,no units collected,0,0,0,0,0,0,0,0,0,0,0,0
1995,First Unit of Quantity,9017304000,China,1995,number,"47,297","74,171","86,118","74,409","57,398","80,106","96,321","66,379","66,375","78,141","81,810","43,955"
1995,First Unit of Quantity,9017308000,China,1995,no units collected,0,0,0,0,0,0,0,0,0,0,0,0
1995,First Unit of Quantity,9017800000,China,1995,no units collected,0,0,0,0,0,0,0,0,0,0,0,0
1995,First Unit of Quantity,9017900035,China,1995,no units collected,0,0,0,0,0,0,0,0,0,0,0,0
1995,First Unit of Quantity,9017900040,China,1995,no units collected,0,0,0,0,0,0,0,0,0,0,0,0
1995,First Unit of Quantity,9017900050,China,1995,no units collected,0,0,0,0,0,0,0,0,0,0,0,0
1995,First Unit of Quantity,9017900060,China,1995,no units collected,0,0,0,0,0,0,0,0,0,0,0,0
1995,First Unit of Quantity,9018113000,China,1995,number,696,319,566,169,142,402,128,117,26,360,430,440
1995,First Unit of Quantity,9018116000,China,1995,no units collected,0,0,0,0,0,0,0,0,0,0,0,0
1995,First Unit of Quantity,9018119000,China,1995,no units collected,0,0,0,0,0,0,0,0,0,0,0,0
1995,First Unit of Quantity,9018194000,China,1995,no units collected,0,0,0,0,0,0,0,0,0,0,0,0
1995,First Unit of Quantity,9018195500,China,1995,no units collected,0,0,0,0,0,0,0,0,0,0,0,0
1995,First Unit of Quantity,9018199530,China,1995,no units collected,0,0,0,0,0,0,0,0,0,0,0,0
1995,First Unit of Quantity,9018199545,China,1995,number,0,0,0,1,0,0,0,1,2,0,0,0
1995,First Unit of Quantity,9018199550,China,1995,no units collected,0,0,0,0,0,0,0,0,0,0,0,0
1995,First Unit of Quantity,9018199560,China,1995,no units collected,0,0,0,0,0,0,0,0,0,0,0,0
1995,First Unit of Quantity,9018200040,China,1995,no units collected,0,0,0,0,0,0,0,0,0,0,0,0
1995,First Unit of Quantity,9018200080,China,1995,no units collected,0,0,0,0,0,0,0,0,0,0,0,0
1995,First Unit of Quantity,9018310040,China,1995,number,0,0,0,0,0,0,0,0,0,0,0,0
1995,First Unit of Quantity,9018310080,China,1995,number,"450,000",0,0,0,0,0,0,0,0,0,0,"150,000"
1995,First Unit of Quantity,9018320000,China,1995,no units collected,0,0,0,0,0,0,0,0,0,0,0,0
1995,First Unit of Quantity,9018390040,China,1995,no units collected,0,0,0,0,0,0,0,0,0,0,0,0
1995,First Unit of Quantity,9018390050,China,1995,no units collected,0,0,0,0,0,0,0,0,0,0,0,0
1995,First Unit of Quantity,9018498040,China,1995,no units collected,0,0,0,0,0,0,0,0,0,0,0,0
1995,First Unit of Quantity,9018498080,China,1995,no units collected,0,0,0,0,0,0,0,0,0,0,0,0
1995,First Unit of Quantity,9018500000,China,1995,no units collected,0,0,0,0,0,0,0,0,0,0,0,0
1995,First Unit of Quantity,9018901000,China,1995,no units collected,0,0,0,0,0,0,0,0,0,0,0,0
1995,First Unit of Quantity,9018902000,China,1995,no units collected,0,0,0,0,0,0,0,0,0,0,0,0
1995,First Unit of Quantity,9018903000,China,1995,no units collected,0,0,0,0,0,0,0,0,0,0,0,0
1995,First Unit of Quantity,9018904000,China,1995,no units collected,0,0,0,0,0,0,0,0,0,0,0,0
1995,First Unit of Quantity,9018905040,China,1995,no units collected,0,0,0,0,0,0,0,0,0,0,0,0
1995,First Unit of Quantity,9018905080,China,1995,no units collected,0,0,0,0,0,0,0,0,0,0,0,0
1995,First Unit of Quantity,9018906000,China,1995,no units collected,0,0,0,0,0,0,0,0,0,0,0,0
1995,First Unit of Quantity,9018906800,China,1995,no units collected,0,0,0,0,0,0,0,0,0,0,0,0
1995,First Unit of Quantity,9018907520,China,1995,number,0,0,0,30,50,0,0,20,4,0,0,0
1995,First Unit of Quantity,9018907560,China,1995,no units collected,0,0,0,0,0,0,0,0,0,0,0,0
1995,First Unit of Quantity,9018907580,China,1995,no units collected,0,0,0,0,0,0,0,0,0,0,0,0
1995,First Unit of Quantity,9018908000,China,1995,no units collected,0,0,0,0,0,0,0,0,0,0,0,0
1995,First Unit of Quantity,9019102000,China,1995,no units collected,0,0,0,0,0,0,0,0,0,0,0,0
1995,First Unit of Quantity,9019104000,China,1995,no units collected,0,0,0,0,0,0,0,0,0,0,0,0
1995,First Unit of Quantity,9019106000,China,1995,no units collected,0,0,0,0,0,0,0,0,0,0,0,0
1995,First Unit of Quantity,9019200000,China,1995,no units collected,0,0,0,0,0,0,0,0,0,0,0,0
1995,First Unit of Quantity,9020004000,China,1995,no units collected,0,0,0,0,0,0,0,0,0,0,0,0
1995,First Unit of Quantity,9020006000,China,1995,no units collected,0,0,0,0,0,0,0,0,0,0,0,0
1995,First Unit of Quantity,9020009000,China,1995,no units collected,0,0,0,0,0,0,0,0,0,0,0,0
1995,First Unit of Quantity,9021198500,China,1995,no units collected,0,0,0,0,0,0,0,0,0,0,0,0
1995,First Unit of Quantity,9021214000,China,1995,no units collected,0,0,0,0,0,0,0,0,0,0,0,0
1995,First Unit of Quantity,9021300000,China,1995,no units collected,0,0,0,0,0,0,0,0,0,0,0,0
1995,First Unit of Quantity,9021400000,China,1995,number,115,0,0,0,0,0,0,0,0,32,0,0
1995,First Unit of Quantity,9021908000,China,1995,no units collected,0,0,0,0,0,0,0,0,0,0,0,0
1995,First Unit of Quantity,9022110000,China,1995,no units collected,0,0,0,0,0,0,0,0,0,0,0,0
1995,First Unit of Quantity,9022190000,China,1995,no units collected,0,0,0,0,0,0,0,0,0,0,0,0
1995,First Unit of Quantity,9022294000,China,1995,number,0,0,0,0,0,0,"2,457",0,0,0,"4,000","4,000"
1995,First Unit of Quantity,9022300000,China,1995,number,5,2,31,96,137,158,152,75,121,119,78,143
1995,First Unit of Quantity,9022904000,China,1995,no units collected,0,0,0,0,0,0,0,0,0,0,0,0
1995,First Unit of Quantity,9022906000,China,1995,no units collected,0,0,0,0,0,0,0,0,0,0,0,0
1995,First Unit of Quantity,9022907000,China,1995,no units collected,0,0,0,0,0,0,0,0,0,0,0,0
1995,First Unit of Quantity,9023000000,China,1995,no units collected,0,0,0,0,0,0,0,0,0,0,0,0
1995,First Unit of Quantity,9024100000,China,1995,no units collected,0,0,0,0,0,0,0,0,0,0,0,0
1995,First Unit of Quantity,9024800000,China,1995,no units collected,0,0,0,0,0,0,0,0,0,0,0,0
1995,First Unit of Quantity,9024900040,China,1995,no units collected,0,0,0,0,0,0,0,0,0,0,0,0
1995,First Unit of Quantity,9024900080,China,1995,no units collected,0,0,0,0,0,0,0,0,0,0,0,0
1995,First Unit of Quantity,9025112000,China,1995,number,"185,000","241,056","308,160","241,056","39,744","538,532","245,376","154,656","304,080","28,224","262,080","224,592"
1995,First Unit of Quantity,9025114000,China,1995,number,"211,970","366,249","363,945","97,819","250,175","243,053","205,567","229,073","221,919","436,469","189,505","356,869"
1995,First Unit of Quantity,9025194000,China,1995,number,0,0,0,0,0,"12,750",0,"4,000",0,0,0,0
1995,First Unit of Quantity,9025198040,China,1995,number,"424,552","97,006","317,786","457,867","270,382","370,777","570,225","408,136","651,789","695,793","771,536","876,355"
1995,First Unit of Quantity,9025198080,China,1995,number,"1,205,960","1,006,224","952,157","1,355,876","1,092,606","993,307","704,558","1,131,864","1,096,965","1,170,878","1,101,253","1,020,279"
1995,First Unit of Quantity,9025204000,China,1995,number,200,220,0,340,"2,290","5,072","1,880","2,180","4,123","1,259",100,350
1995,First Unit of Quantity,9025208000,China,1995,number,"7,566","10,290","28,390","30,284",200,"7,200",280,"7,255",0,"1,350","11,400",250
1995,First Unit of Quantity,9025801000,China,1995,number,"14,870","6,000","5,700","14,550",400,"16,200","2,290","1,005",0,"6,003","1,010","2,404"
1995,First Unit of Quantity,9025802000,China,1995,number,0,0,0,0,0,0,0,0,0,0,"3,456","6,480"
1995,First Unit of Quantity,9025803500,China,1995,number,"15,050","3,125","1,633","10,620","3,866","4,616","1,000","5,874","8,705","16,559","24,650","41,631"
1995,First Unit of Quantity,9025804000,China,1995,number,0,0,0,0,"1,000",0,0,0,0,0,0,0
1995,First Unit of Quantity,9025805000,China,1995,number,"10,689","19,834","3,995","1,510","12,984","21,256","11,310","11,560","8,800","25,123","9,404","16,116"
1995,First Unit of Quantity,9025900000,China,1995,no units collected,0,0,0,0,0,0,0,0,0,0,0,0
1995,First Unit of Quantity,9026102080,China,1995,number,0,0,"1,528",0,"3,630","41,696","15,800",0,768,0,528,0
1995,First Unit of Quantity,9026104000,China,1995,number,0,0,0,0,0,0,0,100,0,0,439,0
1995,First Unit of Quantity,9026106000,China,1995,number,0,0,0,0,0,0,0,"2,000",0,"4,600","16,012",0
1995,First Unit of Quantity,9026204000,China,1995,number,149,300,0,0,528,0,"1,584",500,5,624,39,0
1995,First Unit of Quantity,9026208000,China,1995,number,"461,065","452,936","720,687","351,499","725,630","648,034","665,306","475,786","378,665","831,994","605,223","631,877"
1995,First Unit of Quantity,9026802000,China,1995,number,"9,110","3,830","1,008","1,216",0,0,720,350,504,0,0,"1,323"
1995,First Unit of Quantity,9026804000,China,1995,number,0,0,0,0,1,0,0,0,0,0,0,0
1995,First Unit of Quantity,9026806000,China,1995,number,"25,152",202,"20,799","10,416","29,673","55,344","10,076","33,797","10,538","2,700","9,288","11,928"
1995,First Unit of Quantity,9026902000,China,1995,no units collected,0,0,0,0,0,0,0,0,0,0,0,0
1995,First Unit of Quantity,9026904000,China,1995,no units collected,0,0,0,0,0,0,0,0,0,0,0,0
1995,First Unit of Quantity,9026906000,China,1995,no units collected,0,0,0,0,0,0,0,0,0,0,0,0
1995,First Unit of Quantity,9027102000,China,1995,no units collected,0,0,0,0,0,0,0,0,0,0,0,0
1995,First Unit of Quantity,9027106000,China,1995,no units collected,0,0,0,0,0,0,0,0,0,0,0,0
1995,First Unit of Quantity,9027204450,China,1995,number,0,0,0,0,0,0,0,0,0,7,0,0
1995,First Unit of Quantity,9027304040,China,1995,number,1,200,0,0,0,200,0,250,0,0,0,450
1995,First Unit of Quantity,9027304080,China,1995,number,0,4,0,86,134,0,0,6,5,0,54,0
1995,First Unit of Quantity,9027504050,China,1995,number,0,0,0,0,0,45,0,0,0,0,0,0
1995,First Unit of Quantity,9027504060,China,1995,number,0,0,0,0,0,0,0,0,174,0,0,0
1995,First Unit of Quantity,9027508015,China,1995,number,11,200,320,0,508,300,820,460,300,525,"1,240","1,100"
1995,First Unit of Quantity,9027508020,China,1995,number,0,0,0,0,0,0,0,0,12,0,0,0
1995,First Unit of Quantity,9027508060,China,1995,number,0,0,0,0,0,0,0,60,0,10,0,0
1995,First Unit of Quantity,9027804530,China,1995,no units collected,0,0,0,0,0,0,0,0,0,0,0,0
1995,First Unit of Quantity,9027804560,China,1995,no units collected,0,0,0,0,0,0,0,0,0,0,0,0
1995,First Unit of Quantity,9027804590,China,1995,no units collected,0,0,0,0,0,0,0,0,0,0,0,0
1995,First Unit of Quantity,9027808090,China,1995,no units collected,0,0,0,0,0,0,0,0,0,0,0,0
1995,First Unit of Quantity,9027905510,China,1995,no units collected,0,0,0,0,0,0,0,0,0,0,0,0
1995,First Unit of Quantity,9027905520,China,1995,no units collected,0,0,0,0,0,0,0,0,0,0,0,0
1995,First Unit of Quantity,9027905530,China,1995,no units collected,0,0,0,0,0,0,0,0,0,0,0,0
1995,First Unit of Quantity,9027905540,China,1995,no units collected,0,0,0,0,0,0,0,0,0,0,0,0
1995,First Unit of Quantity,9027905550,China,1995,no units collected,0,0,0,0,0,0,0,0,0,0,0,0
1995,First Unit of Quantity,9027905560,China,1995,no units collected,0,0,0,0,0,0,0,0,0,0,0,0
1995,First Unit of Quantity,9028100000,China,1995,number,0,0,0,"4,336",0,0,0,0,11,0,0,0
1995,First Unit of Quantity,9028200000,China,1995,number,0,0,2,0,0,0,0,0,0,0,0,0
1995,First Unit of Quantity,9028300000,China,1995,number,0,0,0,0,0,0,"3,500",284,"1,000",0,0,"2,000"
1995,First Unit of Quantity,9028900080,China,1995,no units collected,0,0,0,0,0,0,0,0,0,0,0,0
1995,First Unit of Quantity,9029108000,China,1995,number,"52,703","46,947","29,770","35,300","24,516","35,336","46,430","24,964","38,616","100,888","116,626","96,177"
1995,First Unit of Quantity,9029202000,China,1995,number,"32,526","19,210",0,"40,644","34,364","37,959","25,880","48,380","22,010","7,010","8,388","9,270"
1995,First Unit of Quantity,9029204080,China,1995,number,900,0,"1,263",205,0,0,0,0,0,"5,150","2,535",0
1995,First Unit of Quantity,9029206000,China,1995,number,0,0,0,0,0,0,0,0,0,0,1,0
1995,First Unit of Quantity,9029904000,China,1995,no units collected,0,0,0,0,0,0,0,0,0,0,0,0
1995,First Unit of Quantity,9029908040,China,1995,no units collected,0,0,0,0,0,0,0,0,0,0,0,0
1995,First Unit of Quantity,9030100000,China,1995,number,0,14,0,17,16,0,19,3,0,"11,800",0,"15,177"
1995,First Unit of Quantity,9030200000,China,1995,number,0,0,0,280,0,0,0,0,0,0,0,0
1995,First Unit of Quantity,9030310000,China,1995,number,"89,853","45,081","37,169","89,663","130,215","68,968","160,520","79,242","126,867","45,390","48,212","65,898"
1995,First Unit of Quantity,9030390040,China,1995,no units collected,0,0,0,0,0,0,0,0,0,0,0,0
1995,First Unit of Quantity,9030390080,China,1995,no units collected,0,0,0,0,0,0,0,0,0,0,0,0
1995,First Unit of Quantity,9030400000,China,1995,no units collected,0,0,0,0,0,0,0,0,0,0,0,0
1995,First Unit of Quantity,9030814000,China,1995,number,0,0,0,0,0,0,15,0,0,0,0,0
1995,First Unit of Quantity,9030818000,China,1995,no units collected,0,0,0,0,0,0,0,0,0,0,0,0
1995,First Unit of Quantity,9030898000,China,1995,no units collected,0,0,0,0,0,0,0,0,0,0,0,0
1995,First Unit of Quantity,9030904500,China,1995,no units collected,0,0,0,0,0,0,0,0,0,0,0,0
1995,First Unit of Quantity,9030906500,China,1995,no units collected,0,0,0,0,0,0,0,0,0,0,0,0
1995,First Unit of Quantity,9030908510,China,1995,no units collected,0,0,0,0,0,0,0,0,0,0,0,0
1995,First Unit of Quantity,9030908520,China,1995,no units collected,0,0,0,0,0,0,0,0,0,0,0,0
1995,First Unit of Quantity,9030908530,China,1995,no units collected,0,0,0,0,0,0,0,0,0,0,0,0
1995,First Unit of Quantity,9030908540,China,1995,no units collected,0,0,0,0,0,0,0,0,0,0,0,0
1995,First Unit of Quantity,9030908550,China,1995,no units collected,0,0,0,0,0,0,0,0,0,0,0,0
1995,First Unit of Quantity,9030908560,China,1995,no units collected,0,0,0,0,0,0,0,0,0,0,0,0
1995,First Unit of Quantity,9031406060,China,1995,number,0,0,0,4,0,0,0,0,0,0,0,0
1995,First Unit of Quantity,9031409000,China,1995,no units collected,0,0,0,0,0,0,0,0,0,0,0,0
1995,First Unit of Quantity,9031800060,China,1995,no units collected,0,0,0,0,0,0,0,0,0,0,0,0
1995,First Unit of Quantity,9031800070,China,1995,no units collected,0,0,0,0,0,0,0,0,0,0,0,0
1995,First Unit of Quantity,9031800080,China,1995,no units collected,0,0,0,0,0,0,0,0,0,0,0,0
1995,First Unit of Quantity,9031905500,China,1995,no units collected,0,0,0,0,0,0,0,0,0,0,0,0
1995,First Unit of Quantity,9031906030,China,1995,no units collected,0,0,0,0,0,0,0,0,0,0,0,0
1995,First Unit of Quantity,9031906090,China,1995,no units collected,0,0,0,0,0,0,0,0,0,0,0,0
1995,First Unit of Quantity,9032100030,China,1995,number,"54,722","85,229","30,998","32,327","40,940","82,112","65,074","61,000","71,008","102,214","136,150","100,724"
1995,First Unit of Quantity,9032100060,China,1995,number,0,0,0,"46,920","115,000","65,000","87,544","120,312","89,293","30,052",0,"1,512"
1995,First Unit of Quantity,9032100090,China,1995,number,"451,657","258,592","272,352","283,612","163,704","110,180","134,865","206,276","188,228","221,281","192,780","85,736"
1995,First Unit of Quantity,9032810080,China,1995,number,0,0,0,0,"10,944",0,0,0,0,0,0,0
1995,First Unit of Quantity,9032892000,China,1995,no units collected,0,0,0,0,0,0,0,0,0,0,0,0
1995,First Unit of Quantity,9032894000,China,1995,no units collected,0,0,0,0,0,0,0,0,0,0,0,0
1995,First Unit of Quantity,9032896025,China,1995,no units collected,0,0,0,0,0,0,0,0,0,0,0,0
1995,First Unit of Quantity,9032896030,China,1995,number,0,0,0,"11,000","25,350","7,000",0,0,0,"30,000",0,"10,000"
1995,First Unit of Quantity,9032896040,China,1995,number,"238,900","273,700","169,379","112,920","186,400","80,265","45,400","50,066","71,800","126,283","85,040","55,200"
1995,First Unit of Quantity,9032896050,China,1995,number,"25,000","10,000",0,0,0,0,0,"25,000","10,000","25,000",0,0
1995,First Unit of Quantity,9032896060,China,1995,number,"5,728",0,"5,352","6,000",804,"1,278","1,198","4,700",324,"6,498",0,0
1995,First Unit of Quantity,9032896070,China,1995,number,"2,400",0,676,"6,642",0,0,"20,257","1,586","1,160",90,"36,580","7,124"
1995,First Unit of Quantity,9032896075,China,1995,no units collected,0,0,0,0,0,0,0,0,0,0,0,0
1995,First Unit of Quantity,9032896085,China,1995,no units collected,0,0,0,0,0,0,0,0,0,0,0,0
1995,First Unit of Quantity,9032904000,China,1995,no units collected,0,0,0,0,0,0,0,0,0,0,0,0
1995,First Unit of Quantity,9032906020,China,1995,no units collected,0,0,0,0,0,0,0,0,0,0,0,0
1995,First Unit of Quantity,9032906060,China,1995,no units collected,0,0,0,0,0,0,0,0,0,0,0,0
1995,First Unit of Quantity,9032906080,China,1995,no units collected,0,0,0,0,0,0,0,0,0,0,0,0
1995,First Unit of Quantity,9033000000,China,1995,no units collected,0,0,0,0,0,0,0,0,0,0,0,0
1995,First Unit of Quantity,9101114010,China,1995,number,"1,000",0,1,0,"27,300","26,405",360,"14,441","8,335",769,"22,582","1,240"
1995,First Unit of Quantity,9101114020,China,1995,number,"1,000",0,1,0,"27,300","26,400",360,"14,441","8,344","22,095","12,736","1,240"
1995,First Unit of Quantity,9101114030,China,1995,number,"1,000",0,1,0,"5,454","1,348",210,"14,441","1,112",690,"1,788","1,240"
1995,First Unit of Quantity,9101114040,China,1995,number,0,0,1,0,259,193,206,346,"7,405","22,000","11,453",0
1995,First Unit of Quantity,9101118010,China,1995,number,0,0,0,0,0,0,0,250,100,0,0,1
1995,First Unit of Quantity,9101118020,China,1995,number,0,0,0,0,0,0,0,250,100,0,0,1
1995,First Unit of Quantity,9101118030,China,1995,number,0,0,0,0,0,0,0,250,0,0,0,1
1995,First Unit of Quantity,9101118040,China,1995,number,0,0,0,0,0,0,0,0,0,0,0,1
1995,First Unit of Quantity,9101122000,China,1995,number,105,"1,616",0,0,"12,343",0,550,500,0,"4,040",0,0
1995,First Unit of Quantity,9101124000,China,1995,number,66,0,"1,314",438,"1,331",245,"3,399",0,"2,034",0,0,0
1995,First Unit of Quantity,9101128010,China,1995,number,"153,829","2,516","150,000","60,000","137,873","25,000","259,150","5,969","86,300","28,340","10,900",400
1995,First Unit of Quantity,9101128020,China,1995,number,"271,729","1,600","150,000","60,000","150,630","25,000","255,550","2,000","84,000","17,600","6,500",0
1995,First Unit of Quantity,9101194010,China,1995,number,0,0,0,0,0,0,"1,390",0,"5,000",0,0,0
1995,First Unit of Quantity,9101194020,China,1995,number,0,0,0,0,0,0,"1,390",0,"5,000",0,0,0
1995,First Unit of Quantity,9101194030,China,1995,number,0,0,0,0,0,0,41,0,"5,000",0,0,0
1995,First Unit of Quantity,9101194040,China,1995,number,0,0,0,0,0,0,0,0,109,0,0,0
1995,First Unit of Quantity,9101218010,China,1995,number,790,0,0,0,0,0,0,0,0,0,0,0
1995,First Unit of Quantity,9101218020,China,1995,number,1,0,0,0,0,0,0,0,0,0,0,0
1995,First Unit of Quantity,9101218030,China,1995,number,1,0,0,0,0,0,0,0,0,0,0,0
1995,First Unit of Quantity,9101291010,China,1995,number,0,0,0,0,0,30,0,0,0,0,0,600
1995,First Unit of Quantity,9101291020,China,1995,number,0,0,0,0,0,0,0,0,0,0,0,600
1995,First Unit of Quantity,9101912010,China,1995,number,"50,080",0,"3,732","55,000","49,501","2,250","2,500","23,415","48,141","60,401","34,200","5,500"
1995,First Unit of Quantity,9101912020,China,1995,number,"44,580",0,0,"51,000",0,"1,500",0,"22,500","45,641","60,400","31,200",0
1995,First Unit of Quantity,9101914010,China,1995,number,0,"1,000",500,0,"1,476",0,0,"110,355","110,000","118,105","14,000","1,000"
1995,First Unit of Quantity,9101914020,China,1995,number,0,"1,000",500,0,"1,476",0,0,683,328,"2,351","14,000","1,000"
1995,First Unit of Quantity,9101914030,China,1995,number,0,0,0,0,0,0,0,82,82,87,"1,111",0
1995,First Unit of Quantity,9101918010,China,1995,number,0,0,0,0,0,0,0,0,200,0,0,0
1995,First Unit of Quantity,9101992010,China,1995,number,0,0,0,0,0,313,0,0,0,"1,150",0,0
1995,First Unit of Quantity,9101992020,China,1995,number,0,0,0,0,0,250,0,0,0,0,0,0
1995,First Unit of Quantity,9101994010,China,1995,number,0,0,0,0,0,100,0,0,300,0,0,200
1995,First Unit of Quantity,9101994020,China,1995,number,0,0,0,0,0,0,0,0,300,0,0,200
1995,First Unit of Quantity,9102111010,China,1995,number,"58,686","104,298","27,042","57,292","64,440","70,306","32,303","100,237","149,518","148,860","117,408","82,874"
1995,First Unit of Quantity,9102111020,China,1995,number,"56,041","13,896","26,942","55,742","62,129","70,306","30,243","98,797","148,018","147,014","109,075","72,128"
1995,First Unit of Quantity,9102111030,China,1995,number,"24,056","2,559","5,143","38,011","6,355","23,178","8,103","35,184","18,570","18,258","28,095","13,220"
1995,First Unit of Quantity,9102111040,China,1995,number,"51,051","100,568","20,790","49,686","57,190","67,874","26,408","95,800","138,932","133,454","112,212","72,001"
1995,First Unit of Quantity,9102112510,China,1995,number,"301,847","138,343","143,348","178,002","210,922","167,444","575,717","304,138","449,033","556,250","394,817","206,667"
1995,First Unit of Quantity,9102112520,China,1995,number,"237,988","132,662","160,542","169,734","219,724","155,827","557,372","287,853","446,550","537,593","387,604","230,739"
1995,First Unit of Quantity,9102112530,China,1995,number,"233,963","128,420","163,682","170,809","213,312","145,215","542,214","285,547","429,415","515,129","377,819","226,737"
1995,First Unit of Quantity,9102112540,China,1995,number,"197,557","98,951","128,089","95,590","145,531","104,777","458,422","211,585","327,519","370,881","299,178","167,378"
1995,First Unit of Quantity,9102113010,China,1995,number,"249,464","110,980","107,048","107,967","226,164","284,441","108,081","215,147","423,794","800,864","376,833","178,815"
1995,First Unit of Quantity,9102113020,China,1995,number,"101,914","49,379","63,766","43,799","95,416","105,287","55,708","166,836","134,477","223,822","198,133","84,985"
1995,First Unit of Quantity,9102113030,China,1995,number,"240,877","106,944","98,004","101,155","219,907","280,581","103,848","210,981","425,778","792,776","368,666","174,514"
1995,First Unit of Quantity,9102113040,China,1995,number,"218,971","99,343","76,243","95,115","208,299","255,846","85,496","190,515","405,967","772,266","338,914","151,166"
1995,First Unit of Quantity,9102114510,China,1995,number,"613,467","428,521","434,703","453,958","926,471","870,250","804,367","1,056,353","1,034,407","791,465","1,066,667","991,751"
1995,First Unit of Quantity,9102114520,China,1995,number,"518,670","372,560","441,413","441,853","921,055","846,188","785,001","919,341","1,021,748","749,917","995,608","955,362"
1995,First Unit of Quantity,9102114530,China,1995,number,"560,275","403,224","423,288","546,202","903,576","866,559","779,287","1,358,926","1,129,461","752,368","1,032,609","1,014,835"
1995,First Unit of Quantity,9102114540,China,1995,number,"439,823","305,716","369,390","379,946","850,486","736,742","648,953","860,170","900,434","651,813","910,679","870,880"
1995,First Unit of Quantity,9102115010,China,1995,number,0,0,0,11,0,"1,211",0,420,0,0,360,0
1995,First Unit of Quantity,9102115020,China,1995,number,0,0,0,11,0,"1,211",0,420,0,0,0,0
1995,First Unit of Quantity,9102115030,China,1995,number,0,0,0,11,0,461,0,420,0,0,0,0
1995,First Unit of Quantity,9102115040,China,1995,number,0,0,0,0,0,"1,211",0,420,0,0,0,0
1995,First Unit of Quantity,9102116510,China,1995,number,"2,000",0,176,0,0,"5,125",0,0,668,1,0,200
1995,First Unit of Quantity,9102116520,China,1995,number,"2,000",0,176,0,0,"5,125",0,0,668,1,0,200
1995,First Unit of Quantity,9102116530,China,1995,number,"2,000",0,0,0,0,"5,125",0,0,668,1,0,200
1995,First Unit of Quantity,9102116540,China,1995,number,0,0,0,0,0,"5,000",0,0,668,1,0,0
1995,First Unit of Quantity,9102117010,China,1995,number,0,0,0,10,0,0,125,0,0,0,0,0
1995,First Unit of Quantity,9102117020,China,1995,number,0,0,0,10,0,0,0,0,0,0,0,0
1995,First Unit of Quantity,9102117030,China,1995,number,0,0,0,10,0,0,0,0,0,0,0,0
1995,First Unit of Quantity,9102119510,China,1995,number,0,500,0,5,"14,646","2,600","1,998",200,"1,392",0,100,"1,290"
1995,First Unit of Quantity,9102119520,China,1995,number,0,500,0,505,32,16,4,0,"1,392",0,0,"1,290"
1995,First Unit of Quantity,9102119530,China,1995,number,0,0,0,500,32,8,0,0,"1,392",0,0,"1,290"
1995,First Unit of Quantity,9102119540,China,1995,number,0,0,0,0,3,5,0,0,3,0,0,8
1995,First Unit of Quantity,9102122000,China,1995,number,"37,311","45,390","56,992","50,869","36,685","20,020","67,993","101,674","120,871","296,430","46,409","94,154"
1995,First Unit of Quantity,9102124000,China,1995,number,"1,859,556","1,952,062","1,783,466","1,295,812","5,938,494","2,284,543","1,462,039","2,598,064","2,313,304","2,820,062","2,023,753","1,158,448"
1995,First Unit of Quantity,9102128010,China,1995,number,"4,248,971","3,921,801","3,559,940","2,934,864","8,533,561","5,194,340","3,268,354","5,099,664","5,023,156","6,307,214","4,309,144","2,943,781"
1995,First Unit of Quantity,9102128020,China,1995,number,"3,923,136","3,219,609","3,168,326","2,218,271","7,600,655","4,496,328","2,403,459","4,400,065","4,328,026","5,348,741","3,542,873","2,532,546"
1995,First Unit of Quantity,9102192010,China,1995,number,"6,769","23,295","4,995","9,000","10,060","20,434","27,280","33,848","34,604","18,470","34,986","15,095"
1995,First Unit of Quantity,9102192020,China,1995,number,"6,669","22,222","4,995","8,900","10,060","20,434","26,880","33,848","34,186","17,070","33,515","10,508"
1995,First Unit of Quantity,9102192030,China,1995,number,"4,698","22,447","4,995","8,900","10,060","16,698","26,880","33,848","34,186","15,230","33,223","10,508"
1995,First Unit of Quantity,9102192040,China,1995,number,"2,725","14,700",0,800,0,0,"17,300","14,900","6,080",0,"20,402",250
1995,First Unit of Quantity,9102194010,China,1995,number,"40,069","129,224","8,283","46,872","120,948","84,749","73,782","59,364","90,825","122,616","49,628","83,542"
1995,First Unit of Quantity,9102194020,China,1995,number,"39,521","128,192","7,659","41,260","117,615","80,013","70,631","54,923","90,417","121,188","48,648","80,142"
1995,First Unit of Quantity,9102194030,China,1995,number,"36,941","122,210","5,400","38,736","116,871","78,565","56,636","53,078","83,941","117,968","44,702","80,042"
1995,First Unit of Quantity,9102194040,China,1995,number,"33,817","96,897",0,"5,974","1,286","5,479","19,715","1,476","61,448","51,864","15,609","40,374"
1995,First Unit of Quantity,9102196010,China,1995,number,0,400,0,0,0,0,0,0,0,0,0,0
1995,First Unit of Quantity,9102196030,China,1995,number,0,400,0,0,0,0,0,0,0,0,0,0
1995,First Unit of Quantity,9102196040,China,1995,number,0,400,0,0,0,0,0,0,0,0,0,0
1995,First Unit of Quantity,9102198010,China,1995,number,480,0,0,390,0,18,"1,100",0,"45,360",0,"7,660",130
1995,First Unit of Quantity,9102198020,China,1995,number,480,0,0,390,0,6,6,0,"45,360",0,8,0
1995,First Unit of Quantity,9102198030,China,1995,number,480,0,0,390,0,10,3,0,331,0,4,0
1995,First Unit of Quantity,9102198040,China,1995,number,480,0,0,0,0,6,0,0,331,0,4,0
1995,First Unit of Quantity,9102211010,China,1995,number,0,0,0,0,0,0,0,0,0,0,0,"2,400"
1995,First Unit of Quantity,9102211020,China,1995,number,0,0,0,0,0,0,0,0,0,0,0,"2,400"
1995,First Unit of Quantity,9102211030,China,1995,number,0,0,0,0,0,0,0,0,0,0,0,"2,400"
1995,First Unit of Quantity,9102212510,China,1995,number,0,0,0,0,"1,100",0,900,0,"1,000",0,0,0
1995,First Unit of Quantity,9102212520,China,1995,number,0,0,0,0,166,0,90,0,100,0,0,0
1995,First Unit of Quantity,9102212530,China,1995,number,0,0,0,0,87,0,70,0,77,0,0,0
1995,First Unit of Quantity,9102213010,China,1995,number,0,0,305,0,0,0,"1,000","1,700",0,320,410,900
1995,First Unit of Quantity,9102213020,China,1995,number,0,0,0,0,0,0,"1,000","1,700",0,320,216,900
1995,First Unit of Quantity,9102213030,China,1995,number,0,0,0,0,0,0,"1,000","1,700",0,320,216,900
1995,First Unit of Quantity,9102215010,China,1995,number,0,0,0,0,0,0,500,94,0,"1,680",0,600
1995,First Unit of Quantity,9102215020,China,1995,number,0,0,0,0,0,0,27,0,0,79,0,32
1995,First Unit of Quantity,9102215030,China,1995,number,0,0,0,0,0,0,18,0,0,71,0,27
1995,First Unit of Quantity,9102290200,China,1995,number,0,0,0,0,0,0,"2,085","5,000","1,800","6,743","4,260",0
1995,First Unit of Quantity,9102290410,China,1995,number,0,0,0,0,"2,280",0,"2,985","5,000",600,"7,103","4,260",0
1995,First Unit of Quantity,9102290420,China,1995,number,0,0,0,0,"2,280",0,"2,085","5,000",600,"6,743","4,260",0
1995,First Unit of Quantity,9102291010,China,1995,number,"7,800",300,0,"13,750","1,000",0,0,"21,046",345,250,0,0
1995,First Unit of Quantity,9102291020,China,1995,number,"7,800",300,0,"13,600","1,000",0,0,"20,336",345,0,0,0
1995,First Unit of Quantity,9102291030,China,1995,number,"7,800",300,0,"12,600","1,000",0,0,"20,336",0,0,0,0
1995,First Unit of Quantity,9102291510,China,1995,number,0,0,0,"1,430","2,254","1,195",0,880,0,0,"1,970",400
1995,First Unit of Quantity,9102291520,China,1995,number,0,0,0,"1,430","2,254","1,195",0,880,0,0,"1,970",400
1995,First Unit of Quantity,9102291530,China,1995,number,0,0,0,"1,430","2,254","1,195",0,880,0,0,"1,970",400
1995,First Unit of Quantity,9102292010,China,1995,number,0,0,0,0,0,0,0,0,"1,168","1,702",0,0
1995,First Unit of Quantity,9102292020,China,1995,number,0,0,0,0,0,0,0,0,29,43,0,0
1995,First Unit of Quantity,9102292030,China,1995,number,0,0,0,0,0,0,0,0,19,28,0,0
1995,First Unit of Quantity,9102294510,China,1995,number,0,0,0,350,0,0,0,202,0,0,0,0
1995,First Unit of Quantity,9102294520,China,1995,number,0,0,0,350,0,0,0,0,0,0,0,0
1995,First Unit of Quantity,9102295510,China,1995,number,0,0,0,0,500,500,0,485,0,0,0,0
1995,First Unit of Quantity,9102295520,China,1995,number,0,0,0,0,500,500,0,485,0,0,0,0
1995,First Unit of Quantity,9102295530,China,1995,number,0,0,0,0,500,500,0,485,0,0,0,0
1995,First Unit of Quantity,9102296010,China,1995,number,0,0,0,0,0,0,0,0,409,0,0,0
1995,First Unit of Quantity,9102296020,China,1995,number,0,0,0,0,0,0,0,0,64,0,0,0
1995,First Unit of Quantity,9102912010,China,1995,number,"333,331","173,849","182,574","330,390","183,609","300,961","448,927","368,627","427,021","476,740","523,082","212,549"
1995,First Unit of Quantity,9102912020,China,1995,number,"236,086","126,460","133,741","259,596","85,991","246,831","403,054","301,531","340,650","423,900","462,820","173,513"
1995,First Unit of Quantity,9102914010,China,1995,number,"15,457","27,244","3,168","26,519","7,040","6,355","17,450","13,479","13,964","63,246","75,661","19,778"
1995,First Unit of Quantity,9102914020,China,1995,number,"14,944","21,761","2,403","21,857","6,640","6,115","15,806","10,194","13,364","47,325","37,688","15,957"
1995,First Unit of Quantity,9102914030,China,1995,number,"3,105",598,7,21,0,8,513,19,274,"11,435","4,192",38
1995,First Unit of Quantity,9102918010,China,1995,number,"3,288",0,"4,810",0,0,"1,407","1,000",500,"1,500","10,408",500,"3,525"
1995,First Unit of Quantity,9102918020,China,1995,number,"3,288",0,"4,200",0,0,"1,197","1,000",500,"1,500","8,238",500,"3,525"
1995,First Unit of Quantity,9102918030,China,1995,number,3,0,"4,200",0,0,"1,197",2,0,3,16,0,"3,525"
1995,First Unit of Quantity,9102992010,China,1995,number,0,0,720,"3,000","2,336","2,008","5,780",920,880,"6,985",0,"3,000"
1995,First Unit of Quantity,9102992020,China,1995,number,0,0,720,4,"2,336","2,008","5,780",900,880,"6,985",0,7
1995,First Unit of Quantity,9102994010,China,1995,number,0,"1,000",500,150,500,"6,400","1,000",0,"17,244",200,0,500
1995,First Unit of Quantity,9102994020,China,1995,number,0,"1,000",0,150,500,"6,400","1,000",0,"15,196",0,0,500
1995,First Unit of Quantity,9103102010,China,1995,number,"56,149","21,792","50,957","40,311","42,992","45,095","36,081","69,528","56,862","69,864","23,488","43,420"
1995,First Unit of Quantity,9103102020,China,1995,number,"1,773",0,"1,616","2,061",155,"1,448",534,"1,766","1,778","1,157","1,256","6,276"
1995,First Unit of Quantity,9103102030,China,1995,number,"331,478","107,407","112,642","153,115","77,489","76,155","228,248","229,317","180,848","215,601","233,803","256,084"
1995,First Unit of Quantity,9103102040,China,1995,number,"282,543","86,568","36,080","145,600","39,879","51,116","175,946","192,328","140,168","123,740","158,616","205,910"
1995,First Unit of Quantity,9103104010,China,1995,number,0,"4,000",300,91,500,0,0,"3,398","14,459","7,802","14,931","6,105"
1995,First Unit of Quantity,9103104020,China,1995,number,0,10,0,0,0,0,0,519,"12,289","4,100","4,082","5,696"
1995,First Unit of Quantity,9103104030,China,1995,number,0,0,0,0,0,0,0,0,7,8,7,11
1995,First Unit of Quantity,9103104040,China,1995,number,"89,731","71,386","75,977","19,024","16,523","21,625","70,280","27,953","36,138","200,016","82,262","39,575"
1995,First Unit of Quantity,9103104050,China,1995,number,"16,112","20,060","38,283","35,772","14,531","14,860","70,740","25,704","22,780","54,614","17,859","26,051"
1995,First Unit of Quantity,9103104060,China,1995,number,139,405,123,10,12,"5,021",92,"1,939","5,330","9,099","1,918",363
1995,First Unit of Quantity,9103108010,China,1995,number,0,0,0,0,0,0,0,0,"1,000",0,0,"2,500"
1995,First Unit of Quantity,9103108020,China,1995,number,0,0,0,0,0,0,0,0,"1,000",0,0,"2,500"
1995,First Unit of Quantity,9103108030,China,1995,number,0,0,0,0,0,0,0,0,0,0,0,4
1995,First Unit of Quantity,9103108040,China,1995,number,0,0,21,0,0,0,0,0,"3,393","9,120",0,"3,912"
1995,First Unit of Quantity,9103108050,China,1995,number,0,0,"3,600",0,0,0,0,0,"3,393","9,120",0,"3,912"
1995,First Unit of Quantity,9103108060,China,1995,number,0,0,0,0,0,0,0,0,"1,000",28,0,0
1995,First Unit of Quantity,9103900010,China,1995,number,120,0,0,0,0,0,0,"5,004",0,231,250,"1,000"
1995,First Unit of Quantity,9103900020,China,1995,number,120,0,0,0,0,0,0,"5,004",0,128,290,"1,000"
1995,First Unit of Quantity,9103900030,China,1995,number,"16,233","11,144","6,200","7,324","7,608","4,484","16,586","6,112","23,682","6,716","2,784","10,904"
1995,First Unit of Quantity,9103900040,China,1995,number,"16,233","11,144","6,200","7,324","7,860","4,484","16,586","6,112","23,970","6,716","2,784","10,904"
1995,First Unit of Quantity,9104000510,China,1995,number,"24,144","24,048",0,"50,536","41,976",0,"25,080","30,912","8,064","14,832","19,656","21,168"
1995,First Unit of Quantity,9104000520,China,1995,number,1,2,0,"10,002",1,0,9,2,0,1,1,1
1995,First Unit of Quantity,9104001010,China,1995,number,0,"1,000",0,0,"2,000","1,500",0,0,0,0,0,0
1995,First Unit of Quantity,9104002000,China,1995,number,0,0,324,"2,176",0,0,700,0,0,300,"9,000",0
1995,First Unit of Quantity,9104004510,China,1995,number,"3,456","3,980","47,960","8,440",700,"1,316",0,"13,952",0,"1,000","49,106","56,872"
1995,First Unit of Quantity,9104004520,China,1995,number,1,0,3,2,0,0,0,5,0,0,19,22
1995,First Unit of Quantity,9104005010,China,1995,number,0,0,0,11,0,0,0,0,0,0,0,0
1995,First Unit of Quantity,9105114010,China,1995,number,"64,734","144,702","61,284","108,560","119,240","199,014","154,332","196,052","264,842","253,794","211,178","48,794"
1995,First Unit of Quantity,9105114020,China,1995,number,"106,257","186,959","223,277","431,317","313,310","307,427","209,844","305,923","610,951","449,289","394,796","318,451"
1995,First Unit of Quantity,9105114030,China,1995,number,"71,456","27,935","37,500","167,985","80,086","74,048","34,940","94,884","356,405","113,019","112,883","127,600"
1995,First Unit of Quantity,9105114040,China,1995,number,"630,418","353,674","465,947","676,075","768,230","602,683","496,049","646,350","254,151","546,577","484,081","331,563"
1995,First Unit of Quantity,9105114050,China,1995,number,"238,864","55,387","96,018","111,742","235,758","93,128","112,756","140,182","61,299","350,692","105,621","50,932"
1995,First Unit of Quantity,9105118010,China,1995,number,0,0,0,"5,040",0,0,"2,004","1,940",828,0,"2,000",0
1995,First Unit of Quantity,9105118020,China,1995,number,"56,003","130,948","84,988","67,109","31,100","110,608","114,950","41,212","42,188","140,823","94,250","160,376"
1995,First Unit of Quantity,9105118030,China,1995,number,"52,303","129,948","51,105","65,509","24,972","78,862","96,480","36,323","38,970","133,091","66,685","159,176"
1995,First Unit of Quantity,9105118040,China,1995,number,"10,857","10,204",104,600,936,"11,012","52,898",4,"2,963","6,702",6,"6,773"
1995,First Unit of Quantity,9105118050,China,1995,number,"337,491","95,913","97,976","76,089","154,737","196,485","126,005","216,516","272,117","364,602","442,943","226,939"
1995,First Unit of Quantity,9105118060,China,1995,number,"119,041","109,459","66,499","76,033","113,882","182,132","114,829","205,678","257,361","316,528","371,908","216,323"
1995,First Unit of Quantity,9105118070,China,1995,number,"10,871","27,380","2,308","3,400","10,076","7,067","27,381","25,247","20,999","70,960","12,614","38,018"
1995,First Unit of Quantity,9105191010,China,1995,number,"5,040",0,"1,000","2,016",0,0,"9,828",186,"13,505","14,902",500,0
1995,First Unit of Quantity,9105191020,China,1995,number,20,0,"1,000",23,0,0,"3,807",106,"51,975","24,078",500,0
1995,First Unit of Quantity,9105191030,China,1995,number,"14,302","22,482","8,943","3,060","20,550","57,508","21,008","27,028","17,088","16,524","3,632","53,908"
1995,First Unit of Quantity,9105191040,China,1995,number,"4,857","13,034","3,085","3,060","1,484","3,916","18,047","1,600",430,"1,816","2,653","38,965"
1995,First Unit of Quantity,9105192010,China,1995,number,"1,920",0,480,0,0,0,0,0,0,0,0,0
1995,First Unit of Quantity,9105192020,China,1995,number,"1,403",0,33,0,0,0,0,0,0,0,0,0
1995,First Unit of Quantity,9105192030,China,1995,number,"3,744",0,"2,064",0,0,0,"1,008",0,0,0,0,0
1995,First Unit of Quantity,9105192040,China,1995,number,"3,744",0,"2,064",0,0,0,58,0,0,0,0,0
1995,First Unit of Quantity,9105194000,China,1995,number,"188,872","176,651","151,872","175,235","177,128","177,615","134,074","113,080","114,595","141,761","168,566","97,280"
1995,First Unit of Quantity,9105195000,China,1995,number,"1,360","2,000",590,"18,300",350,"4,100","7,521","2,802","1,075",931,"2,194","3,156"
1995,First Unit of Quantity,9105214010,China,1995,number,"9,100","14,998","2,000","11,000","12,000","16,300","3,000","14,860","16,300","27,040","32,218","22,762"
1995,First Unit of Quantity,9105214020,China,1995,number,"15,534",0,"16,200","5,000",0,"4,624","14,992","6,000","5,400",522,"7,360","18,000"
1995,First Unit of Quantity,9105214030,China,1995,number,582,0,0,153,0,147,"9,237",294,0,0,"6,360",0
1995,First Unit of Quantity,9105218010,China,1995,number,192,"16,240","30,808","4,825","3,252","79,392","9,129","79,268","41,129","82,386","63,032","53,016"
1995,First Unit of Quantity,9105218020,China,1995,number,192,"16,320","30,808","4,800","3,000","79,392","9,129","79,268","41,129","82,386","38,432","53,016"
1995,First Unit of Quantity,9105218030,China,1995,number,"113,522","121,155","272,843","188,183","181,832","145,044","214,473","339,871","306,661","409,195","288,275","316,302"
1995,First Unit of Quantity,9105218040,China,1995,number,"113,522","105,749","232,537","187,595","180,383","143,508","213,093","336,702","306,617","407,995","283,940","303,680"
1995,First Unit of Quantity,9105218050,China,1995,number,"2,739","4,100","1,528","8,353","18,621","5,940","16,304","8,761","27,217","29,975","19,971","31,417"
1995,First Unit of Quantity,9105291010,China,1995,number,0,0,0,0,0,260,"1,520",345,0,0,0,0
1995,First Unit of Quantity,9105291020,China,1995,number,0,0,0,0,0,260,"1,520",345,0,0,0,0
1995,First Unit of Quantity,9105292010,China,1995,number,0,0,0,0,572,0,0,0,0,0,0,0
1995,First Unit of Quantity,9105292020,China,1995,number,0,0,0,0,572,0,0,0,0,0,0,0
1995,First Unit of Quantity,9105294000,China,1995,number,"3,941","13,200","1,288","87,780","34,008","14,316","12,564","20,688","85,184","65,990","9,124","16,261"
1995,First Unit of Quantity,9105295000,China,1995,number,"4,660","9,479","7,866","7,387","22,804","7,641","4,641","18,763","10,100","9,755","11,145","7,044"
1995,First Unit of Quantity,9105914010,China,1995,number,0,"3,000","3,033",0,0,"2,345",0,"6,000","2,140",890,"2,525","1,150"
1995,First Unit of Quantity,9105914020,China,1995,number,"976,817","1,139,167","762,970","939,553","653,610","407,690","349,737","390,977","370,568","504,356","565,670","512,645"
1995,First Unit of Quantity,9105914030,China,1995,number,"22,876","20,981","9,979","14,194","14,414","7,447","6,688","8,266","5,085","7,940","10,952","8,125"
1995,First Unit of Quantity,9105918010,China,1995,number,"27,385","2,068","7,158","6,550","184,467","9,800","26,200","15,160","16,468","35,250","20,702","71,514"
1995,First Unit of Quantity,9105918020,China,1995,number,"28,203","2,068","7,159","6,550","184,467","8,000","26,200","15,160","16,468","35,250","20,426","71,514"
1995,First Unit of Quantity,9105918030,China,1995,number,"369,893","525,384","310,056","307,911","254,484","395,215","402,592","609,018","814,347","1,140,987","417,254","495,997"
1995,First Unit of Quantity,9105918040,China,1995,number,"307,604","509,419","300,800","294,479","234,666","345,351","348,306","586,803","811,187","857,148","380,742","489,600"
1995,First Unit of Quantity,9105918050,China,1995,number,"63,089","55,888","31,097","32,308","91,429","52,445","34,808","65,000","258,892","260,238","36,091","72,129"
1995,First Unit of Quantity,9105992010,China,1995,number,210,0,0,0,"5,394",0,0,0,0,0,0,800
1995,First Unit of Quantity,9105992020,China,1995,number,210,0,0,0,"3,559",0,0,0,0,0,0,800
1995,First Unit of Quantity,9105993010,China,1995,number,0,0,183,0,0,850,0,"1,600",1,"1,000",0,0
1995,First Unit of Quantity,9105993020,China,1995,number,1,0,183,0,0,45,0,101,1,43,0,0
1995,First Unit of Quantity,9105995000,China,1995,number,"54,686","42,952","18,960","6,464","35,748","35,416","43,676","47,306","16,155","73,274","60,295","53,218"
1995,First Unit of Quantity,9105996000,China,1995,number,"2,934","5,665","3,304","12,851","10,085","13,708","38,080","11,032","8,115","22,235","7,692","11,845"
1995,First Unit of Quantity,9106100000,China,1995,number,"45,032","4,206",0,"13,320","3,888","2,579","3,988","22,508","1,680","6,960","24,000","46,610"
1995,First Unit of Quantity,9106905500,China,1995,number,"15,050","29,772",0,0,0,0,0,0,0,0,0,0
1995,First Unit of Quantity,9106905510,China,1995,number,0,"6,000","22,370","103,610","104,468","36,187","59,026","71,152","89,110","135,122","137,983","123,010"
1995,First Unit of Quantity,9106905520,China,1995,number,0,2,5,"2,502","7,504","8,285","5,021","3,418",43,"9,942","12,263","5,041"
1995,First Unit of Quantity,9106906500,China,1995,number,4,"1,392","2,750","3,024",0,"10,248","10,520","12,960","4,064","7,965","7,072","1,872"
1995,First Unit of Quantity,9106907500,China,1995,number,"44,063","22,762",0,0,0,0,0,0,0,0,0,0
1995,First Unit of Quantity,9106907510,China,1995,number,0,20,"6,306","15,893","9,056",0,0,"2,652","16,272","5,760","9,784","3,672"
1995,First Unit of Quantity,9106907520,China,1995,number,0,0,8,16,5,0,0,2,11,4,666,0
1995,First Unit of Quantity,9106908500,China,1995,number,"163,159","99,611","60,208","85,010","175,348","88,305","81,442","166,832","203,084","159,521","161,658","103,483"
1995,First Unit of Quantity,9107004040,China,1995,number,"7,000","20,050",0,0,0,0,"11,800",0,0,0,0,0
1995,First Unit of Quantity,9107004080,China,1995,number,"51,168",0,576,"72,482","127,259","197,970","28,272","41,496","55,260","59,280","204,409","159,848"
1995,First Unit of Quantity,9107008000,China,1995,number,"1,332","1,668","1,500","5,444","6,304",0,"9,384","5,940","4,272","65,648",792,"44,448"
1995,First Unit of Quantity,9108114010,China,1995,number,"7,456","3,050","5,825","7,401","8,445","9,200","24,700","20,976","7,019","19,824","15,200","21,960"
1995,First Unit of Quantity,9108114020,China,1995,number,"3,000","1,000","1,500","1,401","2,000",0,"8,088",47,0,"3,000","5,400","3,350"
1995,First Unit of Quantity,9108118010,China,1995,number,0,0,0,0,0,317,0,248,0,0,0,0
1995,First Unit of Quantity,9108120010,China,1995,number,"15,072",0,"24,500","9,800","8,400","3,600","7,200",0,"6,897","41,724","7,460","14,232"
1995,First Unit of Quantity,9108120020,China,1995,number,"15,072",0,"23,200","4,800","8,400","3,600","7,200",0,0,"40,224",0,"7,200"
1995,First Unit of Quantity,9108194010,China,1995,number,300,0,0,96,520,"3,330",0,"2,650",0,"6,690","2,507","20,613"
1995,First Unit of Quantity,9108194020,China,1995,number,0,0,0,0,0,0,0,"1,150",0,"5,480",0,183
1995,First Unit of Quantity,9108198010,China,1995,number,0,0,0,0,0,0,0,0,0,0,0,8
1995,First Unit of Quantity,9108208000,China,1995,number,0,0,0,0,0,96,0,0,0,0,0,0
1995,First Unit of Quantity,9108911000,China,1995,number,0,0,0,0,0,0,600,"6,350","1,100",0,0,0
1995,First Unit of Quantity,9108916000,China,1995,number,0,"2,996",0,"2,500","7,250","7,062","5,603",0,"1,900","3,600","5,100","3,400"
1995,First Unit of Quantity,9108992000,China,1995,number,0,0,"1,145",0,0,0,0,0,0,0,0,0
1995,First Unit of Quantity,9109111010,China,1995,number,"5,720",500,"2,760","8,623",600,0,"3,000","5,500",0,"3,000","3,000","1,350"
1995,First Unit of Quantity,9109111020,China,1995,number,0,0,0,0,0,0,0,0,0,"1,500",520,0
1995,First Unit of Quantity,9109114010,China,1995,number,0,0,0,0,0,0,0,0,0,"10,000",0,0
1995,First Unit of Quantity,9109114020,China,1995,number,"5,000","8,500","11,000",500,"12,500","10,000",500,500,"10,000","15,000","4,500","9,000"
1995,First Unit of Quantity,9109191010,China,1995,number,"3,080",750,500,0,800,"1,583",0,217,"4,280","1,012","2,000","1,626"
1995,First Unit of Quantity,9109191020,China,1995,number,0,0,0,0,0,0,0,0,0,0,"4,000",400
1995,First Unit of Quantity,9109191030,China,1995,number,0,0,0,0,0,0,0,0,0,0,"4,000",400
1995,First Unit of Quantity,9109192020,China,1995,number,0,0,500,0,0,0,0,0,0,0,500,0
1995,First Unit of Quantity,9109194020,China,1995,number,"15,000","6,000","6,000","9,030","4,800","22,000","5,000","6,000","1,000","13,908","144,960",0
1995,First Unit of Quantity,9109194030,China,1995,number,0,0,492,247,0,0,0,0,"1,000",0,0,0
1995,First Unit of Quantity,9109196020,China,1995,number,0,0,0,0,0,100,0,0,0,462,0,0
1995,First Unit of Quantity,9109196030,China,1995,number,0,0,0,0,0,0,0,0,0,462,0,0
1995,First Unit of Quantity,9109902000,China,1995,number,0,0,0,0,"3,030",0,0,0,7,0,100,0
1995,First Unit of Quantity,9109904000,China,1995,number,0,0,"1,500","11,157","83,780","6,798","11,862","11,884","2,866","72,445","1,020","3,976"
1995,First Unit of Quantity,9109906000,China,1995,number,0,0,0,2,0,0,0,0,2,0,0,0
1995,First Unit of Quantity,9110110000,China,1995,number,"12,750",350,866,750,257,300,0,0,0,0,0,0
1995,First Unit of Quantity,9110120000,China,1995,number,0,0,0,0,0,0,"5,000",0,0,0,0,200
1995,First Unit of Quantity,9110906000,China,1995,no units collected,0,0,0,0,0,0,0,0,0,0,0,0
1995,First Unit of Quantity,9111100000,China,1995,number,0,0,0,"1,017",0,"4,413",900,"2,250",0,0,0,0
1995,First Unit of Quantity,9111202000,China,1995,number,"7,602","7,186","3,928","20,931","18,542","18,710","10,385","24,457","22,079","8,638","6,234","9,198"
1995,First Unit of Quantity,9111204000,China,1995,number,"46,570","4,775","17,468","14,019","30,866","23,037","18,886","9,876","36,325","50,682","45,670","23,945"
1995,First Unit of Quantity,9111800000,China,1995,number,723,"17,000","36,025","16,960","9,828","6,277","12,819","13,548","13,370","22,025","11,262","20,000"
1995,First Unit of Quantity,9111905000,China,1995,number,0,0,"80,010","17,540","29,276","14,387","30,509","25,480","47,820","13,000","9,110",300
1995,First Unit of Quantity,9111907000,China,1995,number,"10,126",800,0,"1,518,400","20,000","5,000",0,"100,000",0,0,0,110
1995,First Unit of Quantity,9112100000,China,1995,number,"1,530","6,010","1,836",184,0,990,0,300,"4,890","2,794",511,"3,150"
1995,First Unit of Quantity,9112800000,China,1995,number,340,"1,032","5,289",542,"3,589","1,255","2,000","1,310",0,"1,500","4,000",220
1995,First Unit of Quantity,9112900000,China,1995,no units collected,0,0,0,0,0,0,0,0,0,0,0,0
1995,First Unit of Quantity,9113100000,China,1995,no units collected,0,0,0,0,0,0,0,0,0,0,0,0
1995,First Unit of Quantity,9113202000,China,1995,dozens,361,"1,216",0,0,675,"4,242",84,425,500,0,830,0
1995,First Unit of Quantity,9113204000,China,1995,dozens,"15,413","17,564","15,259","25,841","24,157","19,833","14,747","21,287","8,866","16,668","13,381","6,423"
1995,First Unit of Quantity,9113206000,China,1995,no units collected,0,0,0,0,0,0,0,0,0,0,0,0
1995,First Unit of Quantity,9113209000,China,1995,no units collected,0,0,0,0,0,0,0,0,0,0,0,0
1995,First Unit of Quantity,9113904000,China,1995,no units collected,0,0,0,0,0,0,0,0,0,0,0,0
1995,First Unit of Quantity,9113908000,China,1995,no units collected,0,0,0,0,0,0,0,0,0,0,0,0
1995,First Unit of Quantity,9114104000,China,1995,number,0,0,0,0,0,"140,000",120,"75,000",0,0,0,"2,510"
1995,First Unit of Quantity,9114108000,China,1995,number,0,0,0,0,0,"2,000",0,"2,000","2,080","5,587",0,"256,100"
1995,First Unit of Quantity,9114200000,China,1995,number,0,0,0,0,"37,500",0,0,"25,000",0,0,0,0
1995,First Unit of Quantity,9114304000,China,1995,number,"132,486","68,199","211,173","223,910","437,875","283,255","232,088","123,730","253,492","43,981","28,366","102,254"
1995,First Unit of Quantity,9114308000,China,1995,number,"7,000","6,996","14,882","7,043","20,970","9,934","4,288","5,030","10,640","11,684","4,800","13,210"
1995,First Unit of Quantity,9114404000,China,1995,number,0,0,0,0,0,0,0,0,0,0,500,0
1995,First Unit of Quantity,9114406000,China,1995,no units collected,0,0,0,0,0,0,0,0,0,0,0,0
1995,First Unit of Quantity,9114408000,China,1995,no units collected,0,0,0,0,0,0,0,0,0,0,0,0
1995,First Unit of Quantity,9114901500,China,1995,no units collected,0,0,0,0,0,0,0,0,0,0,0,0
1995,First Unit of Quantity,9114904000,China,1995,no units collected,0,0,0,0,0,0,0,0,0,0,0,0
1995,First Unit of Quantity,9114905000,China,1995,no units collected,0,0,0,0,0,0,0,0,0,0,0,0
1995,First Unit of Quantity,9201100000,China,1995,number,61,37,99,193,191,204,281,385,196,194,156,124
1995,First Unit of Quantity,9201200000,China,1995,number,16,45,0,14,5,7,9,6,0,4,4,2
1995,First Unit of Quantity,9201900000,China,1995,number,0,0,0,8,0,0,0,0,0,0,48,0
1995,First Unit of Quantity,9202100000,China,1995,number,"2,449","3,057","1,033","7,156","1,840","7,301","8,811","5,479","8,546","2,994","3,741","4,777"
1995,First Unit of Quantity,9202902000,China,1995,number,"12,572","7,825","9,361","19,639","20,189","30,248","38,447","34,703","57,686","60,016","46,934","30,056"
1995,First Unit of Quantity,9202904000,China,1995,number,0,8,0,0,0,0,0,0,0,0,0,0
1995,First Unit of Quantity,9202906000,China,1995,number,"10,387","5,487",333,"1,021","16,223","1,079","17,600","2,455","2,188","6,521","6,546","5,400"
1995,First Unit of Quantity,9203004000,China,1995,number,0,0,0,0,0,0,1,0,0,0,0,0
1995,First Unit of Quantity,9203008000,China,1995,number,0,0,0,0,0,0,0,0,0,0,72,0
1995,First Unit of Quantity,9204104000,China,1995,number,270,20,0,0,254,150,487,70,0,520,600,515
1995,First Unit of Quantity,9204108000,China,1995,number,0,210,35,"3,436",15,0,0,11,0,0,0,300
1995,First Unit of Quantity,9204200000,China,1995,dozens,"4,381","15,194","8,443","16,932","16,338","12,892","17,660","25,435","8,780","26,686","11,166","18,088"
1995,First Unit of Quantity,9205100040,China,1995,number,500,400,0,0,"1,000",0,0,0,600,750,0,0
1995,First Unit of Quantity,9205100080,China,1995,number,70,250,550,230,703,408,252,341,310,200,396,380
1995,First Unit of Quantity,9205904020,China,1995,number,200,500,0,0,840,100,50,860,552,440,834,230
1995,First Unit of Quantity,9205904040,China,1995,number,550,350,100,0,"2,061",75,50,380,14,506,0,562
1995,First Unit of Quantity,9205904060,China,1995,number,63,0,0,0,570,200,0,800,300,90,315,"4,050"
1995,First Unit of Quantity,9205904080,China,1995,number,"50,005",500,187,0,"3,817","55,005","1,576","50,010",388,"2,702","5,929","26,972"
1995,First Unit of Quantity,9205906000,China,1995,number,"1,000",0,0,0,"1,610",0,454,"12,000","36,008",0,0,"1,440"
1995,First Unit of Quantity,9206002000,China,1995,number,500,0,"1,489",0,171,"1,813",0,310,0,744,"2,647","1,369"
1995,First Unit of Quantity,9206004000,China,1995,number,65,0,0,0,"1,684","2,324","1,250",0,170,"2,334",295,462
1995,First Unit of Quantity,9206006000,China,1995,number,0,40,"25,606",0,"2,600","8,692",0,"17,131","11,736","1,500","35,552","6,012"
1995,First Unit of Quantity,9206008000,China,1995,number,"1,130","49,413","33,160","2,362","53,641","7,983","33,892","45,487","3,232","7,834","15,876","22,031"
1995,First Unit of Quantity,9207100005,China,1995,number,0,"19,800",0,0,0,"1,020","6,340","4,044","5,960","15,204","1,038",193
1995,First Unit of Quantity,9207100010,China,1995,number,0,0,0,0,0,0,0,0,0,0,0,0
1995,First Unit of Quantity,9207100045,China,1995,number,0,0,0,0,0,0,"2,328",0,0,740,700,0
1995,First Unit of Quantity,9207100060,China,1995,number,0,"7,200","1,800",600,"9,984","1,800","29,916","9,984","10,855","40,340",0,"10,008"
1995,First Unit of Quantity,9207100065,China,1995,number,"22,373","6,245","4,074","23,443","30,882","81,862","35,926","47,996","43,924","36,016","26,868","7,080"
1995,First Unit of Quantity,9207100075,China,1995,number,0,0,0,0,0,"4,932","16,446","14,540","26,754","22,056","6,890","2,148"
1995,First Unit of Quantity,9207900040,China,1995,number,"2,520","2,298","1,304",150,"1,810","3,308","16,884","3,420","3,254","7,754","3,568","4,752"
1995,First Unit of Quantity,9207900080,China,1995,number,"67,334","66,102","63,456","34,722","45,672","7,012","68,286","21,480","47,646","20,126","4,231","36,604"
1995,First Unit of Quantity,9208100000,China,1995,number,"932,813","683,312","525,177","493,580","667,429","951,095","1,774,685","2,745,696","2,543,209","1,700,560","1,211,333","734,818"
1995,First Unit of Quantity,9208900040,China,1995,number,"11,410",0,"2,690",0,0,706,0,"8,604",0,"3,100","1,908",0
1995,First Unit of Quantity,9208900080,China,1995,number,"316,722","279,556","424,238","424,359","1,285,576","1,584,590","1,377,048","1,367,729","1,428,407","531,214","1,192,380","2,016,997"
1995,First Unit of Quantity,9209100000,China,1995,no units collected,0,0,0,0,0,0,0,0,0,0,0,0
1995,First Unit of Quantity,9209200000,China,1995,number,0,0,"117,000","92,000","170,747","45,000","254,000","25,000","101,000","99,440","57,760","78,100"
1995,First Unit of Quantity,9209300000,China,1995,number,0,0,0,0,"4,824","2,386",0,0,0,"21,014","15,000",0
1995,First Unit of Quantity,9209918000,China,1995,no units collected,0,0,0,0,0,0,0,0,0,0,0,0
1995,First Unit of Quantity,9209922000,China,1995,no units collected,0,0,0,0,0,0,0,0,0,0,0,0
1995,First Unit of Quantity,9209924000,China,1995,thousand units,0,0,0,0,1,0,0,0,0,0,0,0
1995,First Unit of Quantity,9209926000,China,1995,no units collected,0,0,0,0,0,0,0,0,0,0,0,0
1995,First Unit of Quantity,9209928000,China,1995,no units collected,0,0,0,0,0,0,0,0,0,0,0,0
1995,First Unit of Quantity,9209938000,China,1995,no units collected,0,0,0,0,0,0,0,0,0,0,0,0
1995,First Unit of Quantity,9209944000,China,1995,no units collected,0,0,0,0,0,0,0,0,0,0,0,0
1995,First Unit of Quantity,9209948000,China,1995,no units collected,0,0,0,0,0,0,0,0,0,0,0,0
1995,First Unit of Quantity,9209991000,China,1995,no units collected,0,0,0,0,0,0,0,0,0,0,0,0
1995,First Unit of Quantity,9209994040,China,1995,no units collected,0,0,0,0,0,0,0,0,0,0,0,0
1995,First Unit of Quantity,9209994080,China,1995,no units collected,0,0,0,0,0,0,0,0,0,0,0,0
1995,First Unit of Quantity,9209996000,China,1995,no units collected,0,0,0,0,0,0,0,0,0,0,0,0
1995,First Unit of Quantity,9209998000,China,1995,no units collected,0,0,0,0,0,0,0,0,0,0,0,0
1995,First Unit of Quantity,9301003020,China,1995,number,18,0,0,0,0,0,"50,000",0,0,0,0,0
1995,First Unit of Quantity,9301006000,China,1995,number,0,0,0,0,0,0,0,0,0,0,0,6
1995,First Unit of Quantity,9301009020,China,1995,number,0,0,0,0,0,0,0,0,0,0,0,0
1995,First Unit of Quantity,9302000000,China,1995,number,0,0,0,"5,900",0,0,0,0,0,0,0,"19,480"
1995,First Unit of Quantity,9303200060,China,1995,number,0,0,0,0,0,0,0,0,0,0,0,700
1995,First Unit of Quantity,9303304020,China,1995,number,0,0,0,0,0,0,0,0,0,0,0,"1,900"
1995,First Unit of Quantity,9303304030,China,1995,number,"1,500",0,0,0,0,0,0,0,0,0,0,0
1995,First Unit of Quantity,9303308010,China,1995,number,0,0,0,"1,790",0,0,0,0,0,0,0,"3,000"
1995,First Unit of Quantity,9303308030,China,1995,number,"4,000",0,0,0,0,0,0,0,0,0,0,0
1995,First Unit of Quantity,9304002000,China,1995,number,"4,636",0,"7,980","9,940","24,738","12,527","10,830","28,960","4,600","6,950","7,400","8,492"
1995,First Unit of Quantity,9304004000,China,1995,number,"3,506",0,139,"1,407","1,362","2,914",400,"1,449",0,500,500,200
1995,First Unit of Quantity,9304006000,China,1995,number,408,0,"16,900",0,"2,077","7,700","2,600",0,"3,746","13,500","13,279","7,157"
1995,First Unit of Quantity,9305102000,China,1995,no units collected,0,0,0,0,0,0,0,0,0,0,0,0
1995,First Unit of Quantity,9305292000,China,1995,no units collected,0,0,0,0,0,0,0,0,0,0,0,0
1995,First Unit of Quantity,9305295000,China,1995,no units collected,0,0,0,0,0,0,0,0,0,0,0,0
1995,First Unit of Quantity,9305901000,China,1995,no units collected,0,0,0,0,0,0,0,0,0,0,0,0
1995,First Unit of Quantity,9305903030,China,1995,no units collected,0,0,0,0,0,0,0,0,0,0,0,0
1995,First Unit of Quantity,9305905000,China,1995,no units collected,0,0,0,0,0,0,0,0,0,0,0,0
1995,First Unit of Quantity,9306100000,China,1995,thousand units,"15,231",0,"9,500","4,133","11,100",0,0,883,0,0,0,"6,780"
1995,First Unit of Quantity,9306210000,China,1995,thousand units,"2,800",0,0,0,"2,400",0,0,0,0,0,0,0
1995,First Unit of Quantity,9306290000,China,1995,no units collected,0,0,0,0,0,0,0,0,0,0,0,0
1995,First Unit of Quantity,9306304020,China,1995,thousand units,"2,400",0,"33,598","6,188","7,505",0,0,0,0,0,0,"8,100"
1995,First Unit of Quantity,9306304030,China,1995,thousand units,0,0,800,0,0,0,0,0,0,0,0,0
1995,First Unit of Quantity,9306900040,China,1995,no units collected,0,0,0,0,0,0,0,0,0,0,0,0
1995,First Unit of Quantity,9307000000,China,1995,no units collected,0,0,0,0,0,0,0,0,0,0,0,0
1995,First Unit of Quantity,9401200010,China,1995,number,0,0,0,0,0,272,0,"8,600",0,0,0,0
1995,First Unit of Quantity,9401200090,China,1995,number,"3,600",0,0,"10,572",0,0,"3,271",0,0,"3,801",700,0
1995,First Unit of Quantity,9401304000,China,1995,number,0,55,"2,878","6,720","6,384","1,673","4,233","1,564","5,065","4,555","5,835","3,855"
1995,First Unit of Quantity,9401308010,China,1995,number,720,"6,113","6,360","2,160","3,609","8,490","13,848","15,719","10,395","6,510","4,710","1,800"
1995,First Unit of Quantity,9401308030,China,1995,number,"8,512","6,376","10,524","22,125","58,763","31,423","28,119","44,546","11,556","21,041","13,590","7,836"
1995,First Unit of Quantity,9401400000,China,1995,number,"3,041",395,610,"1,939","3,878","7,100","6,298","8,040","3,953","2,165","4,374","4,600"
1995,First Unit of Quantity,9401500040,China,1995,number,"114,843","130,612","97,208","103,434","92,558","120,238","63,923","76,298","79,472","62,680","110,684","107,444"
1995,First Unit of Quantity,9401500080,China,1995,number,"54,247","70,250","23,222","23,665","29,043","1,436","3,090","1,601","6,171",845,"4,292","22,646"
1995,First Unit of Quantity,9401612010,China,1995,number,168,"3,241",173,13,94,288,329,52,279,224,189,69
1995,First Unit of Quantity,9401612030,China,1995,number,0,0,0,185,700,117,87,0,0,0,0,198
1995,First Unit of Quantity,9401614010,China,1995,number,"36,115","26,877","32,722","28,017","26,982","33,698","24,004","35,668","22,580","30,198","49,036","28,666"
1995,First Unit of Quantity,9401614030,China,1995,number,"7,810",0,0,950,"9,237",0,378,"1,967","1,753","1,720",991,0
1995,First Unit of Quantity,9401616010,China,1995,number,"4,792","2,010",992,"4,707","1,463","5,070","6,521","3,771","5,507","16,466","4,634","3,353"
1995,First Unit of Quantity,9401616030,China,1995,number,"35,290","2,849",0,"2,708",0,0,0,540,626,89,342,"1,725"
1995,First Unit of Quantity,9401692010,China,1995,number,"1,944","1,818",0,0,0,"2,312",0,"4,878","4,416","4,108","3,518",630
1995,First Unit of Quantity,9401692030,China,1995,number,0,0,0,0,0,0,35,0,0,0,"6,510",0
1995,First Unit of Quantity,9401694010,China,1995,number,152,36,54,42,"1,736",390,114,0,20,32,371,"3,533"
1995,First Unit of Quantity,9401694030,China,1995,number,0,0,0,"5,122","1,650",180,"2,374","1,308",0,"3,012",0,"3,600"
1995,First Unit of Quantity,9401696010,China,1995,number,"218,852","231,036","209,648","233,678","266,157","277,185","246,601","273,391","257,092","300,055","287,929","248,449"
1995,First Unit of Quantity,9401696030,China,1995,number,"68,013","36,393","4,733","20,488","36,696","57,718","23,547","10,375","23,310","11,733","20,471","17,042"
1995,First Unit of Quantity,9401698010,China,1995,number,"58,223","112,621","14,466","97,746","21,576","30,210","31,162","36,086","39,883","40,894","31,311","24,252"
1995,First Unit of Quantity,9401698030,China,1995,number,"10,271","3,300","3,600","10,285","12,378","9,193","3,775","3,303","3,670","11,944","21,826","25,126"
1995,First Unit of Quantity,9401710010,China,1995,number,"59,290","62,307","41,634","76,564","32,612","31,414","46,644","84,349","36,620","73,399","115,814","98,893"
1995,First Unit of Quantity,9401710030,China,1995,number,"13,658","20,018","17,422","35,553","15,343","15,390","15,271","12,822","11,213","20,956","14,924","16,796"
1995,First Unit of Quantity,9401790005,China,1995,number,"163,665","286,261","217,092","239,167","210,755","33,848","11,484","16,078","11,662","29,430","49,559","110,025"
1995,First Unit of Quantity,9401790015,China,1995,number,"196,780","160,073","262,274","562,405","495,254","116,524","70,220","67,827","28,072","41,986","91,096","105,619"
1995,First Unit of Quantity,9401790025,China,1995,number,"466,536","538,766","579,376","405,818","297,815","52,823","11,656","32,050","30,270","87,663","56,711","178,440"
1995,First Unit of Quantity,9401790035,China,1995,number,"456,135","396,735","563,464","660,832","336,077","117,822","293,923","10,870","23,512","32,915","112,864","293,862"
1995,First Unit of Quantity,9401790045,China,1995,number,"55,433","66,942","69,949","100,272","119,821","64,065","116,452","72,983","123,295","153,971","129,717","54,090"
1995,First Unit of Quantity,9401790050,China,1995,number,"65,325","26,228","33,125","28,226","37,372","11,882","27,285","21,292","9,287","17,637","26,391","73,521"
1995,First Unit of Quantity,9401802010,China,1995,number,"76,406","14,004","12,880","19,376",0,0,"2,200",0,0,0,0,"4,650"
1995,First Unit of Quantity,9401802030,China,1995,number,"18,760",246,0,0,0,"5,400",0,0,"18,650",0,0,0
1995,First Unit of Quantity,9401804005,China,1995,number,"13,100",0,0,328,940,0,0,0,0,0,0,0
1995,First Unit of Quantity,9401804015,China,1995,number,"4,275",0,0,0,0,750,0,0,0,0,0,0
1995,First Unit of Quantity,9401804025,China,1995,number,"3,485","34,542","76,544","9,556","21,620","11,087",568,0,0,0,928,"15,072"
1995,First Unit of Quantity,9401804035,China,1995,number,"91,572","27,890","49,893","27,704","8,311","3,037",0,"1,701",0,0,"27,500","63,338"
1995,First Unit of Quantity,9401804045,China,1995,number,"77,806","77,268","17,551","2,250","5,208","48,445","45,960","34,131","37,570","72,537","66,906","89,537"
1995,First Unit of Quantity,9401806010,China,1995,number,"2,960","9,596",117,"1,950","3,968","2,618","8,203","3,066",324,"13,810","3,537",464
1995,First Unit of Quantity,9401806030,China,1995,number,"69,902","15,983","23,633","8,447","3,034",84,216,"1,307",900,"3,722",3,690
1995,First Unit of Quantity,9401901010,China,1995,no units collected,0,0,0,0,0,0,0,0,0,0,0,0
1995,First Unit of Quantity,9401901080,China,1995,no units collected,0,0,0,0,0,0,0,0,0,0,0,0
1995,First Unit of Quantity,9401902540,China,1995,no units collected,0,0,0,0,0,0,0,0,0,0,0,0
1995,First Unit of Quantity,9401902580,China,1995,no units collected,0,0,0,0,0,0,0,0,0,0,0,0
1995,First Unit of Quantity,9401903500,China,1995,no units collected,0,0,0,0,0,0,0,0,0,0,0,0
1995,First Unit of Quantity,9401904000,China,1995,no units collected,0,0,0,0,0,0,0,0,0,0,0,0
1995,First Unit of Quantity,9401905000,China,1995,no units collected,0,0,0,0,0,0,0,0,0,0,0,0
1995,First Unit of Quantity,9402100000,China,1995,no units collected,0,0,0,0,0,0,0,0,0,0,0,0
1995,First Unit of Quantity,9402900010,China,1995,no units collected,0,0,0,0,0,0,0,0,0,0,0,0
1995,First Unit of Quantity,9402900020,China,1995,no units collected,0,0,0,0,0,0,0,0,0,0,0,0
1995,First Unit of Quantity,9403100020,China,1995,no units collected,0,0,0,0,0,0,0,0,0,0,0,0
1995,First Unit of Quantity,9403100040,China,1995,no units collected,0,0,0,0,0,0,0,0,0,0,0,0
1995,First Unit of Quantity,9403200010,China,1995,no units collected,0,0,0,0,0,0,0,0,0,0,0,0
1995,First Unit of Quantity,9403200020,China,1995,no units collected,0,0,0,0,0,0,0,0,0,0,0,0
1995,First Unit of Quantity,9403200030,China,1995,no units collected,0,0,0,0,0,0,0,0,0,0,0,0
1995,First Unit of Quantity,9403308000,China,1995,no units collected,0,0,0,0,0,0,0,0,0,0,0,0
1995,First Unit of Quantity,9403404000,China,1995,no units collected,0,0,0,0,0,0,0,0,0,0,0,0
1995,First Unit of Quantity,9403406000,China,1995,no units collected,0,0,0,0,0,0,0,0,0,0,0,0
1995,First Unit of Quantity,9403409040,China,1995,number,"5,830","2,389","5,953","3,141","6,592","6,041","6,340","5,900","7,138","8,412","8,295","5,401"
1995,First Unit of Quantity,9403409060,China,1995,no units collected,0,0,0,0,0,0,0,0,0,0,0,0
1995,First Unit of Quantity,9403409080,China,1995,no units collected,0,0,0,0,0,0,0,0,0,0,0,0
1995,First Unit of Quantity,9403504000,China,1995,no units collected,0,0,0,0,0,0,0,0,0,0,0,0
1995,First Unit of Quantity,9403509040,China,1995,number,"4,172","4,026","2,341","1,607","3,455","1,061","1,213","4,061","2,711","4,879","4,966","7,840"
1995,First Unit of Quantity,9403509080,China,1995,no units collected,0,0,0,0,0,0,0,0,0,0,0,0
1995,First Unit of Quantity,9403604000,China,1995,no units collected,0,0,0,0,0,0,0,0,0,0,0,0
1995,First Unit of Quantity,9403608040,China,1995,number,"20,574","20,631","14,744","22,846","27,962","24,283","24,873","25,338","20,234","26,751","36,238","27,519"
1995,First Unit of Quantity,9403608080,China,1995,no units collected,0,0,0,0,0,0,0,0,0,0,0,0
1995,First Unit of Quantity,9403704010,China,1995,no units collected,0,0,0,0,0,0,0,0,0,0,0,0
1995,First Unit of Quantity,9403704020,China,1995,no units collected,0,0,0,0,0,0,0,0,0,0,0,0
1995,First Unit of Quantity,9403704030,China,1995,no units collected,0,0,0,0,0,0,0,0,0,0,0,0
1995,First Unit of Quantity,9403708010,China,1995,no units collected,0,0,0,0,0,0,0,0,0,0,0,0
1995,First Unit of Quantity,9403708020,China,1995,no units collected,0,0,0,0,0,0,0,0,0,0,0,0
1995,First Unit of Quantity,9403708030,China,1995,no units collected,0,0,0,0,0,0,0,0,0,0,0,0
1995,First Unit of Quantity,9403803010,China,1995,no units collected,0,0,0,0,0,0,0,0,0,0,0,0
1995,First Unit of Quantity,9403803020,China,1995,no units collected,0,0,0,0,0,0,0,0,0,0,0,0
1995,First Unit of Quantity,9403803030,China,1995,no units collected,0,0,0,0,0,0,0,0,0,0,0,0
1995,First Unit of Quantity,9403803090,China,1995,no units collected,0,0,0,0,0,0,0,0,0,0,0,0
1995,First Unit of Quantity,9403806040,China,1995,no units collected,0,0,0,0,0,0,0,0,0,0,0,0
1995,First Unit of Quantity,9403806080,China,1995,no units collected,0,0,0,0,0,0,0,0,0,0,0,0
1995,First Unit of Quantity,9403901040,China,1995,no units collected,0,0,0,0,0,0,0,0,0,0,0,0
1995,First Unit of Quantity,9403901080,China,1995,no units collected,0,0,0,0,0,0,0,0,0,0,0,0
1995,First Unit of Quantity,9403902540,China,1995,no units collected,0,0,0,0,0,0,0,0,0,0,0,0
1995,First Unit of Quantity,9403902580,China,1995,no units collected,0,0,0,0,0,0,0,0,0,0,0,0
1995,First Unit of Quantity,9403904000,China,1995,no units collected,0,0,0,0,0,0,0,0,0,0,0,0
1995,First Unit of Quantity,9403905000,China,1995,no units collected,0,0,0,0,0,0,0,0,0,0,0,0
1995,First Unit of Quantity,9403906000,China,1995,no units collected,0,0,0,0,0,0,0,0,0,0,0,0
1995,First Unit of Quantity,9403907000,China,1995,no units collected,0,0,0,0,0,0,0,0,0,0,0,0
1995,First Unit of Quantity,9403908040,China,1995,no units collected,0,0,0,0,0,0,0,0,0,0,0,0
1995,First Unit of Quantity,9403908080,China,1995,no units collected,0,0,0,0,0,0,0,0,0,0,0,0
1995,First Unit of Quantity,9404100000,China,1995,number,0,0,"2,279",0,0,0,0,0,0,0,324,0
1995,First Unit of Quantity,9404210000,China,1995,number,0,0,0,0,0,0,0,200,0,0,0,0
1995,First Unit of Quantity,9404291000,China,1995,number,"1,610",0,"8,787",710,"8,890",0,0,0,0,0,0,0
1995,First Unit of Quantity,9404299090,China,1995,number,0,388,171,0,179,300,374,132,480,389,270,586
1995,First Unit of Quantity,9404304000,China,1995,number,"9,675","17,381","5,244","10,152",0,"5,455","7,320","12,058","1,423","7,572","3,444","5,506"
1995,First Unit of Quantity,9404308000,China,1995,number,"24,508","21,099","6,684","22,930","14,218","15,447","5,812","20,939","21,236","7,259","6,286","17,958"
1995,First Unit of Quantity,9404901000,China,1995,number,"15,091","44,343","20,918","4,686","3,980","145,156","27,864","5,560","3,132","6,480","4,000","3,600"
1995,First Unit of Quantity,9404902000,China,1995,no units collected,0,0,0,0,0,0,0,0,0,0,0,0
1995,First Unit of Quantity,9404908020,China,1995,number,"929,915","1,927,158","438,609","95,880","7,378",0,0,0,0,"1,179","4,464","86,111"
1995,First Unit of Quantity,9404908040,China,1995,number,"506,592","1,458,903","518,293","443,740","192,993","115,319","172,918","49,394","45,675","72,690","13,100","4,260"
1995,First Unit of Quantity,9404908505,China,1995,number,"251,212","451,076","63,603","51,086","2,855",0,0,0,0,0,0,"6,959"
1995,First Unit of Quantity,9404908522,China,1995,number,"8,460",0,"5,640","1,200","30,159","13,812","4,800","33,777","23,040","5,598","6,530","40,412"
1995,First Unit of Quantity,9404908523,China,1995,number,"1,070",808,217,"1,453",151,24,602,"1,750","1,278","2,851",8,"2,036"
1995,First Unit of Quantity,9404908536,China,1995,number,"1,558","8,754","25,498",428,"6,086","10,389","44,384","55,080","31,416","22,247","7,762","5,566"
1995,First Unit of Quantity,9404909550,China,1995,number,"36,642","132,911","75,437","122,635","22,211","3,540",0,"21,350","7,758","1,850","3,880",0
1995,First Unit of Quantity,9404909555,China,1995,number,0,0,"5,016","2,310","13,068","13,600","14,310","22,059","16,683","3,570","16,766","26,600"
1995,First Unit of Quantity,9404909560,China,1995,number,"3,534",0,"15,124",380,"10,190","10,570","14,570","34,220","13,030","29,492","6,720","4,120"
1995,First Unit of Quantity,9405104010,China,1995,number,"508,277","358,118","407,614","456,173","384,633","441,392","452,498","429,096","400,884","464,125","346,186","406,965"
1995,First Unit of Quantity,9405104020,China,1995,number,"34,262","46,501","33,587","59,607","37,983","82,756","35,281","80,990","46,147","77,391","24,227","27,697"
1995,First Unit of Quantity,9405106010,China,1995,number,"1,145,164","834,142","693,603","930,177","1,029,891","975,131","997,482","890,022","801,949","994,066","1,020,353","1,289,298"
1995,First Unit of Quantity,9405106020,China,1995,number,"84,886","94,575","83,039","175,699","106,833","179,469","217,346","205,184","156,910","136,557","115,220","317,074"
1995,First Unit of Quantity,9405108010,China,1995,number,"617,731","683,456","631,570","833,911","820,988","813,473","705,056","904,874","655,843","862,369","664,524","752,639"
1995,First Unit of Quantity,9405108020,China,1995,number,"39,886","110,429","44,422","61,542","44,932","103,524","95,362","59,553","138,226","54,566","77,985","59,888"
1995,First Unit of Quantity,9405204010,China,1995,number,"232,084","368,047","218,705","244,009","202,692","281,372","542,980","329,573","899,771","442,120","277,258","208,314"
1995,First Unit of Quantity,9405204020,China,1995,number,"84,973","36,228","31,117","47,735","26,599","27,458","80,924","50,174","30,359","38,949","44,201","17,512"
1995,First Unit of Quantity,9405206010,China,1995,number,"1,504,603","1,131,454","1,436,246","1,085,893","1,251,809","1,321,955","1,572,283","1,395,388","1,424,204","1,887,667","2,164,072","1,574,416"
1995,First Unit of Quantity,9405206020,China,1995,number,"336,806","356,902","292,916","332,763","267,846","286,763","318,809","164,968","248,883","248,775","152,262","150,889"
1995,First Unit of Quantity,9405208010,China,1995,number,"777,071","746,916","523,048","733,936","606,556","833,630","965,310","1,241,836","811,490","1,144,106","1,095,339","993,797"
1995,First Unit of Quantity,9405208020,China,1995,number,"93,764","126,902","82,165","110,332","111,450","267,236","256,317","137,479","182,791","160,173","144,812","136,738"
1995,First Unit of Quantity,9405300010,China,1995,number,"449,548","337,770","1,010,832","6,332,610","11,162,883","12,530,833","17,688,294","34,720,867","23,745,628","13,599,868","2,762,401","242,236"
1995,First Unit of Quantity,9405300040,China,1995,number,"306,868","825,606","1,726,939","2,455,476","4,478,106","5,760,570","7,963,932","11,461,997","14,988,265","5,771,077","2,501,565","399,498"
1995,First Unit of Quantity,9405404000,China,1995,number,"125,176","128,126","125,920","135,961","210,785","225,496","301,678","541,200","371,186","258,686","62,834","53,932"
1995,First Unit of Quantity,9405406000,China,1995,number,"507,205","605,579","426,177","643,076","584,162","664,218","1,082,835","1,266,862","1,118,059","931,663","1,109,188","894,062"
1995,First Unit of Quantity,9405408000,China,1995,number,"2,114,166","1,729,147","1,277,523","2,661,001","2,554,834","2,946,635","4,011,420","5,053,089","4,685,730","4,077,704","2,102,087","1,944,261"
1995,First Unit of Quantity,9405502000,China,1995,number,"82,350","68,172","46,554","116,530","160,122","82,506","167,962","94,266","49,832","184,943","116,950","40,324"
1995,First Unit of Quantity,9405503000,China,1995,number,"67,542","42,197","69,440","90,514","154,380","89,318","133,914","124,897","270,286","232,004","190,672","100,409"
1995,First Unit of Quantity,9405504000,China,1995,number,"1,657,106","1,623,739","1,429,120","2,384,005","2,654,968","2,364,753","3,602,516","5,397,709","5,162,737","4,176,567","3,281,822","2,613,765"
1995,First Unit of Quantity,9405602000,China,1995,number,0,0,0,0,0,0,0,"11,206",0,0,0,0
1995,First Unit of Quantity,9405604000,China,1995,number,120,0,0,0,0,0,"14,610","20,346","9,984","2,042","2,100",0
1995,First Unit of Quantity,9405606000,China,1995,number,"10,800","10,518","4,224","14,614","5,232","54,386","119,049","26,058","133,154","89,462","71,202","1,530"
1995,First Unit of Quantity,9405911000,China,1995,no units collected,0,0,0,0,0,0,0,0,0,0,0,0
1995,First Unit of Quantity,9405913000,China,1995,no units collected,0,0,0,0,0,0,0,0,0,0,0,0
1995,First Unit of Quantity,9405914000,China,1995,dozens,0,0,0,0,0,0,0,0,308,0,"6,508",260
1995,First Unit of Quantity,9405916040,China,1995,no units collected,0,0,0,0,0,0,0,0,0,0,0,0
1995,First Unit of Quantity,9405916080,China,1995,no units collected,0,0,0,0,0,0,0,0,0,0,0,0
1995,First Unit of Quantity,9405920000,China,1995,no units collected,0,0,0,0,0,0,0,0,0,0,0,0
1995,First Unit of Quantity,9405992000,China,1995,no units collected,0,0,0,0,0,0,0,0,0,0,0,0
1995,First Unit of Quantity,9405994000,China,1995,no units collected,0,0,0,0,0,0,0,0,0,0,0,0
1995,First Unit of Quantity,9406004000,China,1995,number,0,0,0,0,0,0,"3,944",0,0,0,0,0
1995,First Unit of Quantity,9501002000,China,1995,no units collected,0,0,0,0,0,0,0,0,0,0,0,0
1995,First Unit of Quantity,9501004000,China,1995,no units collected,0,0,0,0,0,0,0,0,0,0,0,0
1995,First Unit of Quantity,9501006000,China,1995,no units collected,0,0,0,0,0,0,0,0,0,0,0,0
1995,First Unit of Quantity,9502100010,China,1995,number,"3,264,400","2,663,444","1,749,381","2,696,739","3,178,908","5,034,969","4,312,664","6,191,613","6,452,862","9,684,723","6,939,841","4,694,680"
1995,First Unit of Quantity,9502100020,China,1995,number,"15,068,001","10,783,996","27,327,976","24,007,779","37,662,428","32,272,564","28,949,889","23,447,123","27,435,003","19,777,609","27,840,044","23,485,996"
1995,First Unit of Quantity,9502100030,China,1995,number,"76,414","22,524","9,090","26,383","41,143","89,707","82,627","205,526","187,323","256,297","45,867","17,021"
1995,First Unit of Quantity,9502100040,China,1995,number,"1,720,599","1,740,864","1,062,625","2,331,321","5,597,517","6,202,023","3,397,913","5,350,968","5,979,859","5,760,554","3,645,923","1,730,446"
1995,First Unit of Quantity,9502910000,China,1995,no units collected,0,0,0,0,0,0,0,0,0,0,0,0
1995,First Unit of Quantity,9502990010,China,1995,no units collected,0,0,0,0,0,0,0,0,0,0,0,0
1995,First Unit of Quantity,9502990020,China,1995,no units collected,0,0,0,0,0,0,0,0,0,0,0,0
1995,First Unit of Quantity,9502990030,China,1995,no units collected,0,0,0,0,0,0,0,0,0,0,0,0
1995,First Unit of Quantity,9503100010,China,1995,number,0,0,0,0,0,0,0,0,0,0,0,0
1995,First Unit of Quantity,9503100020,China,1995,no units collected,0,0,0,0,0,0,0,0,0,0,0,0
1995,First Unit of Quantity,9503100030,China,1995,no units collected,0,0,0,0,0,0,0,0,0,0,0,0
1995,First Unit of Quantity,9503100040,China,1995,no units collected,0,0,0,0,0,0,0,0,0,0,0,0
1995,First Unit of Quantity,9503100050,China,1995,no units collected,0,0,0,0,0,0,0,0,0,0,0,0
1995,First Unit of Quantity,9503200020,China,1995,no units collected,0,0,0,0,0,0,0,0,0,0,0,0
1995,First Unit of Quantity,9503200040,China,1995,no units collected,0,0,0,0,0,0,0,0,0,0,0,0
1995,First Unit of Quantity,9503200060,China,1995,no units collected,0,0,0,0,0,0,0,0,0,0,0,0
1995,First Unit of Quantity,9503300010,China,1995,no units collected,0,0,0,0,0,0,0,0,0,0,0,0
1995,First Unit of Quantity,9503300020,China,1995,no units collected,0,0,0,0,0,0,0,0,0,0,0,0
1995,First Unit of Quantity,9503410010,China,1995,number,"42,312,464","49,620,184","34,693,873","23,497,958","24,490,368","27,593,765","30,138,990","37,996,391","35,367,036","37,718,663","35,510,652","42,154,172"
1995,First Unit of Quantity,9503410020,China,1995,no units collected,0,0,0,0,0,0,0,0,0,0,0,0
1995,First Unit of Quantity,9503410030,China,1995,number,"2,360,388","1,828,521","951,711","1,490,170","1,609,194","2,154,912","1,701,106","1,517,617","1,180,501","1,724,295","1,303,956","1,138,531"
1995,First Unit of Quantity,9503490010,China,1995,number,"328,888","965,954","570,086","265,146","63,062","257,955","896,042","7,155,432","9,481,790","3,123,340","1,048,059","475,544"
1995,First Unit of Quantity,9503490020,China,1995,number,"42,374,888","40,337,682","22,493,531","28,974,765","38,217,405","29,037,532","41,697,140","37,665,343","48,967,002","63,854,908","58,155,999","32,252,780"
1995,First Unit of Quantity,9503490030,China,1995,number,"215,836","203,760","74,963","274,168","239,908","30,280","401,601","79,514","278,552","186,419","644,053","110,760"
1995,First Unit of Quantity,9503490040,China,1995,number,"5,205,708","1,347,609","950,351","1,255,449","17,730,160","2,797,049","1,015,525","2,176,279","1,614,004","1,738,705","808,761","3,281,702"
1995,First Unit of Quantity,9503490050,China,1995,no units collected,0,0,0,0,0,0,0,0,0,0,0,0
1995,First Unit of Quantity,9503500020,China,1995,number,0,0,0,0,0,0,0,0,0,0,0,0
1995,First Unit of Quantity,9503500040,China,1995,no units collected,0,0,0,0,0,0,0,0,0,0,0,0
1995,First Unit of Quantity,9503601000,China,1995,number,"10,947","14,928","219,352","172,816","149,478","16,656","43,404","94,755","189,069","132,260","281,408","7,056"
1995,First Unit of Quantity,9503602000,China,1995,no units collected,0,0,0,0,0,0,0,0,0,0,0,0
1995,First Unit of Quantity,9503700010,China,1995,no units collected,0,0,0,0,0,0,0,0,0,0,0,0
1995,First Unit of Quantity,9503700020,China,1995,no units collected,0,0,0,0,0,0,0,0,0,0,0,0
1995,First Unit of Quantity,9503700030,China,1995,no units collected,0,0,0,0,0,0,0,0,0,0,0,0
1995,First Unit of Quantity,9503800010,China,1995,number,"2,744,989","1,800,442","1,412,395","1,761,403","1,848,973","2,728,162","3,993,375","7,225,627","6,543,923","7,735,971","4,872,115","2,119,015"
1995,First Unit of Quantity,9503800020,China,1995,number,"1,212,249","3,817,215","889,828","1,128,585","7,413,523","1,813,638","2,434,142","2,910,609","3,303,230","3,133,047","1,925,092","1,062,984"
1995,First Unit of Quantity,9503800030,China,1995,number,"228,859","412,357","159,640","16,181","68,017","128,880","120,116","286,213","157,785","162,242","103,335","39,504"
1995,First Unit of Quantity,9503800040,China,1995,number,"906,990","189,247","97,143","271,712","256,867","146,182","228,778","279,151","716,912","357,550","341,015","150,623"
1995,First Unit of Quantity,9503800050,China,1995,no units collected,0,0,0,0,0,0,0,0,0,0,0,0
1995,First Unit of Quantity,9503900010,China,1995,number,0,0,0,0,0,0,0,0,0,0,0,0
1995,First Unit of Quantity,9503900020,China,1995,number,0,0,0,0,0,0,0,0,0,0,0,0
1995,First Unit of Quantity,9503900030,China,1995,no units collected,0,0,0,0,0,0,0,0,0,0,0,0
1995,First Unit of Quantity,9503900040,China,1995,number,"687,407","551,000","4,680,555","413,891","1,357,469","1,105,271","1,249,643","517,350","1,656,173","690,590","690,335","1,203,072"
1995,First Unit of Quantity,9503900050,China,1995,number,"2,954,375","2,004,845","2,974,014","3,376,865","4,130,248","4,076,886","4,788,902","4,190,786","5,581,195","6,362,779","3,128,287","3,406,156"
1995,First Unit of Quantity,9503900060,China,1995,number,"13,712,868","12,786,761","9,581,603","7,006,146","8,167,424","9,155,787","7,185,031","10,980,747","9,625,601","10,627,298","8,499,667","8,853,926"
1995,First Unit of Quantity,9503900070,China,1995,no units collected,0,0,0,0,0,0,0,0,0,0,0,0
1995,First Unit of Quantity,9504100010,China,1995,no units collected,0,0,0,0,0,0,0,0,0,0,0,0
1995,First Unit of Quantity,9504100030,China,1995,no units collected,0,0,0,0,0,0,0,0,0,0,0,0
1995,First Unit of Quantity,9504202000,China,1995,number,"41,898","40,344","22,500","6,390","1,800","19,700","395,480","789,004","70,587","174,480","277,230","273,020"
1995,First Unit of Quantity,9504204000,China,1995,number,"335,664","57,200","47,520","34,560","34,560","34,560","86,426",0,"52,704","66,960","66,528","131,904"
1995,First Unit of Quantity,9504206000,China,1995,number,"11,616",0,"23,232","20,184","18,732",576,"10,176","8,746","14,423","16,290","7,634",936
1995,First Unit of Quantity,9504208000,China,1995,no units collected,0,0,0,0,0,0,0,0,0,0,0,0
1995,First Unit of Quantity,9504300010,China,1995,no units collected,0,0,0,0,0,0,0,0,0,0,0,0
1995,First Unit of Quantity,9504300020,China,1995,no units collected,0,0,0,0,0,0,0,0,0,0,0,0
1995,First Unit of Quantity,9504300040,China,1995,no units collected,0,0,0,0,0,0,0,0,0,0,0,0
1995,First Unit of Quantity,9504300060,China,1995,no units collected,0,0,0,0,0,0,0,0,0,0,0,0
1995,First Unit of Quantity,9504400000,China,1995,pack,"1,338,789","1,629,644","2,218,382","2,610,118","1,423,008","1,872,964","1,535,514","2,169,237","2,101,121","2,127,334","1,573,196","2,368,281"
1995,First Unit of Quantity,9504904000,China,1995,no units collected,0,0,0,0,0,0,0,0,0,0,0,0
1995,First Unit of Quantity,9504906000,China,1995,no units collected,0,0,0,0,0,0,0,0,0,0,0,0
1995,First Unit of Quantity,9504909040,China,1995,number,0,0,0,0,0,0,0,0,0,"4,998",408,0
1995,First Unit of Quantity,9504909060,China,1995,no units collected,0,0,0,0,0,0,0,0,0,0,0,0
1995,First Unit of Quantity,9504909080,China,1995,no units collected,0,0,0,0,0,0,0,0,0,0,0,0
1995,First Unit of Quantity,9505101000,China,1995,no units collected,0,0,0,0,0,0,0,0,0,0,0,0
1995,First Unit of Quantity,9505101500,China,1995,no units collected,0,0,0,0,0,0,0,0,0,0,0,0
1995,First Unit of Quantity,9505102500,China,1995,no units collected,0,0,0,0,0,0,0,0,0,0,0,0
1995,First Unit of Quantity,9505103000,China,1995,no units collected,0,0,0,0,0,0,0,0,0,0,0,0
1995,First Unit of Quantity,9505104010,China,1995,number,"80,498","86,740","248,608","361,371","1,279,915","980,094","1,277,294","1,611,813","2,429,466","1,012,417","568,563","50,542"
1995,First Unit of Quantity,9505104020,China,1995,no units collected,0,0,0,0,0,0,0,0,0,0,0,0
1995,First Unit of Quantity,9505105010,China,1995,number,"99,335","25,109","202,869","147,131","319,126","669,104","456,574","574,914","263,382","351,031","37,069","3,424"
1995,First Unit of Quantity,9505105020,China,1995,no units collected,0,0,0,0,0,0,0,0,0,0,0,0
1995,First Unit of Quantity,9505902000,China,1995,no units collected,0,0,0,0,0,0,0,0,0,0,0,0
1995,First Unit of Quantity,9505904000,China,1995,no units collected,0,0,0,0,0,0,0,0,0,0,0,0
1995,First Unit of Quantity,9505906010,China,1995,dozens,"313,844","99,394","222,435","242,128","424,645","406,801","283,929","316,682","263,486","222,373","197,820","80,066"
1995,First Unit of Quantity,9505906020,China,1995,dozens,"13,339","66,978","2,665","3,715","43,237","29,247","51,229","167,894","133,140","46,649","15,907","56,341"
1995,First Unit of Quantity,9505906090,China,1995,no units collected,0,0,0,0,0,0,0,0,0,0,0,0
1995,First Unit of Quantity,9506128000,China,1995,no units collected,0,0,0,0,0,0,0,0,0,0,0,0
1995,First Unit of Quantity,9506198080,China,1995,no units collected,0,0,0,0,0,0,0,0,0,0,0,0
1995,First Unit of Quantity,9506214000,China,1995,number,0,0,0,8,300,0,0,0,0,0,0,0
1995,First Unit of Quantity,9506218000,China,1995,no units collected,0,0,0,0,0,0,0,0,0,0,0,0
1995,First Unit of Quantity,9506290040,China,1995,no units collected,0,0,0,0,0,0,0,0,0,0,0,0
1995,First Unit of Quantity,9506310000,China,1995,number,"7,619","13,464","2,208","2,750",500,"4,221","3,650","7,560","5,188","7,961","31,915","88,950"
1995,First Unit of Quantity,9506320000,China,1995,dozens,"37,578","27,453","35,712","91,483","89,546","13,427","14,730","11,613","57,294","40,726","21,698","25,353"
1995,First Unit of Quantity,9506390060,China,1995,no units collected,0,0,0,0,0,0,0,0,0,0,0,0
1995,First Unit of Quantity,9506390080,China,1995,no units collected,0,0,0,0,0,0,0,0,0,0,0,0
1995,First Unit of Quantity,9506400000,China,1995,no units collected,0,0,0,0,0,0,0,0,0,0,0,0
1995,First Unit of Quantity,9506512000,China,1995,number,"113,026","195,193","208,226","209,468","148,811","124,302","77,847","84,129","118,607","81,200","138,677","281,078"
1995,First Unit of Quantity,9506514000,China,1995,number,"43,925","48,388","38,653","29,111","38,070","40,994","15,306","33,147","38,147","48,109","51,140","31,996"
1995,First Unit of Quantity,9506516000,China,1995,no units collected,0,0,0,0,0,0,0,0,0,0,0,0
1995,First Unit of Quantity,9506594040,China,1995,number,"386,559","436,090","448,100","323,376","106,213","123,340","13,300","41,755","52,970","117,293","48,235","491,257"
1995,First Unit of Quantity,9506594080,China,1995,no units collected,0,0,0,0,0,0,0,0,0,0,0,0
1995,First Unit of Quantity,9506598020,China,1995,number,"27,377","12,304","5,275","10,310","46,949","40,308","78,004","94,812","49,682","28,052","49,587","22,847"
1995,First Unit of Quantity,9506598040,China,1995,number,"12,925","2,910",595,"2,433","3,705","8,225","4,679","2,174","5,332","7,660","3,510","5,056"
1995,First Unit of Quantity,9506598060,China,1995,no units collected,0,0,0,0,0,0,0,0,0,0,0,0
1995,First Unit of Quantity,9506610000,China,1995,number,0,0,0,"72,000",120,"48,000","12,400","102,000","4,700","1,200",0,"3,180"
1995,First Unit of Quantity,9506624040,China,1995,number,"54,992","52,454","66,323","180,413","418,532","424,094","637,800","642,747","551,658","580,405","379,692","136,901"
1995,First Unit of Quantity,9506624080,China,1995,number,"202,010","332,538","167,041","243,022","299,772","267,610","367,926","229,235","160,223","148,071","89,887","90,053"
1995,First Unit of Quantity,9506628020,China,1995,number,"1,138,335","1,845,849","848,405","929,073","896,117","635,010","1,168,399","1,425,192","1,167,690","1,505,993","1,881,363","1,958,351"
1995,First Unit of Quantity,9506628040,China,1995,number,"101,674","160,050","184,242","228,422","133,212","86,945","90,520","135,926","77,470","85,036","49,254","192,803"
1995,First Unit of Quantity,9506628060,China,1995,number,"268,573","136,882","230,004","226,950","190,636","90,737","149,713","139,160","153,746","136,466","245,766","83,074"
1995,First Unit of Quantity,9506692040,China,1995,number,"5,973,920","3,879,655","3,417,259","2,986,719","3,149,686","1,043,240","1,080,068","1,514,240","1,715,636","4,826,988","3,036,573","4,682,055"
1995,First Unit of Quantity,9506692080,China,1995,number,"830,583","667,234","806,751","1,042,888","754,559","600,995","497,800","774,476","826,632","558,936","596,352","934,152"
1995,First Unit of Quantity,9506694000,China,1995,number,"434,532","356,448","48,005","141,319","33,096","50,156","352,584","118,390","128,088","75,725","175,160","209,264"
1995,First Unit of Quantity,9506696010,China,1995,number,"4,512",0,"1,200",0,0,0,0,0,0,0,0,0
1995,First Unit of Quantity,9506696020,China,1995,no units collected,0,0,0,0,0,0,0,0,0,0,0,0
1995,First Unit of Quantity,9506702010,China,1995,pairs,"535,238","460,506","450,436","338,871","369,483","360,742","310,934","487,067","475,691","646,653","514,638","339,402"
1995,First Unit of Quantity,9506702090,China,1995,no units collected,0,0,0,0,0,0,0,0,0,0,0,0
1995,First Unit of Quantity,9506704000,China,1995,pairs,"14,000","1,530",69,150,227,"25,355","27,055","45,042","88,211","190,105","98,215","25,903"
1995,First Unit of Quantity,9506706040,China,1995,pairs,0,0,0,0,79,"17,735","17,670","21,265","7,309","8,862","8,101","2,016"
1995,First Unit of Quantity,9506706080,China,1995,pairs,0,0,0,"19,574","25,773","31,248","53,528","21,636","36,792","14,292","11,286","13,608"
1995,First Unit of Quantity,9506910010,China,1995,number,"7,022","2,719","8,281","24,380","22,007","18,742","9,660","24,570","8,440","1,380","1,620",0
1995,First Unit of Quantity,9506910030,China,1995,no units collected,0,0,0,0,0,0,0,0,0,0,0,0
1995,First Unit of Quantity,9506990510,China,1995,no units collected,0,0,0,0,0,0,0,0,0,0,0,0
1995,First Unit of Quantity,9506990520,China,1995,no units collected,0,0,0,0,0,0,0,0,0,0,0,0
1995,First Unit of Quantity,9506990530,China,1995,no units collected,0,0,0,0,0,0,0,0,0,0,0,0
1995,First Unit of Quantity,9506990800,China,1995,number,0,576,0,"10,620",0,0,0,0,0,0,"8,300",0
1995,First Unit of Quantity,9506991200,China,1995,no units collected,0,0,0,0,0,0,0,0,0,0,0,0
1995,First Unit of Quantity,9506991500,China,1995,no units collected,0,0,0,0,0,0,0,0,0,0,0,0
1995,First Unit of Quantity,9506992000,China,1995,no units collected,0,0,0,0,0,0,0,0,0,0,0,0
1995,First Unit of Quantity,9506992540,China,1995,number,0,0,279,"2,304",221,0,0,0,0,"6,192",0,0
1995,First Unit of Quantity,9506992580,China,1995,no units collected,0,0,0,0,0,0,0,0,0,0,0,0
1995,First Unit of Quantity,9506993000,China,1995,no units collected,0,0,0,0,0,0,0,0,0,0,0,0
1995,First Unit of Quantity,9506994000,China,1995,number,0,0,0,0,0,"6,718",0,0,0,0,0,0
1995,First Unit of Quantity,9506994500,China,1995,no units collected,0,0,0,0,0,0,0,0,0,0,0,0
1995,First Unit of Quantity,9506995000,China,1995,no units collected,0,0,0,0,0,0,0,0,0,0,0,0
1995,First Unit of Quantity,9506995500,China,1995,no units collected,0,0,0,0,0,0,0,0,0,0,0,0
1995,First Unit of Quantity,9506996040,China,1995,kilograms,"139,219","164,082","116,449","109,291","69,781","49,971","71,406","44,552","45,262","43,667","52,390","44,507"
1995,First Unit of Quantity,9506996080,China,1995,no units collected,0,0,0,0,0,0,0,0,0,0,0,0
1995,First Unit of Quantity,9507100040,China,1995,number,"979,497","909,647","1,130,552","876,288","1,003,740","652,576","720,150","582,893","301,985","484,774","575,571","519,855"
1995,First Unit of Quantity,9507100080,China,1995,no units collected,0,0,0,0,0,0,0,0,0,0,0,0
1995,First Unit of Quantity,9507204000,China,1995,no units collected,0,0,0,0,0,0,0,0,0,0,0,0
1995,First Unit of Quantity,9507208000,China,1995,no units collected,0,0,0,0,0,0,0,0,0,0,0,0
1995,First Unit of Quantity,9507302000,China,1995,number,"290,997","239,247","315,324","211,716","242,040","187,114","135,946","136,638","102,828","173,477","130,693","46,218"
1995,First Unit of Quantity,9507304000,China,1995,number,"288,870","309,107","338,034","324,091","115,180","199,840","206,152","143,222","92,673","175,174","258,985","334,714"
1995,First Unit of Quantity,9507306000,China,1995,number,"82,145","61,415","71,942","67,496","103,367","30,150","48,937","29,616","22,171","28,791","42,687","35,969"
1995,First Unit of Quantity,9507308000,China,1995,no units collected,0,0,0,0,0,0,0,0,0,0,0,0
1995,First Unit of Quantity,9507902000,China,1995,no units collected,0,0,0,0,0,0,0,0,0,0,0,0
1995,First Unit of Quantity,9507904000,China,1995,dozens,"7,213","1,960",340,0,"5,232","14,580",850,"2,877",916,"1,084","5,822",0
1995,First Unit of Quantity,9507906000,China,1995,number,"274,524","417,204","240,362","345,024","246,792","76,104","205,108","95,112","173,352","419,790","114,528","327,662"
1995,First Unit of Quantity,9507907000,China,1995,dozens,"26,165","69,916","43,648","136,108","117,790","37,897","17,736","53,606","1,947","77,533","48,715","70,155"
1995,First Unit of Quantity,9507908000,China,1995,no units collected,0,0,0,0,0,0,0,0,0,0,0,0
1995,First Unit of Quantity,9508000000,China,1995,no units collected,0,0,0,0,0,0,0,0,0,0,0,0
1995,First Unit of Quantity,9601100000,China,1995,no units collected,0,0,0,0,0,0,0,0,0,0,0,0
1995,First Unit of Quantity,9601902000,China,1995,no units collected,0,0,0,0,0,0,0,0,0,0,0,0
1995,First Unit of Quantity,9601904000,China,1995,no units collected,0,0,0,0,0,0,0,0,0,0,0,0
1995,First Unit of Quantity,9601906000,China,1995,no units collected,0,0,0,0,0,0,0,0,0,0,0,0
1995,First Unit of Quantity,9601908000,China,1995,no units collected,0,0,0,0,0,0,0,0,0,0,0,0
1995,First Unit of Quantity,9602001040,China,1995,thousand units,"27,300,000","81,900,000","81,900,000","193,990,000","81,900,000","27,300,000",0,"53,300,000","27,825,000","84,950,000","88,073,000","53,950,000"
1995,First Unit of Quantity,9602001080,China,1995,no units collected,0,0,0,0,0,0,0,0,0,0,0,0
1995,First Unit of Quantity,9602004000,China,1995,no units collected,0,0,0,0,0,0,0,0,0,0,0,0
1995,First Unit of Quantity,9602005000,China,1995,no units collected,0,0,0,0,0,0,0,0,0,0,0,0
1995,First Unit of Quantity,9603101500,China,1995,number,0,0,0,0,"9,600",0,"14,400","10,000",0,0,0,0
1995,First Unit of Quantity,9603109000,China,1995,number,"39,340","9,400","14,000","24,400","60,440","429,812","288,430","60,540","7,628","65,112","219,848","35,330"
1995,First Unit of Quantity,9603210000,China,1995,number,"5,460,960","5,812,639","5,824,116","4,418,122","6,018,622","4,353,170","6,192,062","5,829,574","7,407,485","5,388,006","4,844,696","6,400,713"
1995,First Unit of Quantity,9603294010,China,1995,number,"3,169,893","4,171,660","2,716,094","3,012,906","4,900,451","3,828,444","4,432,484","3,925,846","3,536,512","4,414,093","4,861,056","3,210,382"
1995,First Unit of Quantity,9603294090,China,1995,number,"1,246,884","1,034,390","769,484","790,368","1,152,616","863,296","1,689,328","1,110,380","1,719,994","1,030,408","1,065,406","941,078"
1995,First Unit of Quantity,9603298010,China,1995,number,"2,780,029","2,459,058","2,020,477","2,470,567","3,307,472","2,712,957","2,789,626","2,505,436","3,637,222","3,126,079","3,557,261","2,279,922"
1995,First Unit of Quantity,9603298090,China,1995,number,"366,588","324,428","248,048","328,140","491,318","557,728","447,388","731,247","537,434","474,196","373,030","341,158"
1995,First Unit of Quantity,9603302000,China,1995,number,"10,002,976","4,150,240","4,676,344","6,957,232","9,812,308","7,049,644","7,335,090","5,178,648","4,279,992","9,754,440","10,395,896","8,905,920"
1995,First Unit of Quantity,9603304000,China,1995,number,"1,948,320","1,221,200","3,154,696","2,187,246","3,351,366","2,562,232","1,343,119","2,460,928","2,859,248","3,325,676","4,002,100","3,758,380"
1995,First Unit of Quantity,9603306000,China,1995,number,"3,201,886","2,245,606","3,249,206","3,828,420","5,159,101","4,295,220","4,717,788","5,970,365","4,811,162","6,936,962","5,598,808","3,947,422"
1995,First Unit of Quantity,9603402000,China,1995,number,"68,028",0,"93,144",0,0,0,"99,708","5,616","18,000",0,"36,863",0
1995,First Unit of Quantity,9603404020,China,1995,number,0,0,0,"48,240","61,056",0,0,"9,000",0,"93,392",0,0
1995,First Unit of Quantity,9603404040,China,1995,number,"1,140,641","1,115,487","1,431,352","377,392","214,800","674,592","1,008,760","1,222,152","2,208,984","530,574","222,704","318,192"
1995,First Unit of Quantity,9603404060,China,1995,number,"3,327,736","1,452,951","2,504,778","2,369,316","3,948,332","2,135,330","2,868,682","3,234,481","5,880,895","2,168,650","2,608,570","3,440,316"
1995,First Unit of Quantity,9603500000,China,1995,number,"9,000","470,748","54,033","30,720","22,584","63,070","11,736","124,512","497,780","35,568","234,401","126,556"
1995,First Unit of Quantity,9603904000,China,1995,no units collected,0,0,0,0,0,0,0,0,0,0,0,0
1995,First Unit of Quantity,9603908010,China,1995,number,"56,940",0,0,0,0,0,0,"5,016",0,0,0,0
1995,First Unit of Quantity,9603908020,China,1995,number,0,0,0,0,0,0,0,0,0,0,"24,096",0
1995,First Unit of Quantity,9603908030,China,1995,number,0,"72,576",0,0,0,0,0,0,0,0,0,"81,792"
1995,First Unit of Quantity,9603908040,China,1995,number,0,0,0,0,"38,448","13,568",0,"35,632","55,880",0,0,0
1995,First Unit of Quantity,9603908050,China,1995,no units collected,0,0,0,0,0,0,0,0,0,0,0,0
1995,First Unit of Quantity,9604000000,China,1995,no units collected,0,0,0,0,0,0,0,0,0,0,0,0
1995,First Unit of Quantity,9605000000,China,1995,no units collected,0,0,0,0,0,0,0,0,0,0,0,0
1995,First Unit of Quantity,9606104000,China,1995,no units collected,0,0,0,0,0,0,0,0,0,0,0,0
1995,First Unit of Quantity,9606108000,China,1995,no units collected,0,0,0,0,0,0,0,0,0,0,0,0
1995,First Unit of Quantity,9606212000,China,1995,gross,"114,597","81,709","8,939","44,077","6,075","139,577",0,"7,762","1,482","18,141","7,336","7,476"
1995,First Unit of Quantity,9606214000,China,1995,gross,662,"11,358","1,640","3,460",0,"2,620",584,"4,589",0,"8,628","8,563","91,192"
1995,First Unit of Quantity,9606216000,China,1995,gross,"38,868","43,322","27,552","63,265","157,759","106,618","28,630","458,546","146,212","77,714","84,152","119,067"
1995,First Unit of Quantity,9606220000,China,1995,gross,"96,922","21,991","31,464","12,554","64,440","116,324","118,852","56,353","137,839","90,674","174,396","156,857"
1995,First Unit of Quantity,9606292000,China,1995,gross,0,0,0,0,502,0,0,0,0,0,"3,096",0
1995,First Unit of Quantity,9606294000,China,1995,gross,0,80,"5,114","5,076","17,476","5,481","15,626","19,250","10,000","2,750","67,347","38,823"
1995,First Unit of Quantity,9606296000,China,1995,gross,"41,299","162,381","5,611","3,072","4,052","1,885","57,315","220,671","5,500","4,160","2,611","8,146"
1995,First Unit of Quantity,9606308000,China,1995,no units collected,0,0,0,0,0,0,0,0,0,0,0,0
1995,First Unit of Quantity,9607110000,China,1995,number,"1,269,941","1,466,628","2,202,457","901,404","2,376,948","1,364,501","870,764","2,521,848","4,063,494","2,361,663","3,310,811","3,072,037"
1995,First Unit of Quantity,9607190020,China,1995,number,"1,831,707","88,905","2,632,441","1,297,344","324,110","621,990","830,424","2,433,741","730,101","873,410","1,696,465","963,831"
1995,First Unit of Quantity,9607190040,China,1995,number,0,"151,000",0,"16,000",0,0,0,0,0,0,0,0
1995,First Unit of Quantity,9607190060,China,1995,number,"327,000","468,926","896,500","121,600","1,964,900","338,000","48,000","2,226,415","115,600","2,094,300","2,540,308","65,545"
1995,First Unit of Quantity,9607200040,China,1995,thousand units,"8,708",0,"3,001",535,730,829,"1,893","2,568","1,141",97,"1,372",748
1995,First Unit of Quantity,9607200080,China,1995,no units collected,0,0,0,0,0,0,0,0,0,0,0,0
1995,First Unit of Quantity,9608100000,China,1995,number,"2,721,768","1,619,949","1,533,721","2,220,638","3,122,313","7,183,125","7,971,128","4,706,594","4,740,861","3,960,538","3,599,776","2,934,501"
1995,First Unit of Quantity,9608200000,China,1995,gross,"43,627","33,025","56,703","89,796","26,735","41,267","27,864","106,752","78,965","54,899","18,196","21,338"
1995,First Unit of Quantity,9608390000,China,1995,number,"226,016","160,904","114,768","245,154","221,700","285,492","88,064","43,164","57,935","406,850","159,193","407,256"
1995,First Unit of Quantity,9608404000,China,1995,gross,807,416,724,43,775,3,"4,489","3,897",792,659,"1,124","1,114"
1995,First Unit of Quantity,9608408000,China,1995,gross,500,404,0,"4,408",150,"1,202","6,053","3,851",615,"11,544","1,793","4,857"
1995,First Unit of Quantity,9608500000,China,1995,number,0,0,0,0,0,0,0,0,480,0,120,"5,904"
1995,First Unit of Quantity,9608600000,China,1995,number,0,0,0,0,0,0,"8,488",0,0,"10,000","7,992",0
1995,First Unit of Quantity,9608910000,China,1995,gross,0,0,0,0,107,15,0,0,0,"1,389","1,806","8,233"
1995,First Unit of Quantity,9608992000,China,1995,number,0,0,0,0,0,0,0,0,"100,000",0,0,"101,500"
1995,First Unit of Quantity,9608993000,China,1995,thousand units,0,0,0,0,12,0,0,0,173,0,"30,000",484
1995,First Unit of Quantity,9608994000,China,1995,number,0,0,800,"100,850",400,"30,600",0,"2,880","25,000",0,456,0
1995,First Unit of Quantity,9608996000,China,1995,no units collected,0,0,0,0,0,0,0,0,0,0,0,0
1995,First Unit of Quantity,9609100000,China,1995,gross,"65,764","43,659","54,667","96,993","245,311","299,795","375,312","180,159","89,344","151,808","83,385","115,072"
1995,First Unit of Quantity,9609202000,China,1995,gross,0,0,0,"164,774",0,0,"2,000",770,100,150,"3,840",750
1995,First Unit of Quantity,9609204000,China,1995,gross,"196,824",0,0,"152,400","89,400","82,560","82,560","201,828","101,320","433,095","273,880","549,373"
1995,First Unit of Quantity,9609904000,China,1995,kilograms,0,0,0,0,800,"1,150",0,0,320,0,0,0
1995,First Unit of Quantity,9609908000,China,1995,gross,"200,840","93,709","92,397","220,162","300,356","278,654","169,616","232,594","156,695","384,499","177,858","80,703"
1995,First Unit of Quantity,9610000000,China,1995,no units collected,0,0,0,0,0,0,0,0,0,0,0,0
1995,First Unit of Quantity,9611000000,China,1995,no units collected,0,0,0,0,0,0,0,0,0,0,0,0
1995,First Unit of Quantity,9612101010,China,1995,dozens,"20,027","14,709","24,583","10,934","21,529","29,021","31,086","28,788","26,495","22,914","43,809","21,303"
1995,First Unit of Quantity,9612101020,China,1995,dozens,"1,749","1,657","6,887","4,694","5,403","3,044","7,269","3,500","1,712","1,444","3,381",761
1995,First Unit of Quantity,9612109030,China,1995,dozens,2,0,0,0,0,0,0,0,0,121,424,658
1995,First Unit of Quantity,9612109090,China,1995,dozens,0,0,0,21,0,0,0,0,"1,334",998,"1,127",400
1995,First Unit of Quantity,9612200000,China,1995,no units collected,0,0,0,0,0,0,0,0,0,0,0,0
1995,First Unit of Quantity,9613100000,China,1995,number,"1,800,000","2,788,300","4,337,200","10,598,492","7,987,000","48,449,000","24,184,228","17,128,555","27,635,400","27,152,928","28,197,200","25,919,400"
1995,First Unit of Quantity,9613200000,China,1995,number,"1,584,228","1,701,096","307,320","250,608","110,850","71,696","193,220","235,320","759,180","364,864","257,404","414,400"
1995,First Unit of Quantity,9613300040,China,1995,number,"12,015","84,000","19,200","2,500",0,0,"60,000","48,864",0,"227,280","246,000","39,400"
1995,First Unit of Quantity,9613300080,China,1995,number,"13,200","358,320","297,000",0,"332,000",0,"371,440","396,440","210,000","2,040","2,000",0
1995,First Unit of Quantity,9613802000,China,1995,number,"319,928",0,"287,196","814,584","566,444","131,960","622,308","1,146,284","296,880","532,200","281,544","472,536"
1995,First Unit of Quantity,9613806000,China,1995,dozens,"12,092","139,900","8,500","9,504","6,120","9,682","40,260","46,180",0,"221,334","113,633","130,310"
1995,First Unit of Quantity,9613808000,China,1995,dozens,"24,192",0,"7,536","18,090","23,975","16,499","12,628","6,364","4,910","6,664","15,880","17,940"
1995,First Unit of Quantity,9613904000,China,1995,no units collected,0,0,0,0,0,0,0,0,0,0,0,0
1995,First Unit of Quantity,9613908000,China,1995,no units collected,0,0,0,0,0,0,0,0,0,0,0,0
1995,First Unit of Quantity,9614204000,China,1995,number,0,0,"10,800",0,0,0,0,"12,000",0,0,"16,560",0
1995,First Unit of Quantity,9614208090,China,1995,number,0,0,0,"10,000",0,"5,370",0,0,0,0,0,0
1995,First Unit of Quantity,9614904000,China,1995,no units collected,0,0,0,0,0,0,0,0,0,0,0,0
1995,First Unit of Quantity,9615111000,China,1995,gross,"85,040","1,737","1,622","2,900","8,308","11,680","8,078","9,797","3,600","4,733","1,096","8,439"
1995,First Unit of Quantity,9615112000,China,1995,gross,"2,815",704,"1,105","1,809",927,"1,291",731,"3,138",619,"1,303","2,843","2,426"
1995,First Unit of Quantity,9615113000,China,1995,gross,"12,780","14,247","13,858","22,563","17,634","17,147","16,386","16,330","29,745","21,960","16,977","19,153"
1995,First Unit of Quantity,9615114000,China,1995,no units collected,0,0,0,0,0,0,0,0,0,0,0,0
1995,First Unit of Quantity,9615115000,China,1995,no units collected,0,0,0,0,0,0,0,0,0,0,0,0
1995,First Unit of Quantity,9615192000,China,1995,gross,"1,920","1,200",0,"1,200",900,0,"5,450",0,816,0,"1,875",0
1995,First Unit of Quantity,9615194000,China,1995,gross,"3,375","3,429","2,624",878,"3,736","4,660","3,237","2,808","2,965","6,278","9,617","4,363"
1995,First Unit of Quantity,9615196010,China,1995,kilograms,"254,294","196,266","137,933","194,797","215,596","250,900","311,693","183,640","151,533","201,032","135,283","191,572"
1995,First Unit of Quantity,9615196030,China,1995,no units collected,0,0,0,0,0,0,0,0,0,0,0,0
1995,First Unit of Quantity,9615902000,China,1995,no units collected,0,0,0,0,0,0,0,0,0,0,0,0
1995,First Unit of Quantity,9615903000,China,1995,kilograms,"22,787","16,848","3,213","19,786","12,715","43,704","5,193","15,542","33,354","6,152","29,601","30,982"
1995,First Unit of Quantity,9615904000,China,1995,no units collected,0,0,0,0,0,0,0,0,0,0,0,0
1995,First Unit of Quantity,9615906000,China,1995,no units collected,0,0,0,0,0,0,0,0,0,0,0,0
1995,First Unit of Quantity,9616100000,China,1995,no units collected,0,0,0,0,0,0,0,0,0,0,0,0
1995,First Unit of Quantity,9616200000,China,1995,kilograms,"6,192","10,554","5,810","4,422","14,062","21,647","62,468","14,414","6,021","17,570","4,603","8,341"
1995,First Unit of Quantity,9617001000,China,1995,number,"92,172","69,678","59,220","62,482","160,545","43,950","131,656","83,574","78,279","111,588","77,100","34,964"
1995,First Unit of Quantity,9617003000,China,1995,number,"25,008","17,304","19,468","27,600","18,840","40,828","20,404","42,756","37,280","26,300","7,565","18,896"
1995,First Unit of Quantity,9617004000,China,1995,number,0,0,900,0,0,0,"2,100",600,0,"1,980",504,660
1995,First Unit of Quantity,9617006000,China,1995,no units collected,0,0,0,0,0,0,0,0,0,0,0,0
1995,First Unit of Quantity,9618000000,China,1995,no units collected,0,0,0,0,0,0,0,0,0,0,0,0
1995,First Unit of Quantity,9701100000,China,1995,no units collected,0,0,0,0,0,0,0,0,0,0,0,0
1995,First Unit of Quantity,9701900000,China,1995,no units collected,0,0,0,0,0,0,0,0,0,0,0,0
1995,First Unit of Quantity,9702000000,China,1995,no units collected,0,0,0,0,0,0,0,0,0,0,0,0
1995,First Unit of Quantity,9703000000,China,1995,no units collected,0,0,0,0,0,0,0,0,0,0,0,0
1995,First Unit of Quantity,9704000000,China,1995,no units collected,0,0,0,0,0,0,0,0,0,0,0,0
1995,First Unit of Quantity,9705000060,China,1995,no units collected,0,0,0,0,0,0,0,0,0,0,0,0
1995,First Unit of Quantity,9705000090,China,1995,no units collected,0,0,0,0,0,0,0,0,0,0,0,0
1995,First Unit of Quantity,9706000020,China,1995,no units collected,0,0,0,0,0,0,0,0,0,0,0,0
1995,First Unit of Quantity,9706000040,China,1995,no units collected,0,0,0,0,0,0,0,0,0,0,0,0
1995,First Unit of Quantity,9706000060,China,1995,no units collected,0,0,0,0,0,0,0,0,0,0,0,0
1995,First Unit of Quantity,9801001026,China,1995,kilograms,0,"34,484",0,0,0,0,0,0,0,0,0,0
1995,First Unit of Quantity,9801001082,China,1995,no units collected,0,0,0,0,0,0,0,0,0,0,0,0
1995,First Unit of Quantity,9801001084,China,1995,no units collected,0,0,0,0,0,0,0,0,0,0,0,0
1995,First Unit of Quantity,9801001085,China,1995,no units collected,0,0,0,0,0,0,0,0,0,0,0,0
1995,First Unit of Quantity,9801001087,China,1995,no units collected,0,0,0,0,0,0,0,0,0,0,0,0
1995,First Unit of Quantity,9801001088,China,1995,no units collected,0,0,0,0,0,0,0,0,0,0,0,0
1995,First Unit of Quantity,9801001090,China,1995,no units collected,0,0,0,0,0,0,0,0,0,0,0,0
1995,First Unit of Quantity,9801001098,China,1995,no units collected,0,0,0,0,0,0,0,0,0,0,0,0
1995,First Unit of Quantity,9801002000,China,1995,no units collected,0,0,0,0,0,0,0,0,0,0,0,0
1995,First Unit of Quantity,9801002500,China,1995,no units collected,0,0,0,0,0,0,0,0,0,0,0,0
1995,First Unit of Quantity,9802002000,China,1995,no units collected,0,0,0,0,0,0,0,0,0,0,0,0
1995,First Unit of Quantity,9802005060,China,1995,no units collected,0,0,0,0,0,0,0,0,0,0,0,0
1995,First Unit of Quantity,9808006000,China,1995,no units collected,0,0,0,0,0,0,0,0,0,0,0,0
1995,First Unit of Quantity,9810000500,China,1995,no units collected,0,0,0,0,0,0,0,0,0,0,0,0
1995,First Unit of Quantity,9810001500,China,1995,no units collected,0,0,0,0,0,0,0,0,0,0,0,0
1995,First Unit of Quantity,9810002500,China,1995,no units collected,0,0,0,0,0,0,0,0,0,0,0,0
1995,First Unit of Quantity,9810003500,China,1995,no units collected,0,0,0,0,0,0,0,0,0,0,0,0
1995,First Unit of Quantity,9810004000,China,1995,no units collected,0,0,0,0,0,0,0,0,0,0,0,0
1995,First Unit of Quantity,9810005500,China,1995,no units collected,0,0,0,0,0,0,0,0,0,0,0,0
1995,First Unit of Quantity,9810009000,China,1995,no units collected,0,0,0,0,0,0,0,0,0,0,0,0
1995,First Unit of Quantity,9812002000,China,1995,no units collected,0,0,0,0,0,0,0,0,0,0,0,0
1995,First Unit of Quantity,9817004800,China,1995,no units collected,0,0,0,0,0,0,0,0,0,0,0,0
1995,First Unit of Quantity,9817005000,China,1995,no units collected,0,0,0,0,0,0,0,0,0,0,0,0
1995,First Unit of Quantity,9817006000,China,1995,no units collected,0,0,0,0,0,0,0,0,0,0,0,0
1995,First Unit of Quantity,9999950000,China,1995,no units collected,0,0,0,0,0,0,0,0,0,0,0,0
